disaster_number,state,year_month,incident_type,declaration_type,incident_begin_date
13,AK,1953-10,Other,DR,1953-10-30 00:00:00+00:00
31,AK,1954-11,Other,DR,1954-11-10 00:00:00+00:00
46,AK,1955-12,Other,DR,1955-12-22 00:00:00+00:00
168,AK,1964-03,Earthquake,DR,1964-03-28 00:00:00+00:00
230,AK,1967-08,Flood,DR,1967-08-17 00:00:00+00:00
281,AK,1969-12,Severe Storm,DR,1969-12-19 00:00:00+00:00
2001,AK,1970-06,Fire,FM,1970-06-26 00:00:00+00:00
2005,AK,1971-06,Fire,FM,1971-06-18 00:00:00+00:00
2004,AK,1971-06,Fire,FM,1971-06-11 00:00:00+00:00
2006,AK,1973-05,Fire,FM,1973-05-24 00:00:00+00:00
408,AK,1973-11,Flood,DR,1973-11-07 00:00:00+00:00
444,AK,1974-06,Freezing,DR,1974-06-24 00:00:00+00:00
3003,AK,1974-09,Other,EM,1974-09-14 00:00:00+00:00
452,AK,1974-11,Flood,DR,1974-11-14 00:00:00+00:00
493,AK,1975-12,Fire,DR,1975-12-18 00:00:00+00:00
781,AK,1986-09,Flood,DR,1986-09-20 00:00:00+00:00
782,AK,1986-10,Flood,DR,1986-10-10 00:00:00+00:00
813,AK,1988-02,Fire,DR,1988-02-10 00:00:00+00:00
826,AK,1989-01,Freezing,DR,1989-01-15 00:00:00+00:00
832,AK,1989-05,Flood,DR,1989-05-01 00:00:00+00:00
2074,AK,1990-07,Fire,FM,1990-07-01 00:00:00+00:00
909,AK,1991-04,Snowstorm,DR,1991-04-15 00:00:00+00:00
2078,AK,1991-07,Fire,FM,1991-07-01 00:00:00+00:00
1039,AK,1994-08,Severe Storm,DR,1994-08-08 00:00:00+00:00
1072,AK,1995-09,Flood,DR,1995-09-18 00:00:00+00:00
2180,AK,1996-06,Fire,FM,1996-06-02 00:00:00+00:00
1119,AK,1996-06,Fire,DR,1996-06-02 00:00:00+00:00
1316,AK,1999-12,Severe Storm,DR,1999-12-21 00:00:00+00:00
2365,AK,2001-06,Fire,FM,2001-06-29 00:00:00+00:00
1423,AK,2002-04,Flood,DR,2002-04-27 00:00:00+00:00
1445,AK,2002-10,Severe Storm,DR,2002-10-23 00:00:00+00:00
1440,AK,2002-11,Earthquake,DR,2002-11-03 00:00:00+00:00
1461,AK,2003-03,Severe Storm,DR,2003-03-06 00:00:00+00:00
2525,AK,2004-06,Fire,FM,2004-06-26 00:00:00+00:00
2542,AK,2004-07,Fire,FM,2004-07-14 00:00:00+00:00
2551,AK,2004-08,Fire,FM,2004-08-09 00:00:00+00:00
1571,AK,2004-10,Severe Storm,DR,2004-10-18 00:00:00+00:00
1584,AK,2005-01,Severe Storm,DR,2005-01-07 00:00:00+00:00
1618,AK,2005-09,Severe Storm,DR,2005-09-22 00:00:00+00:00
1657,AK,2006-05,Flood,DR,2006-05-13 00:00:00+00:00
2641,AK,2006-06,Fire,FM,2006-06-07 00:00:00+00:00
1666,AK,2006-08,Fire,DR,2006-08-03 00:00:00+00:00
1663,AK,2006-08,Severe Storm,DR,2006-08-15 00:00:00+00:00
1669,AK,2006-10,Severe Storm,DR,2006-10-08 00:00:00+00:00
2699,AK,2007-06,Fire,FM,2007-06-21 00:00:00+00:00
1796,AK,2008-07,Severe Storm,DR,2008-07-27 00:00:00+00:00
1843,AK,2009-04,Flood,DR,2009-04-28 00:00:00+00:00
2820,AK,2009-05,Fire,FM,2009-05-12 00:00:00+00:00
1865,AK,2009-10,Severe Storm,DR,2009-10-06 00:00:00+00:00
2909,AK,2011-05,Fire,FM,2011-05-20 00:00:00+00:00
1992,AK,2011-05,Flood,DR,2011-05-08 00:00:00+00:00
4054,AK,2011-11,Severe Storm,DR,2011-11-15 00:00:00+00:00
4050,AK,2011-11,Severe Storm,DR,2011-11-08 00:00:00+00:00
4094,AK,2012-09,Severe Storm,DR,2012-09-15 00:00:00+00:00
4122,AK,2013-05,Flood,DR,2013-05-17 00:00:00+00:00
4161,AK,2013-10,Flood,DR,2013-10-27 00:00:00+00:00
4162,AK,2013-11,Severe Storm,DR,2013-11-05 00:00:00+00:00
5085,AK,2015-06,Fire,FM,2015-06-15 00:00:00+00:00
5084,AK,2015-06,Fire,FM,2015-06-15 00:00:00+00:00
4244,AK,2015-08,Coastal Storm,DR,2015-08-27 00:00:00+00:00
4257,AK,2015-12,Severe Storm,DR,2015-12-12 00:00:00+00:00
4351,AK,2017-09,Severe Storm,DR,2017-09-28 00:00:00+00:00
4369,AK,2017-12,Coastal Storm,DR,2017-12-04 00:00:00+00:00
4391,AK,2018-05,Flood,DR,2018-05-11 00:00:00+00:00
4413,AK,2018-11,Earthquake,DR,2018-11-30 00:00:00+00:00
3410,AK,2018-11,Earthquake,EM,2018-11-30 00:00:00+00:00
5282,AK,2019-06,Fire,FM,2019-06-21 00:00:00+00:00
5290,AK,2019-08,Fire,FM,2019-08-17 00:00:00+00:00
5287,AK,2019-08,Fire,FM,2019-08-17 00:00:00+00:00
4533,AK,2020-01,Biological,DR,2020-01-20 00:00:00+00:00
3446,AK,2020-01,Biological,EM,2020-01-20 00:00:00+00:00
4585,AK,2020-11,Mud/Landslide,DR,2020-11-30 00:00:00+00:00
4638,AK,2021-10,Severe Storm,DR,2021-10-29 00:00:00+00:00
4648,AK,2021-12,Severe Storm,DR,2021-12-25 00:00:00+00:00
4646,AK,2022-01,Severe Storm,DR,2022-01-01 00:00:00+00:00
4667,AK,2022-05,Flood,DR,2022-05-08 00:00:00+00:00
4661,AK,2022-05,Mud/Landslide,DR,2022-05-07 00:00:00+00:00
5442,AK,2022-06,Fire,FM,2022-06-21 00:00:00+00:00
4672,AK,2022-09,Severe Storm,DR,2022-09-15 00:00:00+00:00
4730,AK,2023-05,Flood,DR,2023-05-12 00:00:00+00:00
5473,AK,2023-08,Fire,FM,2023-08-02 00:00:00+00:00
4767,AK,2023-11,Mud/Landslide,DR,2023-11-20 00:00:00+00:00
4763,AK,2023-11,Mud/Landslide,DR,2023-11-20 00:00:00+00:00
4836,AK,2024-08,Flood,DR,2024-08-05 00:00:00+00:00
4846,AK,2024-08,Mud/Landslide,DR,2024-08-25 00:00:00+00:00
4857,AK,2024-08,Severe Storm,DR,2024-08-15 00:00:00+00:00
4853,AK,2024-08,Severe Storm,DR,2024-08-16 00:00:00+00:00
4859,AK,2024-10,Severe Storm,DR,2024-10-20 00:00:00+00:00
5596,AK,2025-06,Fire,FM,2025-06-21 00:00:00+00:00
5595,AK,2025-06,Fire,FM,2025-06-22 00:00:00+00:00
5597,AK,2025-07,Fire,FM,2025-07-04 00:00:00+00:00
4912,AK,2025-10,Flood,DR,2025-10-08 00:00:00+00:00
4893,AK,2025-10,Flood,DR,2025-10-08 00:00:00+00:00
4904,AK,2025-12,Winter Storm,DR,2025-12-06 00:00:00+00:00
109,AL,1961-02,Flood,DR,1961-02-27 00:00:00+00:00
280,AL,1969-11,Hurricane,DR,1969-11-07 00:00:00+00:00
285,AL,1970-04,Severe Storm,DR,1970-04-09 00:00:00+00:00
369,AL,1973-03,Tornado,DR,1973-03-27 00:00:00+00:00
388,AL,1973-05,Flood,DR,1973-05-29 00:00:00+00:00
422,AL,1974-04,Tornado,DR,1974-04-04 00:00:00+00:00
3007,AL,1975-01,Tornado,EM,1975-01-18 00:00:00+00:00
458,AL,1975-03,Flood,DR,1975-03-14 00:00:00+00:00
464,AL,1975-04,Flood,DR,1975-04-23 00:00:00+00:00
488,AL,1975-10,Severe Storm,DR,1975-10-02 00:00:00+00:00
532,AL,1977-04,Flood,DR,1977-04-09 00:00:00+00:00
3045,AL,1977-07,Drought,EM,1977-07-20 00:00:00+00:00
3064,AL,1978-04,Tornado,EM,1978-04-24 00:00:00+00:00
563,AL,1978-08,Flood,DR,1978-08-09 00:00:00+00:00
3074,AL,1979-03,Flood,EM,1979-03-17 00:00:00+00:00
578,AL,1979-04,Flood,DR,1979-04-18 00:00:00+00:00
598,AL,1979-09,Hurricane,DR,1979-09-13 00:00:00+00:00
619,AL,1980-04,Severe Storm,DR,1980-04-20 00:00:00+00:00
638,AL,1981-04,Severe Storm,DR,1981-04-10 00:00:00+00:00
639,AL,1981-05,Flood,DR,1981-05-14 00:00:00+00:00
695,AL,1983-12,Severe Storm,DR,1983-12-02 00:00:00+00:00
3088,AL,1984-05,Tornado,EM,1984-05-11 00:00:00+00:00
742,AL,1985-08,Hurricane,DR,1985-08-29 00:00:00+00:00
848,AL,1989-11,Tornado,DR,1989-11-15 00:00:00+00:00
856,AL,1990-02,Severe Storm,DR,1990-02-03 00:00:00+00:00
861,AL,1990-03,Severe Storm,DR,1990-03-15 00:00:00+00:00
890,AL,1990-12,Flood,DR,1990-12-21 00:00:00+00:00
3096,AL,1993-03,Snowstorm,EM,1993-03-13 00:00:00+00:00
1013,AL,1994-01,Severe Storm,DR,1994-01-16 00:00:00+00:00
1019,AL,1994-03,Severe Storm,DR,1994-03-27 00:00:00+00:00
1034,AL,1994-07,Severe Storm,DR,1994-07-02 00:00:00+00:00
1047,AL,1995-02,Severe Storm,DR,1995-02-15 00:00:00+00:00
1070,AL,1995-10,Hurricane,DR,1995-10-04 00:00:00+00:00
1104,AL,1996-02,Severe Storm,DR,1996-02-01 00:00:00+00:00
1108,AL,1996-03,Severe Storm,DR,1996-03-05 00:00:00+00:00
1185,AL,1997-07,Severe Storm,DR,1997-07-17 00:00:00+00:00
1208,AL,1998-03,Severe Storm,DR,1998-03-07 00:00:00+00:00
1214,AL,1998-04,Severe Storm,DR,1998-04-08 00:00:00+00:00
3133,AL,1998-09,Hurricane,EM,1998-09-28 00:00:00+00:00
2283,AL,1998-09,Fire,FM,1998-09-16 00:00:00+00:00
1250,AL,1998-09,Hurricane,DR,1998-09-25 00:00:00+00:00
1261,AL,1998-12,Severe Storm,DR,1998-12-23 00:00:00+00:00
2281,AL,1999-09,Fire,FM,1999-09-15 00:00:00+00:00
2280,AL,1999-09,Fire,FM,1999-09-17 00:00:00+00:00
2279,AL,1999-09,Fire,FM,1999-09-17 00:00:00+00:00
2278,AL,1999-09,Fire,FM,1999-09-17 00:00:00+00:00
2277,AL,1999-09,Fire,FM,1999-09-10 00:00:00+00:00
2276,AL,1999-09,Fire,FM,1999-09-15 00:00:00+00:00
1317,AL,2000-01,Severe Storm,DR,2000-01-22 00:00:00+00:00
1322,AL,2000-03,Severe Storm,DR,2000-03-10 00:00:00+00:00
2339,AL,2000-09,Fire,FM,2000-09-15 00:00:00+00:00
1352,AL,2000-12,Severe Storm,DR,2000-12-16 00:00:00+00:00
1362,AL,2001-02,Severe Storm,DR,2001-02-16 00:00:00+00:00
2395,AL,2001-11,Fire,FM,2001-11-20 00:00:00+00:00
1399,AL,2001-11,Severe Storm,DR,2001-11-24 00:00:00+00:00
1438,AL,2002-09,Hurricane,DR,2002-09-23 00:00:00+00:00
1442,AL,2002-11,Severe Storm,DR,2002-11-05 00:00:00+00:00
1466,AL,2003-05,Severe Storm,DR,2003-05-05 00:00:00+00:00
1549,AL,2004-09,Hurricane,DR,2004-09-13 00:00:00+00:00
1593,AL,2005-07,Hurricane,DR,2005-07-10 00:00:00+00:00
3237,AL,2005-08,Hurricane,EM,2005-08-29 00:00:00+00:00
3214,AL,2005-08,Hurricane,EM,2005-08-28 00:00:00+00:00
1605,AL,2005-08,Hurricane,DR,2005-08-29 00:00:00+00:00
1687,AL,2007-03,Severe Storm,DR,2007-03-01 00:00:00+00:00
3292,AL,2008-08,Hurricane,EM,2008-08-29 00:00:00+00:00
1789,AL,2008-08,Hurricane,DR,2008-08-29 00:00:00+00:00
1797,AL,2008-09,Severe Storm,DR,2008-09-12 00:00:00+00:00
1835,AL,2009-03,Severe Storm,DR,2009-03-25 00:00:00+00:00
1836,AL,2009-04,Severe Storm,DR,2009-04-10 00:00:00+00:00
1842,AL,2009-05,Severe Storm,DR,2009-05-06 00:00:00+00:00
1866,AL,2009-11,Hurricane,DR,2009-11-09 00:00:00+00:00
1870,AL,2009-12,Severe Storm,DR,2009-12-12 00:00:00+00:00
1908,AL,2010-04,Severe Storm,DR,2010-04-24 00:00:00+00:00
3319,AL,2011-04,Severe Storm,EM,2011-04-27 00:00:00+00:00
1971,AL,2011-04,Severe Storm,DR,2011-04-15 00:00:00+00:00
4052,AL,2012-01,Severe Storm,DR,2012-01-22 00:00:00+00:00
4082,AL,2012-08,Hurricane,DR,2012-08-26 00:00:00+00:00
4176,AL,2014-04,Severe Storm,DR,2014-04-28 00:00:00+00:00
4251,AL,2015-12,Severe Storm,DR,2015-12-23 00:00:00+00:00
3389,AL,2017-09,Hurricane,EM,2017-09-08 00:00:00+00:00
4349,AL,2017-10,Hurricane,DR,2017-10-06 00:00:00+00:00
3394,AL,2017-10,Hurricane,EM,2017-10-06 00:00:00+00:00
4362,AL,2018-03,Severe Storm,DR,2018-03-19 00:00:00+00:00
4406,AL,2018-10,Hurricane,DR,2018-10-10 00:00:00+00:00
3407,AL,2018-10,Hurricane,EM,2018-10-10 00:00:00+00:00
4426,AL,2019-02,Severe Storm,DR,2019-02-19 00:00:00+00:00
4419,AL,2019-03,Tornado,DR,2019-03-03 00:00:00+00:00
4591,AL,2020-01,Biological,DR,2020-01-20 00:00:00+00:00
4503,AL,2020-01,Biological,DR,2020-01-20 00:00:00+00:00
3528,AL,2020-01,Biological,EM,2020-01-20 00:00:00+00:00
3472,AL,2020-01,Biological,EM,2020-01-20 00:00:00+00:00
4546,AL,2020-02,Severe Storm,DR,2020-02-05 00:00:00+00:00
4555,AL,2020-04,Severe Storm,DR,2020-04-12 00:00:00+00:00
4554,AL,2020-04,Severe Storm,DR,2020-04-19 00:00:00+00:00
4563,AL,2020-09,Hurricane,DR,2020-09-14 00:00:00+00:00
3545,AL,2020-09,Hurricane,EM,2020-09-14 00:00:00+00:00
4573,AL,2020-10,Hurricane,DR,2020-10-28 00:00:00+00:00
4596,AL,2021-03,Severe Storm,DR,2021-03-25 00:00:00+00:00
4632,AL,2021-10,Severe Storm,DR,2021-10-06 00:00:00+00:00
4684,AL,2023-01,Severe Storm,DR,2023-01-12 00:00:00+00:00
4710,AL,2023-03,Severe Storm,DR,2023-03-24 00:00:00+00:00
3618,AL,2024-09,Hurricane,EM,2024-09-22 00:00:00+00:00
77,AR,1957-05,Tornado,DR,1957-05-29 00:00:00+00:00
83,AR,1958-05,Flood,DR,1958-05-15 00:00:00+00:00
102,AR,1960-05,Tornado,DR,1960-05-28 00:00:00+00:00
112,AR,1961-05,Flood,DR,1961-05-16 00:00:00+00:00
157,AR,1963-08,Flood,DR,1963-08-02 00:00:00+00:00
166,AR,1964-03,Flood,DR,1964-03-20 00:00:00+00:00
239,AR,1968-05,Tornado,DR,1968-05-29 00:00:00+00:00
236,AR,1968-05,Tornado,DR,1968-05-03 00:00:00+00:00
254,AR,1969-02,Flood,DR,1969-02-15 00:00:00+00:00
321,AR,1972-01,Flood,DR,1972-01-27 00:00:00+00:00
375,AR,1973-04,Flood,DR,1973-04-27 00:00:00+00:00
389,AR,1973-05,Flood,DR,1973-05-29 00:00:00+00:00
435,AR,1974-05,Flood,DR,1974-05-31 00:00:00+00:00
437,AR,1974-06,Flood,DR,1974-06-08 00:00:00+00:00
463,AR,1975-04,Tornado,DR,1975-04-01 00:00:00+00:00
471,AR,1975-06,Flood,DR,1975-06-07 00:00:00+00:00
498,AR,1976-04,Tornado,DR,1976-04-01 00:00:00+00:00
3019,AR,1976-12,Drought,EM,1976-12-03 00:00:00+00:00
3054,AR,1978-01,Tornado,EM,1978-01-20 00:00:00+00:00
3062,AR,1978-04,Tornado,EM,1978-04-22 00:00:00+00:00
564,AR,1978-09,Flood,DR,1978-09-15 00:00:00+00:00
574,AR,1979-04,Tornado,DR,1979-04-11 00:00:00+00:00
617,AR,1980-04,Tornado,DR,1980-04-16 00:00:00+00:00
3085,AR,1982-04,Tornado,EM,1982-04-23 00:00:00+00:00
673,AR,1982-12,Severe Storm,DR,1982-12-13 00:00:00+00:00
688,AR,1983-07,Flood,DR,1983-07-02 00:00:00+00:00
807,AR,1987-12,Flood,DR,1987-12-24 00:00:00+00:00
806,AR,1987-12,Tornado,DR,1987-12-14 00:00:00+00:00
817,AR,1988-11,Tornado,DR,1988-11-15 00:00:00+00:00
865,AR,1990-05,Flood,DR,1990-05-01 00:00:00+00:00
907,AR,1991-04,Flood,DR,1991-04-12 00:00:00+00:00
950,AR,1992-06,Severe Storm,DR,1992-06-14 00:00:00+00:00
1011,AR,1994-02,Snowstorm,DR,1994-02-09 00:00:00+00:00
1111,AR,1996-04,Severe Storm,DR,1996-04-21 00:00:00+00:00
1162,AR,1997-03,Severe Storm,DR,1997-03-01 00:00:00+00:00
1176,AR,1997-04,Flood,DR,1997-04-04 00:00:00+00:00
3125,AR,1998-04,Tornado,EM,1998-04-16 00:00:00+00:00
1266,AR,1999-01,Severe Storm,DR,1999-01-21 00:00:00+00:00
3159,AR,2000-12,Severe Ice Storm,EM,2000-12-12 00:00:00+00:00
1354,AR,2000-12,Severe Ice Storm,DR,2000-12-12 00:00:00+00:00
1363,AR,2001-02,Severe Storm,DR,2001-02-14 00:00:00+00:00
1400,AR,2001-12,Severe Storm,DR,2001-12-15 00:00:00+00:00
1450,AR,2002-12,Severe Ice Storm,DR,2002-12-03 00:00:00+00:00
1472,AR,2003-05,Severe Storm,DR,2003-05-02 00:00:00+00:00
1516,AR,2004-04,Severe Storm,DR,2004-04-19 00:00:00+00:00
1528,AR,2004-05,Severe Storm,DR,2004-05-30 00:00:00+00:00
3215,AR,2005-08,Hurricane,EM,2005-08-29 00:00:00+00:00
1636,AR,2006-04,Severe Storm,DR,2006-04-01 00:00:00+00:00
1744,AR,2008-02,Severe Storm,DR,2008-02-05 00:00:00+00:00
1751,AR,2008-03,Severe Storm,DR,2008-03-18 00:00:00+00:00
1758,AR,2008-05,Severe Storm,DR,2008-05-02 00:00:00+00:00
1804,AR,2008-09,Severe Storm,DR,2008-09-13 00:00:00+00:00
1793,AR,2008-09,Hurricane,DR,2008-09-02 00:00:00+00:00
3301,AR,2009-01,Severe Ice Storm,EM,2009-01-26 00:00:00+00:00
1819,AR,2009-01,Severe Storm,DR,2009-01-26 00:00:00+00:00
1845,AR,2009-04,Severe Storm,DR,2009-04-27 00:00:00+00:00
1834,AR,2009-04,Tornado,DR,2009-04-09 00:00:00+00:00
1861,AR,2009-10,Severe Storm,DR,2009-10-29 00:00:00+00:00
1872,AR,2009-12,Severe Storm,DR,2009-12-23 00:00:00+00:00
1975,AR,2011-04,Severe Storm,DR,2011-04-14 00:00:00+00:00
4000,AR,2011-05,Severe Storm,DR,2011-05-24 00:00:00+00:00
4100,AR,2012-12,Severe Ice Storm,DR,2012-12-25 00:00:00+00:00
4124,AR,2013-05,Severe Storm,DR,2013-05-30 00:00:00+00:00
4143,AR,2013-08,Severe Storm,DR,2013-08-08 00:00:00+00:00
4160,AR,2013-12,Severe Ice Storm,DR,2013-12-05 00:00:00+00:00
4174,AR,2014-04,Severe Storm,DR,2014-04-27 00:00:00+00:00
4226,AR,2015-05,Severe Storm,DR,2015-05-07 00:00:00+00:00
4254,AR,2015-12,Severe Storm,DR,2015-12-26 00:00:00+00:00
4270,AR,2016-03,Severe Storm,DR,2016-03-08 00:00:00+00:00
4318,AR,2017-04,Severe Storm,DR,2017-04-26 00:00:00+00:00
4441,AR,2019-05,Flood,DR,2019-05-21 00:00:00+00:00
3414,AR,2019-05,Flood,EM,2019-05-21 00:00:00+00:00
4460,AR,2019-06,Flood,DR,2019-06-23 00:00:00+00:00
4518,AR,2020-01,Biological,DR,2020-01-20 00:00:00+00:00
3461,AR,2020-01,Biological,EM,2020-01-20 00:00:00+00:00
4544,AR,2020-03,Tornado,DR,2020-03-28 00:00:00+00:00
4556,AR,2020-04,Tornado,DR,2020-04-12 00:00:00+00:00
3541,AR,2020-08,Hurricane,EM,2020-08-26 00:00:00+00:00
4633,AR,2021-12,Tornado,DR,2021-12-10 00:00:00+00:00
4700,AR,2023-01,Winter Storm,DR,2023-01-30 00:00:00+00:00
4698,AR,2023-03,Severe Storm,DR,2023-03-31 00:00:00+00:00
4748,AR,2023-06,Severe Storm,DR,2023-06-25 00:00:00+00:00
4788,AR,2024-05,Severe Storm,DR,2024-05-24 00:00:00+00:00
4865,AR,2025-03,Severe Storm,DR,2025-03-14 00:00:00+00:00
4873,AR,2025-04,Flood,DR,2025-04-02 00:00:00+00:00
3627,AR,2025-04,Severe Storm,EM,2025-04-02 00:00:00+00:00
3636,AR,2026-01,Winter Storm,EM,2026-01-23 00:00:00+00:00
217,AZ,1966-04,Flood,DR,1966-04-30 00:00:00+00:00
294,AZ,1970-09,Flood,DR,1970-09-22 00:00:00+00:00
343,AZ,1972-07,Flood,DR,1972-07-03 00:00:00+00:00
360,AZ,1972-10,Flood,DR,1972-10-25 00:00:00+00:00
3038,AZ,1977-04,Drought,EM,1977-04-15 00:00:00+00:00
540,AZ,1977-11,Flood,DR,1977-11-04 00:00:00+00:00
551,AZ,1978-03,Flood,DR,1978-03-04 00:00:00+00:00
570,AZ,1978-12,Flood,DR,1978-12-21 00:00:00+00:00
614,AZ,1980-02,Flood,DR,1980-02-19 00:00:00+00:00
686,AZ,1983-06,Flood,DR,1983-06-16 00:00:00+00:00
691,AZ,1983-09,Flood,DR,1983-09-23 00:00:00+00:00
730,AZ,1985-01,Severe Storm,DR,1985-01-15 00:00:00+00:00
2073,AZ,1990-06,Fire,FM,1990-06-25 00:00:00+00:00
884,AZ,1990-07,Flood,DR,1990-07-08 00:00:00+00:00
977,AZ,1993-01,Flood,DR,1993-01-05 00:00:00+00:00
2088,AZ,1993-06,Fire,FM,1993-06-26 00:00:00+00:00
2087,AZ,1993-06,Fire,FM,1993-06-18 00:00:00+00:00
2086,AZ,1993-06,Fire,FM,1993-06-10 00:00:00+00:00
2089,AZ,1993-07,Fire,FM,1993-07-04 00:00:00+00:00
2093,AZ,1994-04,Fire,FM,1994-04-22 00:00:00+00:00
2097,AZ,1994-06,Fire,FM,1994-06-28 00:00:00+00:00
2096,AZ,1994-06,Fire,FM,1994-06-28 00:00:00+00:00
2095,AZ,1994-06,Fire,FM,1994-06-27 00:00:00+00:00
2094,AZ,1994-06,Fire,FM,1994-06-10 00:00:00+00:00
2113,AZ,1995-06,Fire,FM,1995-06-11 00:00:00+00:00
2114,AZ,1995-07,Fire,FM,1995-07-07 00:00:00+00:00
2176,AZ,1996-05,Fire,FM,1996-05-02 00:00:00+00:00
2182,AZ,1996-06,Fire,FM,1996-06-24 00:00:00+00:00
2181,AZ,1996-06,Fire,FM,1996-06-21 00:00:00+00:00
2263,AZ,1999-06,Fire,FM,1999-06-11 00:00:00+00:00
1304,AZ,1999-09,Severe Storm,DR,1999-09-14 00:00:00+00:00
1347,AZ,2000-10,Severe Storm,DR,2000-10-21 00:00:00+00:00
2400,AZ,2002-04,Fire,FM,2002-04-29 00:00:00+00:00
2406,AZ,2002-05,Fire,FM,2002-05-15 00:00:00+00:00
2430,AZ,2002-06,Fire,FM,2002-06-20 00:00:00+00:00
2429,AZ,2002-06,Fire,FM,2002-06-18 00:00:00+00:00
1422,AZ,2002-06,Fire,DR,2002-06-18 00:00:00+00:00
2439,AZ,2002-07,Fire,FM,2002-07-12 00:00:00+00:00
2471,AZ,2003-06,Fire,FM,2003-06-21 00:00:00+00:00
2470,AZ,2003-06,Fire,FM,2003-06-17 00:00:00+00:00
1477,AZ,2003-06,Fire,DR,2003-06-17 00:00:00+00:00
2478,AZ,2003-07,Fire,FM,2003-07-13 00:00:00+00:00
2523,AZ,2004-06,Fire,FM,2004-06-24 00:00:00+00:00
2520,AZ,2004-06,Fire,FM,2004-06-08 00:00:00+00:00
1581,AZ,2004-12,Severe Storm,DR,2004-12-28 00:00:00+00:00
1586,AZ,2005-02,Severe Storm,DR,2005-02-10 00:00:00+00:00
2558,AZ,2005-05,Fire,FM,2005-05-26 00:00:00+00:00
2562,AZ,2005-06,Fire,FM,2005-06-22 00:00:00+00:00
2561,AZ,2005-06,Fire,FM,2005-06-21 00:00:00+00:00
2560,AZ,2005-06,Fire,FM,2005-06-11 00:00:00+00:00
2559,AZ,2005-06,Fire,FM,2005-06-08 00:00:00+00:00
2570,AZ,2005-07,Fire,FM,2005-07-21 00:00:00+00:00
3241,AZ,2005-08,Hurricane,EM,2005-08-29 00:00:00+00:00
2645,AZ,2006-06,Fire,FM,2006-06-18 00:00:00+00:00
2643,AZ,2006-06,Fire,FM,2006-06-14 00:00:00+00:00
2642,AZ,2006-06,Fire,FM,2006-06-12 00:00:00+00:00
2640,AZ,2006-06,Fire,FM,2006-06-01 00:00:00+00:00
1660,AZ,2006-07,Severe Storm,DR,2006-07-25 00:00:00+00:00
2779,AZ,2008-06,Fire,FM,2008-06-29 00:00:00+00:00
2821,AZ,2009-05,Fire,FM,2009-05-18 00:00:00+00:00
2835,AZ,2009-08,Fire,FM,2009-08-30 00:00:00+00:00
2840,AZ,2009-10,Fire,FM,2009-10-02 00:00:00+00:00
3307,AZ,2010-01,Severe Storm,EM,2010-01-20 00:00:00+00:00
1888,AZ,2010-01,Severe Storm,DR,2010-01-18 00:00:00+00:00
2846,AZ,2010-06,Fire,FM,2010-06-20 00:00:00+00:00
2845,AZ,2010-06,Fire,FM,2010-06-19 00:00:00+00:00
1940,AZ,2010-07,Severe Storm,DR,2010-07-20 00:00:00+00:00
1950,AZ,2010-10,Severe Storm,DR,2010-10-03 00:00:00+00:00
2907,AZ,2011-05,Fire,FM,2011-05-08 00:00:00+00:00
2919,AZ,2011-06,Fire,FM,2011-06-12 00:00:00+00:00
2915,AZ,2011-06,Fire,FM,2011-06-01 00:00:00+00:00
4104,AZ,2012-12,Freezing,DR,2012-12-15 00:00:00+00:00
5032,AZ,2013-06,Fire,FM,2013-06-30 00:00:00+00:00
5029,AZ,2013-06,Fire,FM,2013-06-18 00:00:00+00:00
5033,AZ,2013-07,Fire,FM,2013-07-01 00:00:00+00:00
5083,AZ,2014-05,Fire,FM,2014-05-20 00:00:00+00:00
4203,AZ,2014-09,Flood,DR,2014-09-07 00:00:00+00:00
5086,AZ,2015-06,Fire,FM,2015-06-17 00:00:00+00:00
5095,AZ,2015-08,Fire,FM,2015-08-08 00:00:00+00:00
5125,AZ,2016-06,Fire,FM,2016-06-08 00:00:00+00:00
5186,AZ,2017-06,Fire,FM,2017-06-24 00:00:00+00:00
5183,AZ,2017-06,Fire,FM,2017-06-07 00:00:00+00:00
5188,AZ,2017-07,Fire,FM,2017-07-07 00:00:00+00:00
5236,AZ,2018-04,Fire,FM,2018-04-27 00:00:00+00:00
5238,AZ,2018-05,Fire,FM,2018-05-11 00:00:00+00:00
4389,AZ,2018-07,Flood,DR,2018-07-11 00:00:00+00:00
4409,AZ,2018-10,Severe Storm,DR,2018-10-01 00:00:00+00:00
4436,AZ,2019-02,Severe Storm,DR,2019-02-21 00:00:00+00:00
5284,AZ,2019-07,Fire,FM,2019-07-22 00:00:00+00:00
4582,AZ,2020-01,Biological,DR,2020-01-20 00:00:00+00:00
4524,AZ,2020-01,Biological,DR,2020-01-20 00:00:00+00:00
3442,AZ,2020-01,Biological,EM,2020-01-20 00:00:00+00:00
5310,AZ,2020-05,Fire,FM,2020-05-17 00:00:00+00:00
5311,AZ,2020-05,Fire,FM,2020-05-30 00:00:00+00:00
5313,AZ,2020-06,Fire,FM,2020-06-20 00:00:00+00:00
5315,AZ,2020-06,Fire,FM,2020-06-27 00:00:00+00:00
5314,AZ,2020-06,Fire,FM,2020-06-23 00:00:00+00:00
5312,AZ,2020-06,Fire,FM,2020-06-11 00:00:00+00:00
5340,AZ,2020-08,Fire,FM,2020-08-17 00:00:00+00:00
5385,AZ,2021-04,Fire,FM,2021-04-08 00:00:00+00:00
5387,AZ,2021-05,Fire,FM,2021-05-27 00:00:00+00:00
5389,AZ,2021-06,Fire,FM,2021-06-06 00:00:00+00:00
4620,AZ,2021-07,Flood,DR,2021-07-22 00:00:00+00:00
5434,AZ,2022-04,Fire,FM,2022-04-19 00:00:00+00:00
5435,AZ,2022-04,Fire,FM,2022-04-18 00:00:00+00:00
5441,AZ,2022-06,Fire,FM,2022-06-12 00:00:00+00:00
4668,AZ,2022-07,Severe Storm,DR,2022-07-17 00:00:00+00:00
4681,AZ,2022-10,Flood,DR,2022-10-01 00:00:00+00:00
4703,AZ,2023-01,Severe Storm,DR,2023-01-14 00:00:00+00:00
5466,AZ,2023-06,Fire,FM,2023-06-27 00:00:00+00:00
5493,AZ,2024-05,Fire,FM,2024-05-28 00:00:00+00:00
5496,AZ,2024-06,Fire,FM,2024-06-12 00:00:00+00:00
5501,AZ,2024-06,Fire,FM,2024-06-28 00:00:00+00:00
5508,AZ,2024-07,Fire,FM,2024-07-10 00:00:00+00:00
5505,AZ,2024-07,Fire,FM,2024-07-09 00:00:00+00:00
4833,AZ,2024-07,Fire,DR,2024-07-10 00:00:00+00:00
4840,AZ,2024-08,Flood,DR,2024-08-22 00:00:00+00:00
5585,AZ,2025-05,Fire,FM,2025-05-21 00:00:00+00:00
5584,AZ,2025-05,Fire,FM,2025-05-14 00:00:00+00:00
4911,AZ,2025-10,Severe Storm,DR,2025-10-10 00:00:00+00:00
15,CA,1954-02,Flood,DR,1954-02-05 00:00:00+00:00
47,CA,1955-12,Flood,DR,1955-12-23 00:00:00+00:00
65,CA,1956-12,Fire,DR,1956-12-29 00:00:00+00:00
82,CA,1958-04,Flood,DR,1958-04-04 00:00:00+00:00
119,CA,1961-11,Fire,DR,1961-11-16 00:00:00+00:00
122,CA,1962-03,Flood,DR,1962-03-06 00:00:00+00:00
138,CA,1962-10,Flood,DR,1962-10-24 00:00:00+00:00
145,CA,1963-02,Flood,DR,1963-02-25 00:00:00+00:00
161,CA,1963-12,Dam/Levee Break,DR,1963-12-21 00:00:00+00:00
169,CA,1964-04,Other,DR,1964-04-01 00:00:00+00:00
183,CA,1964-12,Flood,DR,1964-12-24 00:00:00+00:00
211,CA,1965-12,Flood,DR,1965-12-07 00:00:00+00:00
212,CA,1966-01,Flood,DR,1966-01-22 00:00:00+00:00
223,CA,1967-01,Flood,DR,1967-01-02 00:00:00+00:00
253,CA,1969-01,Flood,DR,1969-01-26 00:00:00+00:00
270,CA,1969-08,Flood,DR,1969-08-15 00:00:00+00:00
283,CA,1970-02,Flood,DR,1970-02-16 00:00:00+00:00
295,CA,1970-09,Fire,DR,1970-09-29 00:00:00+00:00
299,CA,1971-02,Earthquake,DR,1971-02-09 00:00:00+00:00
316,CA,1972-01,Flood,DR,1972-01-11 00:00:00+00:00
329,CA,1972-04,Flood,DR,1972-04-05 00:00:00+00:00
342,CA,1972-06,Flood,DR,1972-06-27 00:00:00+00:00
364,CA,1973-02,Flood,DR,1973-02-08 00:00:00+00:00
412,CA,1974-01,Flood,DR,1974-01-25 00:00:00+00:00
432,CA,1974-05,Flood,DR,1974-05-07 00:00:00+00:00
521,CA,1976-09,Flood,DR,1976-09-21 00:00:00+00:00
3023,CA,1977-01,Drought,EM,1977-01-20 00:00:00+00:00
2028,CA,1977-08,Fire,FM,1977-08-07 00:00:00+00:00
547,CA,1978-02,Flood,DR,1978-02-15 00:00:00+00:00
3067,CA,1978-10,Fire,EM,1978-10-29 00:00:00+00:00
566,CA,1978-10,Flood,DR,1978-10-09 00:00:00+00:00
594,CA,1979-07,Flood,DR,1979-07-27 00:00:00+00:00
609,CA,1979-10,Earthquake,DR,1979-10-19 00:00:00+00:00
615,CA,1980-01,Flood,DR,1980-01-08 00:00:00+00:00
3078,CA,1980-02,Coastal Storm,EM,1980-02-01 00:00:00+00:00
633,CA,1980-10,Flood,DR,1980-10-02 00:00:00+00:00
635,CA,1980-11,Fire,DR,1980-11-27 00:00:00+00:00
651,CA,1981-12,Flood,DR,1981-12-19 00:00:00+00:00
657,CA,1982-04,Fire,DR,1982-04-24 00:00:00+00:00
669,CA,1982-08,Flood,DR,1982-08-23 00:00:00+00:00
677,CA,1983-01,Coastal Storm,DR,1983-01-21 00:00:00+00:00
682,CA,1983-05,Earthquake,DR,1983-05-05 00:00:00+00:00
687,CA,1983-06,Flood,DR,1983-06-16 00:00:00+00:00
690,CA,1983-08,Flood,DR,1983-08-15 00:00:00+00:00
739,CA,1985-06,Fire,DR,1985-06-26 00:00:00+00:00
2055,CA,1985-07,Fire,FM,1985-07-11 00:00:00+00:00
2054,CA,1985-07,Fire,FM,1985-07-11 00:00:00+00:00
758,CA,1986-02,Flood,DR,1986-02-12 00:00:00+00:00
2065,CA,1987-09,Fire,FM,1987-09-02 00:00:00+00:00
799,CA,1987-10,Earthquake,DR,1987-10-01 00:00:00+00:00
812,CA,1988-01,Flood,DR,1988-01-17 00:00:00+00:00
2071,CA,1988-09,Fire,FM,1988-09-13 00:00:00+00:00
815,CA,1988-09,Fire,DR,1988-09-11 00:00:00+00:00
845,CA,1989-10,Earthquake,DR,1989-10-17 00:00:00+00:00
872,CA,1990-06,Fire,DR,1990-06-26 00:00:00+00:00
894,CA,1990-12,Freezing,DR,1990-12-19 00:00:00+00:00
919,CA,1991-10,Fire,DR,1991-10-20 00:00:00+00:00
935,CA,1992-02,Flood,DR,1992-02-10 00:00:00+00:00
943,CA,1992-04,Earthquake,DR,1992-04-25 00:00:00+00:00
942,CA,1992-04,Fire,DR,1992-04-29 00:00:00+00:00
947,CA,1992-06,Earthquake,DR,1992-06-28 00:00:00+00:00
958,CA,1992-08,Fire,DR,1992-08-16 00:00:00+00:00
979,CA,1993-01,Flood,DR,1993-01-05 00:00:00+00:00
1005,CA,1993-10,Fire,DR,1993-10-26 00:00:00+00:00
1008,CA,1994-01,Earthquake,DR,1994-01-17 00:00:00+00:00
1038,CA,1994-05,Fishing Losses,DR,1994-05-01 00:00:00+00:00
1044,CA,1995-01,Severe Storm,DR,1995-01-03 00:00:00+00:00
1046,CA,1995-02,Severe Storm,DR,1995-02-13 00:00:00+00:00
3120,CA,1996-10,Fire,EM,1996-10-21 00:00:00+00:00
1155,CA,1996-12,Severe Storm,DR,1996-12-28 00:00:00+00:00
1203,CA,1998-02,Severe Storm,DR,1998-02-02 00:00:00+00:00
1267,CA,1998-12,Freezing,DR,1998-12-20 00:00:00+00:00
3140,CA,1999-08,Fire,EM,1999-08-24 00:00:00+00:00
1342,CA,2000-09,Earthquake,DR,2000-09-03 00:00:00+00:00
2396,CA,2002-02,Fire,FM,2002-02-10 00:00:00+00:00
2405,CA,2002-05,Fire,FM,2002-05-13 00:00:00+00:00
2433,CA,2002-06,Fire,FM,2002-06-26 00:00:00+00:00
2425,CA,2002-06,Fire,FM,2002-06-16 00:00:00+00:00
2417,CA,2002-06,Fire,FM,2002-06-05 00:00:00+00:00
2456,CA,2002-07,Fire,FM,2002-07-29 00:00:00+00:00
2450,CA,2002-07,Fire,FM,2002-07-21 00:00:00+00:00
2465,CA,2002-09,Fire,FM,2002-09-23 00:00:00+00:00
2464,CA,2002-09,Fire,FM,2002-09-22 00:00:00+00:00
2463,CA,2002-09,Fire,FM,2002-09-18 00:00:00+00:00
2462,CA,2002-09,Fire,FM,2002-09-03 00:00:00+00:00
2461,CA,2002-09,Fire,FM,2002-09-03 00:00:00+00:00
2466,CA,2003-01,Fire,FM,2003-01-06 00:00:00+00:00
2474,CA,2003-06,Fire,FM,2003-06-29 00:00:00+00:00
2473,CA,2003-06,Fire,FM,2003-06-26 00:00:00+00:00
2487,CA,2003-07,Fire,FM,2003-07-25 00:00:00+00:00
2475,CA,2003-07,Fire,FM,2003-07-03 00:00:00+00:00
2491,CA,2003-08,Fire,FM,2003-08-18 00:00:00+00:00
2497,CA,2003-09,Fire,FM,2003-09-05 00:00:00+00:00
2508,CA,2003-10,Fire,FM,2003-10-28 00:00:00+00:00
2507,CA,2003-10,Fire,FM,2003-10-26 00:00:00+00:00
2506,CA,2003-10,Fire,FM,2003-10-26 00:00:00+00:00
2505,CA,2003-10,Fire,FM,2003-10-25 00:00:00+00:00
2504,CA,2003-10,Fire,FM,2003-10-24 00:00:00+00:00
2503,CA,2003-10,Fire,FM,2003-10-25 00:00:00+00:00
2502,CA,2003-10,Fire,FM,2003-10-24 00:00:00+00:00
2501,CA,2003-10,Fire,FM,2003-10-21 00:00:00+00:00
2500,CA,2003-10,Fire,FM,2003-10-21 00:00:00+00:00
1498,CA,2003-10,Fire,DR,2003-10-21 00:00:00+00:00
1505,CA,2003-12,Earthquake,DR,2003-12-22 00:00:00+00:00
2515,CA,2004-04,Fire,FM,2004-04-25 00:00:00+00:00
2517,CA,2004-05,Fire,FM,2004-05-03 00:00:00+00:00
2516,CA,2004-05,Fire,FM,2004-05-02 00:00:00+00:00
2519,CA,2004-06,Fire,FM,2004-06-05 00:00:00+00:00
1529,CA,2004-06,Dam/Levee Break,DR,2004-06-03 00:00:00+00:00
2535,CA,2004-07,Fire,FM,2004-07-20 00:00:00+00:00
2534,CA,2004-07,Fire,FM,2004-07-17 00:00:00+00:00
2533,CA,2004-07,Fire,FM,2004-07-17 00:00:00+00:00
2532,CA,2004-07,Fire,FM,2004-07-14 00:00:00+00:00
2530,CA,2004-07,Fire,FM,2004-07-13 00:00:00+00:00
2529,CA,2004-07,Fire,FM,2004-07-13 00:00:00+00:00
2528,CA,2004-07,Fire,FM,2004-07-12 00:00:00+00:00
2548,CA,2004-08,Fire,FM,2004-08-14 00:00:00+00:00
2547,CA,2004-08,Fire,FM,2004-08-14 00:00:00+00:00
2545,CA,2004-08,Fire,FM,2004-08-11 00:00:00+00:00
2544,CA,2004-08,Fire,FM,2004-08-11 00:00:00+00:00
2541,CA,2004-08,Fire,FM,2004-08-08 00:00:00+00:00
2540,CA,2004-08,Fire,FM,2004-08-06 00:00:00+00:00
2555,CA,2004-09,Fire,FM,2004-09-12 00:00:00+00:00
2554,CA,2004-09,Fire,FM,2004-09-03 00:00:00+00:00
2553,CA,2004-09,Fire,FM,2004-09-03 00:00:00+00:00
2552,CA,2004-09,Fire,FM,2004-09-02 00:00:00+00:00
1577,CA,2004-12,Severe Storm,DR,2004-12-27 00:00:00+00:00
1585,CA,2005-02,Severe Storm,DR,2005-02-16 00:00:00+00:00
2571,CA,2005-07,Fire,FM,2005-07-25 00:00:00+00:00
3248,CA,2005-08,Hurricane,EM,2005-08-29 00:00:00+00:00
2580,CA,2005-08,Fire,FM,2005-08-26 00:00:00+00:00
2583,CA,2005-09,Fire,FM,2005-09-28 00:00:00+00:00
2582,CA,2005-09,Fire,FM,2005-09-05 00:00:00+00:00
2585,CA,2005-10,Fire,FM,2005-10-05 00:00:00+00:00
2584,CA,2005-10,Fire,FM,2005-10-05 00:00:00+00:00
2586,CA,2005-11,Fire,FM,2005-11-18 00:00:00+00:00
1628,CA,2005-12,Severe Storm,DR,2005-12-17 00:00:00+00:00
2630,CA,2006-02,Fire,FM,2006-02-06 00:00:00+00:00
1646,CA,2006-03,Severe Storm,DR,2006-03-29 00:00:00+00:00
2662,CA,2006-07,Fire,FM,2006-07-29 00:00:00+00:00
2656,CA,2006-07,Fire,FM,2006-07-24 00:00:00+00:00
2653,CA,2006-07,Fire,FM,2006-07-11 00:00:00+00:00
2677,CA,2006-09,Fire,FM,2006-09-25 00:00:00+00:00
2676,CA,2006-09,Fire,FM,2006-09-16 00:00:00+00:00
2678,CA,2006-10,Fire,FM,2006-10-26 00:00:00+00:00
2681,CA,2006-12,Fire,FM,2006-12-03 00:00:00+00:00
1689,CA,2007-01,Freezing,DR,2007-01-11 00:00:00+00:00
2683,CA,2007-03,Fire,FM,2007-03-11 00:00:00+00:00
2694,CA,2007-05,Fire,FM,2007-05-10 00:00:00+00:00
2691,CA,2007-05,Fire,FM,2007-05-08 00:00:00+00:00
2702,CA,2007-06,Fire,FM,2007-06-29 00:00:00+00:00
2700,CA,2007-06,Fire,FM,2007-06-24 00:00:00+00:00
2708,CA,2007-07,Fire,FM,2007-07-07 00:00:00+00:00
2706,CA,2007-07,Fire,FM,2007-07-07 00:00:00+00:00
2729,CA,2007-09,Fire,FM,2007-09-15 00:00:00+00:00
2728,CA,2007-09,Fire,FM,2007-09-14 00:00:00+00:00
1731,CA,2007-10,Fire,DR,2007-10-21 00:00:00+00:00
3279,CA,2007-10,Fire,EM,2007-10-21 00:00:00+00:00
2739,CA,2007-10,Fire,FM,2007-10-22 00:00:00+00:00
2738,CA,2007-10,Fire,FM,2007-10-22 00:00:00+00:00
2737,CA,2007-10,Fire,FM,2007-10-21 00:00:00+00:00
2736,CA,2007-10,Fire,FM,2007-10-20 00:00:00+00:00
2735,CA,2007-10,Fire,FM,2007-10-21 00:00:00+00:00
2734,CA,2007-10,Fire,FM,2007-10-22 00:00:00+00:00
2733,CA,2007-10,Fire,FM,2007-10-21 00:00:00+00:00
2732,CA,2007-10,Fire,FM,2007-10-21 00:00:00+00:00
2763,CA,2008-04,Fire,FM,2008-04-26 00:00:00+00:00
2766,CA,2008-05,Fire,FM,2008-05-22 00:00:00+00:00
3287,CA,2008-06,Fire,EM,2008-06-20 00:00:00+00:00
2782,CA,2008-06,Fire,FM,2008-06-21 00:00:00+00:00
2776,CA,2008-06,Fire,FM,2008-06-21 00:00:00+00:00
2775,CA,2008-06,Fire,FM,2008-06-20 00:00:00+00:00
2772,CA,2008-06,Fire,FM,2008-06-11 00:00:00+00:00
2771,CA,2008-06,Fire,FM,2008-06-11 00:00:00+00:00
2770,CA,2008-06,Fire,FM,2008-06-10 00:00:00+00:00
2781,CA,2008-07,Fire,FM,2008-07-04 00:00:00+00:00
2780,CA,2008-07,Fire,FM,2008-07-03 00:00:00+00:00
2786,CA,2008-09,Fire,FM,2008-09-01 00:00:00+00:00
2789,CA,2008-10,Fire,FM,2008-10-13 00:00:00+00:00
2788,CA,2008-10,Fire,FM,2008-10-12 00:00:00+00:00
2792,CA,2008-11,Fire,FM,2008-11-15 00:00:00+00:00
2791,CA,2008-11,Fire,FM,2008-11-14 00:00:00+00:00
2790,CA,2008-11,Fire,FM,2008-11-13 00:00:00+00:00
1810,CA,2008-11,Fire,DR,2008-11-13 00:00:00+00:00
2817,CA,2009-05,Fire,FM,2009-05-05 00:00:00+00:00
2836,CA,2009-08,Fire,FM,2009-08-31 00:00:00+00:00
2833,CA,2009-08,Fire,FM,2009-08-30 00:00:00+00:00
2832,CA,2009-08,Fire,FM,2009-08-30 00:00:00+00:00
2830,CA,2009-08,Fire,FM,2009-08-27 00:00:00+00:00
2828,CA,2009-08,Fire,FM,2009-08-27 00:00:00+00:00
2825,CA,2009-08,Fire,FM,2009-08-14 00:00:00+00:00
2824,CA,2009-08,Fire,FM,2009-08-12 00:00:00+00:00
2839,CA,2009-09,Fire,FM,2009-09-22 00:00:00+00:00
2841,CA,2009-10,Fire,FM,2009-10-03 00:00:00+00:00
1884,CA,2010-01,Severe Storm,DR,2010-01-17 00:00:00+00:00
1911,CA,2010-04,Earthquake,DR,2010-04-04 00:00:00+00:00
2851,CA,2010-07,Fire,FM,2010-07-29 00:00:00+00:00
2850,CA,2010-07,Fire,FM,2010-07-27 00:00:00+00:00
2849,CA,2010-07,Fire,FM,2010-07-26 00:00:00+00:00
2852,CA,2010-08,Fire,FM,2010-08-24 00:00:00+00:00
2858,CA,2010-09,Fire,FM,2010-09-14 00:00:00+00:00
2856,CA,2010-09,Fire,FM,2010-09-09 00:00:00+00:00
1952,CA,2010-12,Flood,DR,2010-12-17 00:00:00+00:00
1968,CA,2011-03,Tsunami,DR,2011-03-11 00:00:00+00:00
2971,CA,2011-09,Fire,FM,2011-09-10 00:00:00+00:00
2970,CA,2011-09,Fire,FM,2011-09-10 00:00:00+00:00
2961,CA,2011-09,Fire,FM,2011-09-04 00:00:00+00:00
2955,CA,2011-09,Fire,FM,2011-09-02 00:00:00+00:00
5007,CA,2012-08,Fire,FM,2012-08-18 00:00:00+00:00
5004,CA,2012-08,Fire,FM,2012-08-12 00:00:00+00:00
5021,CA,2012-09,Fire,FM,2012-09-23 00:00:00+00:00
5025,CA,2013-05,Fire,FM,2013-05-31 00:00:00+00:00
5024,CA,2013-05,Fire,FM,2013-05-02 00:00:00+00:00
5023,CA,2013-05,Fire,FM,2013-05-01 00:00:00+00:00
4142,CA,2013-07,Fire,DR,2013-07-29 00:00:00+00:00
5049,CA,2013-08,Fire,FM,2013-08-20 00:00:00+00:00
5041,CA,2013-08,Fire,FM,2013-08-07 00:00:00+00:00
5040,CA,2013-08,Fire,FM,2013-08-05 00:00:00+00:00
4158,CA,2013-08,Fire,DR,2013-08-17 00:00:00+00:00
5050,CA,2013-09,Fire,FM,2013-09-09 00:00:00+00:00
5051,CA,2014-01,Fire,FM,2014-01-16 00:00:00+00:00
5055,CA,2014-05,Fire,FM,2014-05-14 00:00:00+00:00
5054,CA,2014-05,Fire,FM,2014-05-14 00:00:00+00:00
5057,CA,2014-07,Fire,FM,2014-07-01 00:00:00+00:00
5076,CA,2014-08,Fire,FM,2014-08-24 00:00:00+00:00
5075,CA,2014-08,Fire,FM,2014-08-18 00:00:00+00:00
5074,CA,2014-08,Fire,FM,2014-08-18 00:00:00+00:00
5070,CA,2014-08,Fire,FM,2014-08-01 00:00:00+00:00
5069,CA,2014-08,Fire,FM,2014-08-02 00:00:00+00:00
5068,CA,2014-08,Fire,FM,2014-08-01 00:00:00+00:00
5067,CA,2014-08,Fire,FM,2014-08-01 00:00:00+00:00
4193,CA,2014-08,Earthquake,DR,2014-08-24 00:00:00+00:00
5081,CA,2014-09,Fire,FM,2014-09-13 00:00:00+00:00
5079,CA,2014-09,Fire,FM,2014-09-15 00:00:00+00:00
5078,CA,2014-09,Fire,FM,2014-09-14 00:00:00+00:00
5077,CA,2014-09,Fire,FM,2014-09-05 00:00:00+00:00
5082,CA,2014-10,Fire,FM,2014-10-08 00:00:00+00:00
4206,CA,2014-12,Flood,DR,2014-12-04 00:00:00+00:00
5093,CA,2015-07,Fire,FM,2015-07-29 00:00:00+00:00
5089,CA,2015-07,Fire,FM,2015-07-17 00:00:00+00:00
5091,CA,2015-07,Fire,FM,2015-07-22 00:00:00+00:00
5111,CA,2015-09,Fire,FM,2015-09-09 00:00:00+00:00
5112,CA,2015-09,Fire,FM,2015-09-12 00:00:00+00:00
4240,CA,2015-09,Fire,DR,2015-09-09 00:00:00+00:00
5131,CA,2016-06,Fire,FM,2016-06-23 00:00:00+00:00
5129,CA,2016-06,Fire,FM,2016-06-20 00:00:00+00:00
5128,CA,2016-06,Fire,FM,2016-06-19 00:00:00+00:00
5124,CA,2016-06,Fire,FM,2016-06-04 00:00:00+00:00
5140,CA,2016-07,Fire,FM,2016-07-30 00:00:00+00:00
5132,CA,2016-07,Fire,FM,2016-07-09 00:00:00+00:00
5137,CA,2016-07,Fire,FM,2016-07-22 00:00:00+00:00
5135,CA,2016-07,Fire,FM,2016-07-22 00:00:00+00:00
5147,CA,2016-08,Fire,FM,2016-08-16 00:00:00+00:00
5146,CA,2016-08,Fire,FM,2016-08-13 00:00:00+00:00
5150,CA,2016-08,Fire,FM,2016-08-16 00:00:00+00:00
5145,CA,2016-08,Fire,FM,2016-08-13 00:00:00+00:00
5144,CA,2016-08,Fire,FM,2016-08-07 00:00:00+00:00
4305,CA,2017-01,Flood,DR,2017-01-18 00:00:00+00:00
4302,CA,2017-01,Severe Storm,DR,2017-01-03 00:00:00+00:00
4301,CA,2017-01,Severe Storm,DR,2017-01-03 00:00:00+00:00
4312,CA,2017-02,Severe Storm,DR,2017-02-08 00:00:00+00:00
4308,CA,2017-02,Flood,DR,2017-02-01 00:00:00+00:00
3381,CA,2017-02,Dam/Levee Break,EM,2017-02-07 00:00:00+00:00
5192,CA,2017-07,Fire,FM,2017-07-16 00:00:00+00:00
5189,CA,2017-07,Fire,FM,2017-07-07 00:00:00+00:00
5205,CA,2017-08,Fire,FM,2017-08-29 00:00:00+00:00
5199,CA,2017-08,Fire,FM,2017-08-30 00:00:00+00:00
5202,CA,2017-08,Fire,FM,2017-08-29 00:00:00+00:00
5213,CA,2017-09,Fire,FM,2017-09-25 00:00:00+00:00
5204,CA,2017-09,Fire,FM,2017-09-04 00:00:00+00:00
5201,CA,2017-09,Fire,FM,2017-09-01 00:00:00+00:00
5222,CA,2017-10,Fire,FM,2017-10-09 00:00:00+00:00
5221,CA,2017-10,Fire,FM,2017-10-09 00:00:00+00:00
5220,CA,2017-10,Fire,FM,2017-10-08 00:00:00+00:00
5219,CA,2017-10,Fire,FM,2017-10-09 00:00:00+00:00
5218,CA,2017-10,Fire,FM,2017-10-09 00:00:00+00:00
5217,CA,2017-10,Fire,FM,2017-10-09 00:00:00+00:00
5216,CA,2017-10,Fire,FM,2017-10-08 00:00:00+00:00
5215,CA,2017-10,Fire,FM,2017-10-08 00:00:00+00:00
5214,CA,2017-10,Fire,FM,2017-10-09 00:00:00+00:00
5223,CA,2017-10,Fire,FM,2017-10-09 00:00:00+00:00
4344,CA,2017-10,Fire,DR,2017-10-08 00:00:00+00:00
5228,CA,2017-12,Fire,FM,2017-12-07 00:00:00+00:00
5227,CA,2017-12,Fire,FM,2017-12-06 00:00:00+00:00
5226,CA,2017-12,Fire,FM,2017-12-05 00:00:00+00:00
5224,CA,2017-12,Fire,FM,2017-12-04 00:00:00+00:00
5225,CA,2017-12,Fire,FM,2017-12-05 00:00:00+00:00
4353,CA,2017-12,Fire,DR,2017-12-04 00:00:00+00:00
3396,CA,2017-12,Fire,EM,2017-12-04 00:00:00+00:00
5244,CA,2018-06,Fire,FM,2018-06-24 00:00:00+00:00
5245,CA,2018-06,Fire,FM,2018-06-24 00:00:00+00:00
5262,CA,2018-07,Fire,FM,2018-07-29 00:00:00+00:00
5260,CA,2018-07,Fire,FM,2018-07-25 00:00:00+00:00
5259,CA,2018-07,Fire,FM,2018-07-23 00:00:00+00:00
5252,CA,2018-07,Fire,FM,2018-07-07 00:00:00+00:00
5251,CA,2018-07,Fire,FM,2018-07-06 00:00:00+00:00
5250,CA,2018-07,Fire,FM,2018-07-05 00:00:00+00:00
4382,CA,2018-07,Fire,DR,2018-07-23 00:00:00+00:00
3398,CA,2018-07,Fire,EM,2018-07-23 00:00:00+00:00
5268,CA,2018-08,Fire,FM,2018-08-09 00:00:00+00:00
5280,CA,2018-11,Fire,FM,2018-11-08 00:00:00+00:00
5279,CA,2018-11,Fire,FM,2018-11-08 00:00:00+00:00
5278,CA,2018-11,Fire,FM,2018-11-08 00:00:00+00:00
4407,CA,2018-11,Fire,DR,2018-11-08 00:00:00+00:00
3409,CA,2018-11,Fire,EM,2018-11-08 00:00:00+00:00
4434,CA,2019-02,Severe Storm,DR,2019-02-24 00:00:00+00:00
4431,CA,2019-02,Severe Storm,DR,2019-02-13 00:00:00+00:00
4425,CA,2019-02,Severe Storm,DR,2019-02-14 00:00:00+00:00
4423,CA,2019-02,Severe Storm,DR,2019-02-14 00:00:00+00:00
4422,CA,2019-02,Severe Storm,DR,2019-02-14 00:00:00+00:00
3415,CA,2019-07,Earthquake,EM,2019-07-04 00:00:00+00:00
5301,CA,2019-10,Fire,FM,2019-10-31 00:00:00+00:00
5300,CA,2019-10,Fire,FM,2019-10-31 00:00:00+00:00
5299,CA,2019-10,Fire,FM,2019-10-30 00:00:00+00:00
5298,CA,2019-10,Fire,FM,2019-10-30 00:00:00+00:00
5297,CA,2019-10,Fire,FM,2019-10-28 00:00:00+00:00
5296,CA,2019-10,Fire,FM,2019-10-24 00:00:00+00:00
5295,CA,2019-10,Fire,FM,2019-10-24 00:00:00+00:00
5293,CA,2019-10,Fire,FM,2019-10-10 00:00:00+00:00
5303,CA,2019-11,Fire,FM,2019-11-25 00:00:00+00:00
5302,CA,2019-11,Fire,FM,2019-11-01 00:00:00+00:00
4482,CA,2020-01,Biological,DR,2020-01-20 00:00:00+00:00
3428,CA,2020-01,Biological,EM,2020-01-20 00:00:00+00:00
5332,CA,2020-08,Fire,FM,2020-08-18 00:00:00+00:00
5325,CA,2020-08,Fire,FM,2020-08-02 00:00:00+00:00
5363,CA,2020-08,Fire,FM,2020-08-17 00:00:00+00:00
5339,CA,2020-08,Fire,FM,2020-08-17 00:00:00+00:00
5338,CA,2020-08,Fire,FM,2020-08-20 00:00:00+00:00
5336,CA,2020-08,Fire,FM,2020-08-20 00:00:00+00:00
5333,CA,2020-08,Fire,FM,2020-08-18 00:00:00+00:00
5331,CA,2020-08,Fire,FM,2020-08-17 00:00:00+00:00
5329,CA,2020-08,Fire,FM,2020-08-16 00:00:00+00:00
4558,CA,2020-08,Fire,DR,2020-08-14 00:00:00+00:00
5374,CA,2020-09,Fire,FM,2020-09-13 00:00:00+00:00
5377,CA,2020-09,Fire,FM,2020-09-28 00:00:00+00:00
5376,CA,2020-09,Fire,FM,2020-09-27 00:00:00+00:00
5373,CA,2020-09,Fire,FM,2020-09-13 00:00:00+00:00
5361,CA,2020-09,Fire,FM,2020-09-08 00:00:00+00:00
5350,CA,2020-09,Fire,FM,2020-09-05 00:00:00+00:00
5348,CA,2020-09,Fire,FM,2020-09-06 00:00:00+00:00
4569,CA,2020-09,Fire,DR,2020-09-04 00:00:00+00:00
5381,CA,2020-10,Fire,FM,2020-10-26 00:00:00+00:00
5380,CA,2020-10,Fire,FM,2020-10-26 00:00:00+00:00
5383,CA,2020-12,Fire,FM,2020-12-03 00:00:00+00:00
5393,CA,2021-06,Fire,FM,2021-06-24 00:00:00+00:00
5400,CA,2021-07,Fire,FM,2021-07-20 00:00:00+00:00
4610,CA,2021-07,Fire,DR,2021-07-14 00:00:00+00:00
5416,CA,2021-08,Fire,FM,2021-08-24 00:00:00+00:00
5413,CA,2021-08,Fire,FM,2021-08-14 00:00:00+00:00
5412,CA,2021-08,Fire,FM,2021-08-17 00:00:00+00:00
5405,CA,2021-08,Fire,FM,2021-08-04 00:00:00+00:00
4619,CA,2021-08,Fire,DR,2021-08-14 00:00:00+00:00
3571,CA,2021-08,Fire,EM,2021-08-14 00:00:00+00:00
5417,CA,2021-09,Fire,FM,2021-09-23 00:00:00+00:00
5419,CA,2021-10,Fire,FM,2021-10-12 00:00:00+00:00
5439,CA,2022-05,Fire,FM,2022-05-11 00:00:00+00:00
5445,CA,2022-07,Fire,FM,2022-07-22 00:00:00+00:00
5453,CA,2022-09,Fire,FM,2022-09-09 00:00:00+00:00
5451,CA,2022-09,Fire,FM,2022-09-05 00:00:00+00:00
5450,CA,2022-09,Fire,FM,2022-09-02 00:00:00+00:00
4692,CA,2022-12,Earthquake,DR,2022-12-20 00:00:00+00:00
4683,CA,2022-12,Flood,DR,2022-12-27 00:00:00+00:00
3591,CA,2023-01,Flood,EM,2023-01-08 00:00:00+00:00
4707,CA,2023-02,Winter Storm,DR,2023-02-14 00:00:00+00:00
4713,CA,2023-02,Severe Storm,DR,2023-02-23 00:00:00+00:00
4699,CA,2023-02,Severe Storm,DR,2023-02-21 00:00:00+00:00
4714,CA,2023-03,Severe Storm,DR,2023-03-11 00:00:00+00:00
3592,CA,2023-03,Flood,EM,2023-03-09 00:00:00+00:00
4750,CA,2023-08,Hurricane,DR,2023-08-19 00:00:00+00:00
4746,CA,2023-08,Tropical Storm,DR,2023-08-19 00:00:00+00:00
4743,CA,2023-08,Hurricane,DR,2023-08-19 00:00:00+00:00
4773,CA,2024-01,Severe Storm,DR,2024-01-30 00:00:00+00:00
4772,CA,2024-01,Severe Storm,DR,2024-01-31 00:00:00+00:00
4769,CA,2024-01,Severe Storm,DR,2024-01-31 00:00:00+00:00
4758,CA,2024-01,Flood,DR,2024-01-21 00:00:00+00:00
5522,CA,2024-07,Fire,FM,2024-07-25 00:00:00+00:00
5519,CA,2024-07,Fire,FM,2024-07-24 00:00:00+00:00
5515,CA,2024-07,Fire,FM,2024-07-21 00:00:00+00:00
5503,CA,2024-07,Fire,FM,2024-07-04 00:00:00+00:00
5502,CA,2024-07,Fire,FM,2024-07-02 00:00:00+00:00
5538,CA,2024-09,Fire,FM,2024-09-11 00:00:00+00:00
5537,CA,2024-09,Fire,FM,2024-09-10 00:00:00+00:00
5536,CA,2024-09,Fire,FM,2024-09-08 00:00:00+00:00
5535,CA,2024-09,Fire,FM,2024-09-07 00:00:00+00:00
5545,CA,2024-11,Fire,FM,2024-11-06 00:00:00+00:00
5548,CA,2024-12,Fire,FM,2024-12-10 00:00:00+00:00
5551,CA,2025-01,Fire,FM,2025-01-07 00:00:00+00:00
5550,CA,2025-01,Fire,FM,2025-01-07 00:00:00+00:00
5549,CA,2025-01,Fire,FM,2025-01-07 00:00:00+00:00
4856,CA,2025-01,Fire,DR,2025-01-07 00:00:00+00:00
5605,CA,2025-08,Fire,FM,2025-08-07 00:00:00+00:00
5612,CA,2025-09,Fire,FM,2025-09-02 00:00:00+00:00
5635,CA,2026-05,Fire,FM,2026-05-18 00:00:00+00:00
5636,CA,2026-05,Fire,FM,2026-05-19 00:00:00+00:00
3646,CA,2026-05,Chemical,EM,2026-05-21 00:00:00+00:00
33,CO,1955-05,Flood,DR,1955-05-25 00:00:00+00:00
59,CO,1956-06,Flood,DR,1956-06-12 00:00:00+00:00
200,CO,1965-06,Tornado,DR,1965-06-19 00:00:00+00:00
261,CO,1969-05,Flood,DR,1969-05-19 00:00:00+00:00
293,CO,1970-09,Flood,DR,1970-09-22 00:00:00+00:00
385,CO,1973-05,Flood,DR,1973-05-23 00:00:00+00:00
379,CO,1973-05,Dam/Levee Break,DR,1973-05-08 00:00:00+00:00
396,CO,1973-07,Flood,DR,1973-07-06 00:00:00+00:00
517,CO,1976-08,Flood,DR,1976-08-02 00:00:00+00:00
3025,CO,1977-01,Drought,EM,1977-01-29 00:00:00+00:00
2031,CO,1978-09,Fire,FM,1978-09-12 00:00:00+00:00
2040,CO,1980-06,Fire,FM,1980-06-15 00:00:00+00:00
665,CO,1982-07,Flood,DR,1982-07-22 00:00:00+00:00
719,CO,1984-07,Flood,DR,1984-07-27 00:00:00+00:00
2072,CO,1989-07,Fire,FM,1989-07-09 00:00:00+00:00
2077,CO,1990-11,Fire,FM,1990-11-24 00:00:00+00:00
2102,CO,1994-07,Fire,FM,1994-07-12 00:00:00+00:00
2099,CO,1994-07,Fire,FM,1994-07-06 00:00:00+00:00
2098,CO,1994-07,Fire,FM,1994-07-04 00:00:00+00:00
2178,CO,1996-05,Fire,FM,1996-05-18 00:00:00+00:00
1186,CO,1997-07,Flood,DR,1997-07-28 00:00:00+00:00
1276,CO,1999-04,Severe Storm,DR,1999-04-29 00:00:00+00:00
2309,CO,2000-06,Fire,FM,2000-06-12 00:00:00+00:00
2308,CO,2000-06,Fire,FM,2000-06-12 00:00:00+00:00
2338,CO,2000-09,Fire,FM,2000-09-16 00:00:00+00:00
1374,CO,2001-04,Severe Storm,DR,2001-04-11 00:00:00+00:00
2383,CO,2001-10,Fire,FM,2001-10-31 00:00:00+00:00
2401,CO,2002-04,Fire,FM,2002-04-30 00:00:00+00:00
2399,CO,2002-04,Fire,FM,2002-04-23 00:00:00+00:00
1421,CO,2002-04,Fire,DR,2002-04-23 00:00:00+00:00
2407,CO,2002-05,Fire,FM,2002-05-21 00:00:00+00:00
2403,CO,2002-05,Fire,FM,2002-05-05 00:00:00+00:00
2432,CO,2002-06,Fire,FM,2002-06-25 00:00:00+00:00
2431,CO,2002-06,Fire,FM,2002-06-23 00:00:00+00:00
2428,CO,2002-06,Fire,FM,2002-06-19 00:00:00+00:00
2423,CO,2002-06,Fire,FM,2002-06-09 00:00:00+00:00
2422,CO,2002-06,Fire,FM,2002-06-09 00:00:00+00:00
2421,CO,2002-06,Fire,FM,2002-06-08 00:00:00+00:00
2419,CO,2002-06,Fire,FM,2002-06-08 00:00:00+00:00
2418,CO,2002-06,Fire,FM,2002-06-06 00:00:00+00:00
2413,CO,2002-06,Fire,FM,2002-06-02 00:00:00+00:00
2412,CO,2002-06,Fire,FM,2002-06-02 00:00:00+00:00
2410,CO,2002-06,Fire,FM,2002-06-02 00:00:00+00:00
2457,CO,2002-07,Fire,FM,2002-07-31 00:00:00+00:00
2447,CO,2002-07,Fire,FM,2002-07-17 00:00:00+00:00
2442,CO,2002-07,Fire,FM,2002-07-14 00:00:00+00:00
3185,CO,2003-03,Snowstorm,EM,2003-03-17 00:00:00+00:00
2486,CO,2003-07,Fire,FM,2003-07-25 00:00:00+00:00
2510,CO,2003-10,Fire,FM,2003-10-29 00:00:00+00:00
2509,CO,2003-10,Fire,FM,2003-10-29 00:00:00+00:00
2511,CO,2003-11,Fire,FM,2003-11-11 00:00:00+00:00
2514,CO,2004-04,Fire,FM,2004-04-01 00:00:00+00:00
2526,CO,2004-07,Fire,FM,2004-07-03 00:00:00+00:00
2566,CO,2005-07,Fire,FM,2005-07-08 00:00:00+00:00
3224,CO,2005-08,Coastal Storm,EM,2005-08-29 00:00:00+00:00
2613,CO,2006-01,Fire,FM,2006-01-07 00:00:00+00:00
2646,CO,2006-06,Fire,FM,2006-06-18 00:00:00+00:00
2672,CO,2006-08,Fire,FM,2006-08-31 00:00:00+00:00
3271,CO,2006-12,Snowstorm,EM,2006-12-28 00:00:00+00:00
3270,CO,2006-12,Snowstorm,EM,2006-12-18 00:00:00+00:00
2698,CO,2007-06,Fire,FM,2007-06-19 00:00:00+00:00
2760,CO,2008-04,Fire,FM,2008-04-15 00:00:00+00:00
1762,CO,2008-05,Severe Storm,DR,2008-05-22 00:00:00+00:00
2778,CO,2008-06,Fire,FM,2008-06-24 00:00:00+00:00
2793,CO,2009-01,Fire,FM,2009-01-07 00:00:00+00:00
2857,CO,2010-09,Fire,FM,2010-09-12 00:00:00+00:00
2855,CO,2010-09,Fire,FM,2010-09-06 00:00:00+00:00
2873,CO,2011-03,Fire,FM,2011-03-21 00:00:00+00:00
2877,CO,2011-04,Fire,FM,2011-04-03 00:00:00+00:00
2923,CO,2011-06,Fire,FM,2011-06-15 00:00:00+00:00
2975,CO,2012-03,Fire,FM,2012-03-26 00:00:00+00:00
4067,CO,2012-06,Fire,DR,2012-06-09 00:00:00+00:00
2985,CO,2012-06,Fire,FM,2012-06-23 00:00:00+00:00
2984,CO,2012-06,Fire,FM,2012-06-23 00:00:00+00:00
2980,CO,2012-06,Fire,FM,2012-06-09 00:00:00+00:00
5022,CO,2012-10,Fire,FM,2012-10-23 00:00:00+00:00
5031,CO,2013-06,Fire,FM,2013-06-21 00:00:00+00:00
5030,CO,2013-06,Fire,FM,2013-06-19 00:00:00+00:00
5028,CO,2013-06,Fire,FM,2013-06-11 00:00:00+00:00
5027,CO,2013-06,Fire,FM,2013-06-11 00:00:00+00:00
4134,CO,2013-06,Fire,DR,2013-06-11 00:00:00+00:00
4133,CO,2013-06,Fire,DR,2013-06-11 00:00:00+00:00
4145,CO,2013-09,Flood,DR,2013-09-11 00:00:00+00:00
3365,CO,2013-09,Flood,EM,2013-09-11 00:00:00+00:00
4229,CO,2015-05,Flood,DR,2015-05-04 00:00:00+00:00
5133,CO,2016-07,Fire,FM,2016-07-09 00:00:00+00:00
5157,CO,2016-10,Fire,FM,2016-10-17 00:00:00+00:00
5155,CO,2016-10,Fire,FM,2016-10-04 00:00:00+00:00
5247,CO,2018-06,Fire,FM,2018-06-30 00:00:00+00:00
5246,CO,2018-06,Fire,FM,2018-06-28 00:00:00+00:00
5249,CO,2018-07,Fire,FM,2018-07-04 00:00:00+00:00
4498,CO,2020-01,Biological,DR,2020-01-20 00:00:00+00:00
3436,CO,2020-01,Biological,EM,2020-01-20 00:00:00+00:00
5335,CO,2020-08,Fire,FM,2020-08-19 00:00:00+00:00
5334,CO,2020-08,Fire,FM,2020-08-13 00:00:00+00:00
4581,CO,2020-09,Fire,DR,2020-09-06 00:00:00+00:00
5349,CO,2020-09,Fire,FM,2020-09-06 00:00:00+00:00
5379,CO,2020-10,Fire,FM,2020-10-17 00:00:00+00:00
5378,CO,2020-10,Fire,FM,2020-10-17 00:00:00+00:00
5423,CO,2021-12,Fire,FM,2021-12-30 00:00:00+00:00
4634,CO,2021-12,Fire,DR,2021-12-30 00:00:00+00:00
4731,CO,2023-06,Flood,DR,2023-06-08 00:00:00+00:00
5525,CO,2024-07,Fire,FM,2024-07-30 00:00:00+00:00
5524,CO,2024-07,Fire,FM,2024-07-31 00:00:00+00:00
5526,CO,2024-08,Fire,FM,2024-08-01 00:00:00+00:00
5604,CO,2025-08,Fire,FM,2025-08-02 00:00:00+00:00
5603,CO,2025-08,Fire,FM,2025-08-02 00:00:00+00:00
5606,CO,2025-08,Fire,FM,2025-08-10 00:00:00+00:00
5642,CO,2026-06,Fire,FM,2026-06-29 00:00:00+00:00
5643,CO,2026-06,Fire,FM,2026-06-30 00:00:00+00:00
5644,CO,2026-07,Fire,FM,2026-07-05 00:00:00+00:00
25,CT,1954-09,Hurricane,DR,1954-09-17 00:00:00+00:00
42,CT,1955-08,Hurricane,DR,1955-08-20 00:00:00+00:00
3060,CT,1978-02,Snowstorm,EM,1978-02-07 00:00:00+00:00
608,CT,1979-10,Tornado,DR,1979-10-04 00:00:00+00:00
661,CT,1982-06,Flood,DR,1982-06-14 00:00:00+00:00
711,CT,1984-05,Flood,DR,1984-05-27 00:00:00+00:00
747,CT,1985-09,Hurricane,DR,1985-09-27 00:00:00+00:00
837,CT,1989-07,Tornado,DR,1989-07-10 00:00:00+00:00
916,CT,1991-08,Hurricane,DR,1991-08-19 00:00:00+00:00
972,CT,1992-12,Flood,DR,1992-12-10 00:00:00+00:00
3098,CT,1993-03,Snowstorm,EM,1993-03-13 00:00:00+00:00
1092,CT,1996-01,Snowstorm,DR,1996-01-07 00:00:00+00:00
1302,CT,1999-09,Hurricane,DR,1999-09-16 00:00:00+00:00
3176,CT,2003-02,Snowstorm,EM,2003-02-17 00:00:00+00:00
3192,CT,2003-12,Snowstorm,EM,2003-12-05 00:00:00+00:00
3200,CT,2005-01,Snowstorm,EM,2005-01-22 00:00:00+00:00
3246,CT,2005-08,Hurricane,EM,2005-08-29 00:00:00+00:00
1619,CT,2005-10,Severe Storm,DR,2005-10-14 00:00:00+00:00
3266,CT,2006-02,Snowstorm,EM,2006-02-11 00:00:00+00:00
1700,CT,2007-04,Severe Storm,DR,2007-04-15 00:00:00+00:00
1904,CT,2010-03,Severe Storm,DR,2010-03-12 00:00:00+00:00
1958,CT,2011-01,Snowstorm,DR,2011-01-11 00:00:00+00:00
4023,CT,2011-08,Hurricane,DR,2011-08-27 00:00:00+00:00
3331,CT,2011-08,Hurricane,EM,2011-08-26 00:00:00+00:00
4046,CT,2011-10,Severe Storm,DR,2011-10-29 00:00:00+00:00
3342,CT,2011-10,Severe Storm,EM,2011-10-29 00:00:00+00:00
4087,CT,2012-10,Hurricane,DR,2012-10-27 00:00:00+00:00
3353,CT,2012-10,Hurricane,EM,2012-10-27 00:00:00+00:00
4106,CT,2013-02,Severe Storm,DR,2013-02-08 00:00:00+00:00
3361,CT,2013-02,Severe Storm,EM,2013-02-08 00:00:00+00:00
4213,CT,2015-01,Severe Storm,DR,2015-01-26 00:00:00+00:00
4385,CT,2018-05,Tornado,DR,2018-05-15 00:00:00+00:00
4410,CT,2018-09,Severe Storm,DR,2018-09-25 00:00:00+00:00
4500,CT,2020-01,Biological,DR,2020-01-20 00:00:00+00:00
3439,CT,2020-01,Biological,EM,2020-01-20 00:00:00+00:00
4580,CT,2020-08,Hurricane,DR,2020-08-04 00:00:00+00:00
3535,CT,2020-08,Hurricane,EM,2020-08-04 00:00:00+00:00
3564,CT,2021-08,Hurricane,EM,2021-08-21 00:00:00+00:00
4629,CT,2021-09,Hurricane,DR,2021-09-01 00:00:00+00:00
3604,CT,2024-01,Severe Storm,EM,2024-01-10 00:00:00+00:00
4820,CT,2024-08,Severe Storm,DR,2024-08-18 00:00:00+00:00
3612,CT,2024-08,Severe Storm,EM,2024-08-18 00:00:00+00:00
5542,CT,2024-10,Fire,FM,2024-10-21 00:00:00+00:00
838,DC,1989-06,Severe Storm,DR,1989-06-14 00:00:00+00:00
3108,DC,1993-03,Snowstorm,EM,1993-03-13 00:00:00+00:00
1030,DC,1994-01,Severe Storm,DR,1994-01-17 00:00:00+00:00
1080,DC,1996-01,Severe Storm,DR,1996-01-06 00:00:00+00:00
1325,DC,2000-01,Severe Storm,DR,2000-01-25 00:00:00+00:00
1338,DC,2000-08,Severe Storm,DR,2000-08-07 00:00:00+00:00
1389,DC,2001-08,Severe Storm,DR,2001-08-10 00:00:00+00:00
3178,DC,2003-02,Severe Storm,EM,2003-02-16 00:00:00+00:00
1493,DC,2003-09,Hurricane,DR,2003-09-18 00:00:00+00:00
3226,DC,2005-08,Hurricane,EM,2005-08-29 00:00:00+00:00
3300,DC,2009-01,Other,EM,2009-01-17 00:00:00+00:00
1882,DC,2009-12,Snowstorm,DR,2009-12-18 00:00:00+00:00
1890,DC,2010-02,Severe Storm,DR,2010-02-05 00:00:00+00:00
4044,DC,2011-08,Earthquake,DR,2011-08-23 00:00:00+00:00
4036,DC,2011-08,Hurricane,DR,2011-08-26 00:00:00+00:00
3337,DC,2011-08,Hurricane,EM,2011-08-26 00:00:00+00:00
4073,DC,2012-06,Severe Storm,DR,2012-06-29 00:00:00+00:00
4096,DC,2012-10,Hurricane,DR,2012-10-26 00:00:00+00:00
3352,DC,2012-10,Hurricane,EM,2012-10-28 00:00:00+00:00
4260,DC,2016-01,Snowstorm,DR,2016-01-22 00:00:00+00:00
4502,DC,2020-01,Biological,DR,2020-01-20 00:00:00+00:00
3447,DC,2020-01,Biological,EM,2020-01-20 00:00:00+00:00
3553,DC,2021-01,Other,EM,2021-01-11 00:00:00+00:00
3643,DC,2026-01,Other,EM,2026-01-19 00:00:00+00:00
126,DE,1962-03,Flood,DR,1962-03-09 00:00:00+00:00
207,DE,1965-08,Drought,DR,1965-08-18 00:00:00+00:00
933,DE,1992-01,Flood,DR,1992-01-04 00:00:00+00:00
976,DE,1992-12,Coastal Storm,DR,1992-12-11 00:00:00+00:00
3111,DE,1993-03,Snowstorm,EM,1993-03-13 00:00:00+00:00
1017,DE,1994-02,Severe Storm,DR,1994-02-08 00:00:00+00:00
1082,DE,1996-01,Snowstorm,DR,1996-01-06 00:00:00+00:00
1205,DE,1998-01,Severe Storm,DR,1998-01-28 00:00:00+00:00
1297,DE,1999-09,Hurricane,DR,1999-09-15 00:00:00+00:00
3183,DE,2003-02,Snowstorm,EM,2003-02-14 00:00:00+00:00
1495,DE,2003-09,Hurricane,DR,2003-09-15 00:00:00+00:00
1494,DE,2003-09,Hurricane,DR,2003-09-18 00:00:00+00:00
1572,DE,2004-09,Severe Storm,DR,2004-09-28 00:00:00+00:00
3263,DE,2005-08,Hurricane,EM,2005-08-29 00:00:00+00:00
1654,DE,2006-06,Severe Storm,DR,2006-06-23 00:00:00+00:00
1896,DE,2010-02,Snowstorm,DR,2010-02-05 00:00:00+00:00
4037,DE,2011-08,Hurricane,DR,2011-08-25 00:00:00+00:00
3336,DE,2011-08,Hurricane,EM,2011-08-26 00:00:00+00:00
4090,DE,2012-10,Hurricane,DR,2012-10-27 00:00:00+00:00
3357,DE,2012-10,Hurricane,EM,2012-10-27 00:00:00+00:00
4265,DE,2016-01,Snowstorm,DR,2016-01-22 00:00:00+00:00
4526,DE,2020-01,Biological,DR,2020-01-20 00:00:00+00:00
3449,DE,2020-01,Biological,EM,2020-01-20 00:00:00+00:00
4566,DE,2020-08,Hurricane,DR,2020-08-04 00:00:00+00:00
4627,DE,2021-09,Hurricane,DR,2021-09-01 00:00:00+00:00
4916,DE,2026-02,Winter Storm,DR,2026-02-22 00:00:00+00:00
12,FL,1953-10,Flood,DR,1953-10-22 00:00:00+00:00
97,FL,1960-03,Other,DR,1960-03-23 00:00:00+00:00
106,FL,1960-09,Hurricane,DR,1960-09-12 00:00:00+00:00
141,FL,1962-12,Flood,DR,1962-12-17 00:00:00+00:00
176,FL,1964-09,Hurricane,DR,1964-09-10 00:00:00+00:00
175,FL,1964-09,Hurricane,DR,1964-09-08 00:00:00+00:00
209,FL,1965-09,Hurricane,DR,1965-09-14 00:00:00+00:00
252,FL,1968-11,Hurricane,DR,1968-11-07 00:00:00+00:00
289,FL,1970-07,Flood,DR,1970-07-03 00:00:00+00:00
304,FL,1971-03,Freezing,DR,1971-03-15 00:00:00+00:00
337,FL,1972-06,Coastal Storm,DR,1972-06-23 00:00:00+00:00
387,FL,1973-05,Flood,DR,1973-05-26 00:00:00+00:00
479,FL,1975-08,Flood,DR,1975-08-22 00:00:00+00:00
484,FL,1975-09,Flood,DR,1975-09-26 00:00:00+00:00
526,FL,1977-01,Freezing,DR,1977-01-31 00:00:00+00:00
3075,FL,1979-03,Flood,EM,1979-03-24 00:00:00+00:00
586,FL,1979-05,Severe Storm,DR,1979-05-15 00:00:00+00:00
607,FL,1979-09,Flood,DR,1979-09-29 00:00:00+00:00
600,FL,1979-09,Hurricane,DR,1979-09-13 00:00:00+00:00
3079,FL,1980-05,Human Cause,EM,1980-05-06 00:00:00+00:00
664,FL,1982-07,Flood,DR,1982-07-07 00:00:00+00:00
698,FL,1983-12,Freezing,DR,1983-12-24 00:00:00+00:00
732,FL,1985-03,Freezing,DR,1985-03-18 00:00:00+00:00
2053,FL,1985-05,Fire,FM,1985-05-20 00:00:00+00:00
2052,FL,1985-05,Fire,FM,1985-05-17 00:00:00+00:00
2051,FL,1985-05,Fire,FM,1985-05-17 00:00:00+00:00
2050,FL,1985-05,Fire,FM,1985-05-17 00:00:00+00:00
743,FL,1985-08,Hurricane,DR,1985-08-29 00:00:00+00:00
756,FL,1985-11,Hurricane,DR,1985-11-21 00:00:00+00:00
851,FL,1989-12,Freezing,DR,1989-12-23 00:00:00+00:00
862,FL,1990-03,Flood,DR,1990-03-16 00:00:00+00:00
952,FL,1992-06,Flood,DR,1992-06-23 00:00:00+00:00
955,FL,1992-08,Hurricane,DR,1992-08-24 00:00:00+00:00
966,FL,1992-10,Severe Storm,DR,1992-10-03 00:00:00+00:00
982,FL,1993-03,Tornado,DR,1993-03-12 00:00:00+00:00
3114,FL,1994-07,Flood,EM,1994-07-02 00:00:00+00:00
1035,FL,1994-07,Severe Storm,DR,1994-07-02 00:00:00+00:00
1043,FL,1994-11,Severe Storm,DR,1994-11-14 00:00:00+00:00
3116,FL,1995-08,Hurricane,EM,1995-08-02 00:00:00+00:00
1062,FL,1995-08,Hurricane,DR,1995-08-02 00:00:00+00:00
1074,FL,1995-10,Flood,DR,1995-10-13 00:00:00+00:00
1069,FL,1995-10,Hurricane,DR,1995-10-04 00:00:00+00:00
1141,FL,1996-10,Severe Storm,DR,1996-10-07 00:00:00+00:00
1195,FL,1997-12,Severe Storm,DR,1997-12-25 00:00:00+00:00
1204,FL,1998-02,Severe Storm,DR,1998-02-02 00:00:00+00:00
1223,FL,1998-05,Fire,DR,1998-05-25 00:00:00+00:00
2215,FL,1998-06,Fire,FM,1998-06-28 00:00:00+00:00
2214,FL,1998-06,Fire,FM,1998-06-27 00:00:00+00:00
2212,FL,1998-06,Fire,FM,1998-06-21 00:00:00+00:00
2211,FL,1998-06,Fire,FM,1998-06-21 00:00:00+00:00
2209,FL,1998-06,Fire,FM,1998-06-20 00:00:00+00:00
2208,FL,1998-06,Fire,FM,1998-06-20 00:00:00+00:00
2207,FL,1998-06,Fire,FM,1998-06-19 00:00:00+00:00
2206,FL,1998-06,Fire,FM,1998-06-19 00:00:00+00:00
2205,FL,1998-06,Fire,FM,1998-06-19 00:00:00+00:00
2204,FL,1998-06,Fire,FM,1998-06-19 00:00:00+00:00
2203,FL,1998-06,Fire,FM,1998-06-18 00:00:00+00:00
2201,FL,1998-06,Fire,FM,1998-06-16 00:00:00+00:00
2200,FL,1998-06,Fire,FM,1998-06-06 00:00:00+00:00
3131,FL,1998-09,Hurricane,EM,1998-09-25 00:00:00+00:00
1249,FL,1998-09,Hurricane,DR,1998-09-25 00:00:00+00:00
1241,FL,1998-09,Hurricane,DR,1998-09-03 00:00:00+00:00
1259,FL,1998-11,Severe Storm,DR,1998-11-04 00:00:00+00:00
3139,FL,1999-04,Fire,EM,1999-04-15 00:00:00+00:00
2260,FL,1999-04,Fire,FM,1999-04-13 00:00:00+00:00
2259,FL,1999-04,Fire,FM,1999-04-13 00:00:00+00:00
2258,FL,1999-04,Fire,FM,1999-04-13 00:00:00+00:00
2257,FL,1999-04,Fire,FM,1999-04-13 00:00:00+00:00
2256,FL,1999-04,Fire,FM,1999-04-13 00:00:00+00:00
2255,FL,1999-04,Fire,FM,1999-04-13 00:00:00+00:00
2254,FL,1999-04,Fire,FM,1999-04-13 00:00:00+00:00
2253,FL,1999-04,Fire,FM,1999-04-13 00:00:00+00:00
2252,FL,1999-04,Fire,FM,1999-04-13 00:00:00+00:00
2251,FL,1999-04,Fire,FM,1999-04-13 00:00:00+00:00
2262,FL,1999-05,Fire,FM,1999-05-14 00:00:00+00:00
3143,FL,1999-09,Hurricane,EM,1999-09-14 00:00:00+00:00
1300,FL,1999-09,Hurricane,DR,1999-09-13 00:00:00+00:00
3150,FL,1999-10,Hurricane,EM,1999-10-14 00:00:00+00:00
1306,FL,1999-10,Hurricane,DR,1999-10-14 00:00:00+00:00
2294,FL,2000-04,Fire,FM,2000-04-11 00:00:00+00:00
2303,FL,2000-05,Fire,FM,2000-05-29 00:00:00+00:00
2302,FL,2000-05,Fire,FM,2000-05-28 00:00:00+00:00
2301,FL,2000-05,Fire,FM,2000-05-28 00:00:00+00:00
2300,FL,2000-05,Fire,FM,2000-05-22 00:00:00+00:00
2299,FL,2000-05,Fire,FM,2000-05-19 00:00:00+00:00
2298,FL,2000-05,Fire,FM,2000-05-15 00:00:00+00:00
2307,FL,2000-06,Fire,FM,2000-06-09 00:00:00+00:00
2306,FL,2000-06,Fire,FM,2000-06-05 00:00:00+00:00
2305,FL,2000-06,Fire,FM,2000-06-02 00:00:00+00:00
1344,FL,2000-09,Severe Storm,DR,2000-09-21 00:00:00+00:00
1345,FL,2000-10,Severe Storm,DR,2000-10-03 00:00:00+00:00
1359,FL,2000-12,Freezing,DR,2000-12-01 00:00:00+00:00
2355,FL,2001-02,Fire,FM,2001-02-19 00:00:00+00:00
2354,FL,2001-02,Fire,FM,2001-02-19 00:00:00+00:00
2353,FL,2001-02,Fire,FM,2001-02-17 00:00:00+00:00
2359,FL,2001-04,Fire,FM,2001-04-17 00:00:00+00:00
2358,FL,2001-04,Fire,FM,2001-04-17 00:00:00+00:00
2357,FL,2001-04,Fire,FM,2001-04-16 00:00:00+00:00
2363,FL,2001-05,Fire,FM,2001-05-23 00:00:00+00:00
2361,FL,2001-05,Fire,FM,2001-05-15 00:00:00+00:00
2360,FL,2001-05,Fire,FM,2001-05-14 00:00:00+00:00
1381,FL,2001-06,Severe Storm,DR,2001-06-11 00:00:00+00:00
1393,FL,2001-09,Coastal Storm,DR,2001-09-13 00:00:00+00:00
1460,FL,2003-03,Severe Storm,DR,2003-03-27 00:00:00+00:00
1481,FL,2003-06,Severe Storm,DR,2003-06-13 00:00:00+00:00
1539,FL,2004-08,Hurricane,DR,2004-08-11 00:00:00+00:00
1561,FL,2004-09,Hurricane,DR,2004-09-24 00:00:00+00:00
1551,FL,2004-09,Hurricane,DR,2004-09-13 00:00:00+00:00
1545,FL,2004-09,Hurricane,DR,2004-09-03 00:00:00+00:00
1595,FL,2005-07,Hurricane,DR,2005-07-07 00:00:00+00:00
3220,FL,2005-08,Hurricane,EM,2005-08-29 00:00:00+00:00
1602,FL,2005-08,Hurricane,DR,2005-08-24 00:00:00+00:00
3259,FL,2005-09,Hurricane,EM,2005-09-18 00:00:00+00:00
1609,FL,2005-10,Hurricane,DR,2005-10-23 00:00:00+00:00
2638,FL,2006-05,Fire,FM,2006-05-15 00:00:00+00:00
1680,FL,2006-12,Severe Storm,DR,2006-12-25 00:00:00+00:00
1679,FL,2007-02,Severe Storm,DR,2007-02-01 00:00:00+00:00
2684,FL,2007-03,Fire,FM,2007-03-25 00:00:00+00:00
2696,FL,2007-05,Fire,FM,2007-05-29 00:00:00+00:00
2692,FL,2007-05,Fire,FM,2007-05-07 00:00:00+00:00
2690,FL,2007-05,Fire,FM,2007-05-07 00:00:00+00:00
2689,FL,2007-05,Fire,FM,2007-05-07 00:00:00+00:00
2687,FL,2007-05,Fire,FM,2007-05-01 00:00:00+00:00
2765,FL,2008-05,Fire,FM,2008-05-11 00:00:00+00:00
1785,FL,2008-08,Severe Storm,DR,2008-08-18 00:00:00+00:00
3288,FL,2008-08,Severe Storm,EM,2008-08-18 00:00:00+00:00
1806,FL,2008-08,Hurricane,DR,2008-08-31 00:00:00+00:00
3293,FL,2008-09,Hurricane,EM,2008-09-05 00:00:00+00:00
1831,FL,2009-03,Severe Storm,DR,2009-03-26 00:00:00+00:00
1840,FL,2009-05,Severe Storm,DR,2009-05-17 00:00:00+00:00
2819,FL,2009-05,Fire,FM,2009-05-11 00:00:00+00:00
2902,FL,2011-04,Fire,FM,2011-04-26 00:00:00+00:00
4068,FL,2012-06,Severe Storm,DR,2012-06-23 00:00:00+00:00
4084,FL,2012-08,Hurricane,DR,2012-08-27 00:00:00+00:00
4138,FL,2013-07,Severe Storm,DR,2013-07-02 00:00:00+00:00
4177,FL,2014-04,Severe Storm,DR,2014-04-28 00:00:00+00:00
4280,FL,2016-08,Hurricane,DR,2016-08-31 00:00:00+00:00
4283,FL,2016-10,Hurricane,DR,2016-10-03 00:00:00+00:00
3377,FL,2016-10,Hurricane,EM,2016-10-03 00:00:00+00:00
5180,FL,2017-04,Fire,FM,2017-04-21 00:00:00+00:00
5179,FL,2017-04,Fire,FM,2017-04-21 00:00:00+00:00
5178,FL,2017-04,Fire,FM,2017-04-20 00:00:00+00:00
4341,FL,2017-09,Hurricane,DR,2017-09-04 00:00:00+00:00
4337,FL,2017-09,Hurricane,DR,2017-09-04 00:00:00+00:00
3388,FL,2017-09,Hurricane,EM,2017-09-04 00:00:00+00:00
3385,FL,2017-09,Hurricane,EM,2017-09-04 00:00:00+00:00
3395,FL,2017-10,Hurricane,EM,2017-10-07 00:00:00+00:00
4399,FL,2018-10,Hurricane,DR,2018-10-07 00:00:00+00:00
3405,FL,2018-10,Hurricane,EM,2018-10-07 00:00:00+00:00
4468,FL,2019-08,Hurricane,DR,2019-08-28 00:00:00+00:00
3419,FL,2019-08,Hurricane,EM,2019-08-28 00:00:00+00:00
3420,FL,2019-08,Hurricane,EM,2019-08-28 00:00:00+00:00
4545,FL,2020-01,Biological,DR,2020-01-20 00:00:00+00:00
4486,FL,2020-01,Biological,DR,2020-01-20 00:00:00+00:00
3468,FL,2020-01,Biological,EM,2020-01-20 00:00:00+00:00
3432,FL,2020-01,Biological,EM,2020-01-20 00:00:00+00:00
5309,FL,2020-05,Fire,FM,2020-05-13 00:00:00+00:00
5308,FL,2020-05,Fire,FM,2020-05-06 00:00:00+00:00
5307,FL,2020-05,Fire,FM,2020-05-06 00:00:00+00:00
3533,FL,2020-07,Hurricane,EM,2020-07-31 00:00:00+00:00
4564,FL,2020-09,Hurricane,DR,2020-09-14 00:00:00+00:00
3546,FL,2020-09,Hurricane,EM,2020-09-14 00:00:00+00:00
3551,FL,2020-11,Hurricane,EM,2020-11-07 00:00:00+00:00
3560,FL,2021-06,Other,EM,2021-06-24 00:00:00+00:00
3561,FL,2021-07,Severe Storm,EM,2021-07-04 00:00:00+00:00
3562,FL,2021-08,Hurricane,EM,2021-08-13 00:00:00+00:00
5426,FL,2022-03,Fire,FM,2022-03-04 00:00:00+00:00
5424,FL,2022-03,Fire,FM,2022-03-04 00:00:00+00:00
4675,FL,2022-09,Hurricane,DR,2022-09-23 00:00:00+00:00
4673,FL,2022-09,Hurricane,DR,2022-09-23 00:00:00+00:00
3584,FL,2022-09,Hurricane,EM,2022-09-23 00:00:00+00:00
4680,FL,2022-11,Hurricane,DR,2022-11-07 00:00:00+00:00
3588,FL,2022-11,Tropical Storm,EM,2022-11-07 00:00:00+00:00
3587,FL,2022-11,Tropical Storm,EM,2022-11-07 00:00:00+00:00
4709,FL,2023-04,Flood,DR,2023-04-12 00:00:00+00:00
3596,FL,2023-08,Tropical Storm,EM,2023-08-27 00:00:00+00:00
4734,FL,2023-08,Hurricane,DR,2023-08-27 00:00:00+00:00
4794,FL,2024-05,Severe Storm,DR,2024-05-10 00:00:00+00:00
4806,FL,2024-08,Tropical Storm,DR,2024-08-01 00:00:00+00:00
3605,FL,2024-08,Tropical Storm,EM,2024-08-01 00:00:00+00:00
3615,FL,2024-09,Tropical Storm,EM,2024-09-23 00:00:00+00:00
4828,FL,2024-09,Hurricane,DR,2024-09-23 00:00:00+00:00
3623,FL,2024-10,Hurricane,EM,2024-10-05 00:00:00+00:00
3622,FL,2024-10,Hurricane,EM,2024-10-05 00:00:00+00:00
4834,FL,2024-10,Hurricane,DR,2024-10-05 00:00:00+00:00
4844,FL,2024-10,Hurricane,DR,2024-10-05 00:00:00+00:00
5631,FL,2026-04,Fire,FM,2026-04-19 00:00:00+00:00
5632,FL,2026-04,Fire,FM,2026-04-21 00:00:00+00:00
1,GA,1953-05,Tornado,DR,1953-05-02 00:00:00+00:00
16,GA,1954-03,Tornado,DR,1954-03-17 00:00:00+00:00
110,GA,1961-03,Flood,DR,1961-03-02 00:00:00+00:00
150,GA,1963-03,Flood,DR,1963-03-26 00:00:00+00:00
177,GA,1964-09,Hurricane,DR,1964-09-10 00:00:00+00:00
180,GA,1964-11,Flood,DR,1964-11-04 00:00:00+00:00
214,GA,1966-03,Flood,DR,1966-03-14 00:00:00+00:00
370,GA,1973-04,Tornado,DR,1973-04-04 00:00:00+00:00
391,GA,1973-06,Tornado,DR,1973-06-11 00:00:00+00:00
425,GA,1974-04,Tornado,DR,1974-04-05 00:00:00+00:00
3008,GA,1975-03,Tornado,EM,1975-03-14 00:00:00+00:00
460,GA,1975-03,Tornado,DR,1975-03-29 00:00:00+00:00
507,GA,1976-06,Flood,DR,1976-06-11 00:00:00+00:00
536,GA,1977-06,Freezing,DR,1977-06-02 00:00:00+00:00
3044,GA,1977-07,Drought,EM,1977-07-20 00:00:00+00:00
541,GA,1977-11,Flood,DR,1977-11-07 00:00:00+00:00
3072,GA,1979-03,Flood,EM,1979-03-13 00:00:00+00:00
3089,GA,1984-05,Tornado,EM,1984-05-11 00:00:00+00:00
857,GA,1990-02,Severe Storm,DR,1990-02-10 00:00:00+00:00
880,GA,1990-10,Flood,DR,1990-10-11 00:00:00+00:00
897,GA,1991-03,Flood,DR,1991-03-01 00:00:00+00:00
969,GA,1992-11,Tornado,DR,1992-11-22 00:00:00+00:00
980,GA,1993-02,Tornado,DR,1993-02-21 00:00:00+00:00
3097,GA,1993-03,Snowstorm,EM,1993-03-13 00:00:00+00:00
1020,GA,1994-03,Tornado,DR,1994-03-27 00:00:00+00:00
1033,GA,1994-07,Tornado,DR,1994-07-03 00:00:00+00:00
1042,GA,1994-10,Severe Storm,DR,1994-10-01 00:00:00+00:00
1071,GA,1995-10,Hurricane,DR,1995-10-04 00:00:00+00:00
1076,GA,1995-11,Severe Storm,DR,1995-11-07 00:00:00+00:00
1209,GA,1998-02,Severe Storm,DR,1998-02-14 00:00:00+00:00
1271,GA,1999-04,Severe Storm,DR,1999-04-15 00:00:00+00:00
3144,GA,1999-09,Hurricane,EM,1999-09-14 00:00:00+00:00
1311,GA,2000-01,Severe Storm,DR,2000-01-22 00:00:00+00:00
1315,GA,2000-02,Severe Storm,DR,2000-02-14 00:00:00+00:00
2362,GA,2001-05,Fire,FM,2001-05-17 00:00:00+00:00
1560,GA,2004-09,Hurricane,DR,2004-09-03 00:00:00+00:00
1554,GA,2004-09,Hurricane,DR,2004-09-14 00:00:00+00:00
3218,GA,2005-08,Hurricane,EM,2005-08-27 00:00:00+00:00
1686,GA,2007-03,Severe Storm,DR,2007-03-01 00:00:00+00:00
2686,GA,2007-04,Fire,FM,2007-04-26 00:00:00+00:00
2685,GA,2007-04,Fire,FM,2007-04-16 00:00:00+00:00
2697,GA,2007-05,Fire,FM,2007-05-31 00:00:00+00:00
2693,GA,2007-05,Fire,FM,2007-05-09 00:00:00+00:00
2688,GA,2007-05,Fire,FM,2007-05-04 00:00:00+00:00
1750,GA,2008-03,Severe Storm,DR,2008-03-14 00:00:00+00:00
1761,GA,2008-05,Severe Storm,DR,2008-05-11 00:00:00+00:00
1833,GA,2009-03,Severe Storm,DR,2009-03-26 00:00:00+00:00
1858,GA,2009-09,Severe Storm,DR,2009-09-18 00:00:00+00:00
2876,GA,2011-03,Fire,FM,2011-03-24 00:00:00+00:00
2875,GA,2011-03,Fire,FM,2011-03-25 00:00:00+00:00
1973,GA,2011-04,Severe Storm,DR,2011-04-27 00:00:00+00:00
2921,GA,2011-06,Fire,FM,2011-06-16 00:00:00+00:00
2920,GA,2011-06,Fire,FM,2011-06-15 00:00:00+00:00
4165,GA,2014-02,Severe Ice Storm,DR,2014-02-10 00:00:00+00:00
3368,GA,2014-02,Severe Ice Storm,EM,2014-02-10 00:00:00+00:00
4215,GA,2015-02,Severe Ice Storm,DR,2015-02-15 00:00:00+00:00
4259,GA,2015-12,Severe Storm,DR,2015-12-22 00:00:00+00:00
4284,GA,2016-10,Hurricane,DR,2016-10-04 00:00:00+00:00
3379,GA,2016-10,Hurricane,EM,2016-10-04 00:00:00+00:00
5163,GA,2016-11,Fire,FM,2016-11-13 00:00:00+00:00
4297,GA,2017-01,Tornado,DR,2017-01-21 00:00:00+00:00
4294,GA,2017-01,Severe Storm,DR,2017-01-02 00:00:00+00:00
5181,GA,2017-05,Fire,FM,2017-05-06 00:00:00+00:00
4338,GA,2017-09,Hurricane,DR,2017-09-07 00:00:00+00:00
3387,GA,2017-09,Hurricane,EM,2017-09-07 00:00:00+00:00
4400,GA,2018-10,Hurricane,DR,2018-10-09 00:00:00+00:00
3406,GA,2018-10,Hurricane,EM,2018-10-09 00:00:00+00:00
3422,GA,2019-08,Hurricane,EM,2019-08-29 00:00:00+00:00
4501,GA,2020-01,Biological,DR,2020-01-20 00:00:00+00:00
3464,GA,2020-01,Biological,EM,2020-01-20 00:00:00+00:00
4579,GA,2020-10,Hurricane,DR,2020-10-29 00:00:00+00:00
4600,GA,2021-03,Severe Storm,DR,2021-03-25 00:00:00+00:00
4685,GA,2023-01,Severe Storm,DR,2023-01-12 00:00:00+00:00
4738,GA,2023-08,Hurricane,DR,2023-08-30 00:00:00+00:00
4821,GA,2024-08,Tropical Storm,DR,2024-08-04 00:00:00+00:00
3607,GA,2024-08,Tropical Storm,EM,2024-08-04 00:00:00+00:00
3616,GA,2024-09,Tropical Storm,EM,2024-09-24 00:00:00+00:00
4830,GA,2024-09,Hurricane,DR,2024-09-24 00:00:00+00:00
3642,GA,2026-01,Winter Storm,EM,2026-01-22 00:00:00+00:00
5630,GA,2026-04,Fire,FM,2026-04-20 00:00:00+00:00
5629,GA,2026-04,Fire,FM,2026-04-18 00:00:00+00:00
32,HI,1955-04,Volcanic Eruption,DR,1955-04-01 00:00:00+00:00
71,HI,1957-03,Other,DR,1957-03-16 00:00:00+00:00
94,HI,1959-08,Hurricane,DR,1959-08-16 00:00:00+00:00
96,HI,1960-01,Earthquake,DR,1960-01-21 00:00:00+00:00
101,HI,1960-05,Other,DR,1960-05-25 00:00:00+00:00
152,HI,1963-04,Flood,DR,1963-04-24 00:00:00+00:00
251,HI,1968-09,Flood,DR,1968-09-13 00:00:00+00:00
383,HI,1973-05,Earthquake,DR,1973-05-16 00:00:00+00:00
433,HI,1974-05,Flood,DR,1974-05-07 00:00:00+00:00
490,HI,1975-12,Earthquake,DR,1975-12-07 00:00:00+00:00
573,HI,1979-03,Flood,DR,1979-03-07 00:00:00+00:00
613,HI,1980-02,Flood,DR,1980-02-06 00:00:00+00:00
656,HI,1982-04,Flood,DR,1982-04-22 00:00:00+00:00
671,HI,1982-11,Typhoon,DR,1982-11-27 00:00:00+00:00
864,HI,1983-01,Volcanic Eruption,DR,1983-01-24 00:00:00+00:00
2044,HI,1983-03,Fire,FM,1983-03-04 00:00:00+00:00
808,HI,1987-11,Flood,DR,1987-11-12 00:00:00+00:00
961,HI,1992-09,Hurricane,DR,1992-09-11 00:00:00+00:00
3122,HI,1996-11,Severe Storm,EM,1996-11-05 00:00:00+00:00
1147,HI,1996-11,Flood,DR,1996-11-05 00:00:00+00:00
2195,HI,1998-02,Fire,FM,1998-02-16 00:00:00+00:00
2196,HI,1998-03,Fire,FM,1998-03-14 00:00:00+00:00
2236,HI,1998-08,Fire,FM,1998-08-25 00:00:00+00:00
2293,HI,2000-03,Fire,FM,2000-03-20 00:00:00+00:00
1348,HI,2000-10,Severe Storm,DR,2000-10-28 00:00:00+00:00
2468,HI,2003-05,Fire,FM,2003-05-18 00:00:00+00:00
2556,HI,2004-09,Fire,FM,2004-09-12 00:00:00+00:00
1575,HI,2004-10,Severe Storm,DR,2004-10-30 00:00:00+00:00
2577,HI,2005-08,Fire,FM,2005-08-17 00:00:00+00:00
2576,HI,2005-08,Fire,FM,2005-08-14 00:00:00+00:00
2574,HI,2005-08,Fire,FM,2005-08-02 00:00:00+00:00
2573,HI,2005-08,Fire,FM,2005-08-01 00:00:00+00:00
1640,HI,2006-02,Severe Storm,DR,2006-02-20 00:00:00+00:00
2673,HI,2006-09,Fire,FM,2006-09-01 00:00:00+00:00
1664,HI,2006-10,Earthquake,DR,2006-10-15 00:00:00+00:00
2701,HI,2007-06,Fire,FM,2007-06-27 00:00:00+00:00
2722,HI,2007-08,Fire,FM,2007-08-16 00:00:00+00:00
2720,HI,2007-08,Fire,FM,2007-08-14 00:00:00+00:00
2740,HI,2007-10,Fire,FM,2007-10-28 00:00:00+00:00
1743,HI,2007-12,Severe Storm,DR,2007-12-04 00:00:00+00:00
1814,HI,2008-12,Flood,DR,2008-12-10 00:00:00+00:00
2834,HI,2009-08,Fire,FM,2009-08-29 00:00:00+00:00
2844,HI,2010-06,Fire,FM,2010-06-08 00:00:00+00:00
1967,HI,2011-03,Tsunami,DR,2011-03-11 00:00:00+00:00
4062,HI,2012-03,Severe Storm,DR,2012-03-03 00:00:00+00:00
4194,HI,2014-08,Severe Storm,DR,2014-08-07 00:00:00+00:00
4201,HI,2014-09,Volcanic Eruption,DR,2014-09-04 00:00:00+00:00
4282,HI,2016-09,Mud/Landslide,DR,2016-09-11 00:00:00+00:00
4365,HI,2018-04,Flood,DR,2018-04-13 00:00:00+00:00
4366,HI,2018-05,Volcanic Eruption,DR,2018-05-03 00:00:00+00:00
4395,HI,2018-08,Hurricane,DR,2018-08-22 00:00:00+00:00
3399,HI,2018-08,Hurricane,EM,2018-08-22 00:00:00+00:00
3404,HI,2018-09,Hurricane,EM,2018-09-09 00:00:00+00:00
5294,HI,2019-10,Fire,FM,2019-10-22 00:00:00+00:00
4510,HI,2020-01,Biological,DR,2020-01-20 00:00:00+00:00
3431,HI,2020-01,Biological,EM,2020-01-20 00:00:00+00:00
4549,HI,2020-03,Severe Storm,DR,2020-03-27 00:00:00+00:00
3529,HI,2020-07,Hurricane,EM,2020-07-23 00:00:00+00:00
4604,HI,2021-03,Flood,DR,2021-03-08 00:00:00+00:00
5404,HI,2021-08,Fire,FM,2021-08-01 00:00:00+00:00
4639,HI,2021-12,Severe Storm,DR,2021-12-05 00:00:00+00:00
5478,HI,2023-08,Fire,FM,2023-08-08 00:00:00+00:00
5477,HI,2023-08,Fire,FM,2023-08-09 00:00:00+00:00
5476,HI,2023-08,Fire,FM,2023-08-09 00:00:00+00:00
5475,HI,2023-08,Fire,FM,2023-08-09 00:00:00+00:00
5474,HI,2023-08,Fire,FM,2023-08-08 00:00:00+00:00
4724,HI,2023-08,Fire,DR,2023-08-08 00:00:00+00:00
4793,HI,2024-04,Flood,DR,2024-04-11 00:00:00+00:00
5609,HI,2025-08,Fire,FM,2025-08-19 00:00:00+00:00
5613,HI,2025-09,Fire,FM,2025-09-23 00:00:00+00:00
4909,HI,2026-03,Flood,DR,2026-03-10 00:00:00+00:00
8,IA,1953-06,Flood,DR,1953-06-11 00:00:00+00:00
17,IA,1954-06,Flood,DR,1954-06-23 00:00:00+00:00
86,IA,1958-07,Flood,DR,1958-07-05 00:00:00+00:00
111,IA,1961-03,Flood,DR,1961-03-31 00:00:00+00:00
133,IA,1962-09,Flood,DR,1962-09-05 00:00:00+00:00
193,IA,1965-04,Flood,DR,1965-04-22 00:00:00+00:00
240,IA,1968-05,Tornado,DR,1968-05-29 00:00:00+00:00
248,IA,1968-08,Flood,DR,1968-08-04 00:00:00+00:00
259,IA,1969-04,Flood,DR,1969-04-25 00:00:00+00:00
269,IA,1969-08,Flood,DR,1969-08-14 00:00:00+00:00
348,IA,1972-08,Flood,DR,1972-08-18 00:00:00+00:00
354,IA,1972-09,Flood,DR,1972-09-26 00:00:00+00:00
386,IA,1973-05,Flood,DR,1973-05-23 00:00:00+00:00
443,IA,1974-06,Flood,DR,1974-06-24 00:00:00+00:00
3036,IA,1977-03,Drought,EM,1977-03-31 00:00:00+00:00
3076,IA,1979-04,Tornado,EM,1979-04-06 00:00:00+00:00
590,IA,1979-07,Tornado,DR,1979-07-01 00:00:00+00:00
715,IA,1984-06,Severe Storm,DR,1984-06-07 00:00:00+00:00
795,IA,1987-05,Flood,DR,1987-05-26 00:00:00+00:00
814,IA,1988-07,Tornado,DR,1988-07-15 00:00:00+00:00
868,IA,1990-05,Flood,DR,1990-05-18 00:00:00+00:00
879,IA,1990-07,Flood,DR,1990-07-25 00:00:00+00:00
911,IA,1991-06,Flood,DR,1991-06-01 00:00:00+00:00
928,IA,1991-10,Severe Ice Storm,DR,1991-10-31 00:00:00+00:00
965,IA,1992-09,Flood,DR,1992-09-14 00:00:00+00:00
986,IA,1993-03,Flood,DR,1993-03-26 00:00:00+00:00
996,IA,1993-04,Flood,DR,1993-04-13 00:00:00+00:00
1121,IA,1996-05,Severe Storm,DR,1996-05-08 00:00:00+00:00
1133,IA,1996-06,Severe Storm,DR,1996-06-15 00:00:00+00:00
1191,IA,1997-10,Snowstorm,DR,1997-10-26 00:00:00+00:00
1230,IA,1998-06,Flood,DR,1998-06-13 00:00:00+00:00
1277,IA,1999-05,Severe Storm,DR,1999-05-16 00:00:00+00:00
1282,IA,1999-07,Severe Storm,DR,1999-07-02 00:00:00+00:00
1367,IA,2001-04,Severe Storm,DR,2001-04-08 00:00:00+00:00
1420,IA,2002-06,Flood,DR,2002-06-03 00:00:00+00:00
1518,IA,2004-05,Severe Storm,DR,2004-05-19 00:00:00+00:00
3239,IA,2005-08,Hurricane,EM,2005-08-29 00:00:00+00:00
1688,IA,2007-02,Severe Storm,DR,2007-02-23 00:00:00+00:00
3275,IA,2007-02,Snowstorm,EM,2007-02-28 00:00:00+00:00
1705,IA,2007-05,Severe Storm,DR,2007-05-05 00:00:00+00:00
1727,IA,2007-08,Severe Storm,DR,2007-08-17 00:00:00+00:00
1737,IA,2007-12,Severe Ice Storm,DR,2007-12-10 00:00:00+00:00
1763,IA,2008-05,Severe Storm,DR,2008-05-25 00:00:00+00:00
1854,IA,2009-07,Severe Storm,DR,2009-07-10 00:00:00+00:00
1877,IA,2009-12,Severe Storm,DR,2009-12-23 00:00:00+00:00
1880,IA,2010-01,Severe Storm,DR,2010-01-19 00:00:00+00:00
1928,IA,2010-05,Severe Storm,DR,2010-05-12 00:00:00+00:00
1930,IA,2010-06,Severe Storm,DR,2010-06-01 00:00:00+00:00
1977,IA,2011-04,Severe Storm,DR,2011-04-09 00:00:00+00:00
1998,IA,2011-05,Flood,DR,2011-05-25 00:00:00+00:00
4018,IA,2011-07,Severe Storm,DR,2011-07-27 00:00:00+00:00
4016,IA,2011-07,Severe Storm,DR,2011-07-09 00:00:00+00:00
4119,IA,2013-04,Flood,DR,2013-04-17 00:00:00+00:00
4114,IA,2013-04,Severe Storm,DR,2013-04-09 00:00:00+00:00
4126,IA,2013-05,Severe Storm,DR,2013-05-19 00:00:00+00:00
4135,IA,2013-06,Severe Storm,DR,2013-06-21 00:00:00+00:00
4187,IA,2014-06,Severe Storm,DR,2014-06-26 00:00:00+00:00
4184,IA,2014-06,Flood,DR,2014-06-14 00:00:00+00:00
4181,IA,2014-06,Severe Storm,DR,2014-06-03 00:00:00+00:00
4234,IA,2015-06,Severe Storm,DR,2015-06-20 00:00:00+00:00
4281,IA,2016-08,Flood,DR,2016-08-23 00:00:00+00:00
4289,IA,2016-09,Flood,DR,2016-09-21 00:00:00+00:00
4334,IA,2017-07,Severe Storm,DR,2017-07-19 00:00:00+00:00
4386,IA,2018-06,Severe Storm,DR,2018-06-06 00:00:00+00:00
4392,IA,2018-07,Severe Storm,DR,2018-07-19 00:00:00+00:00
4430,IA,2019-03,Flood,DR,2019-03-13 00:00:00+00:00
4421,IA,2019-03,Flood,DR,2019-03-12 00:00:00+00:00
4483,IA,2020-01,Biological,DR,2020-01-20 00:00:00+00:00
3524,IA,2020-01,Biological,EM,2020-01-20 00:00:00+00:00
3480,IA,2020-01,Biological,EM,2020-01-20 00:00:00+00:00
4561,IA,2020-08,Severe Storm,DR,2020-08-10 00:00:00+00:00
4557,IA,2020-08,Severe Storm,DR,2020-08-10 00:00:00+00:00
4642,IA,2021-12,Severe Storm,DR,2021-12-15 00:00:00+00:00
4732,IA,2023-04,Flood,DR,2023-04-24 00:00:00+00:00
4779,IA,2024-04,Tornado,DR,2024-04-26 00:00:00+00:00
4784,IA,2024-05,Severe Storm,DR,2024-05-20 00:00:00+00:00
4796,IA,2024-06,Severe Storm,DR,2024-06-16 00:00:00+00:00
4870,IA,2025-03,Winter Storm,DR,2025-03-19 00:00:00+00:00
55,ID,1956-04,Flood,DR,1956-04-21 00:00:00+00:00
76,ID,1957-05,Flood,DR,1957-05-27 00:00:00+00:00
105,ID,1960-07,Fire,DR,1960-07-22 00:00:00+00:00
116,ID,1961-06,Flood,DR,1961-06-26 00:00:00+00:00
120,ID,1962-02,Flood,DR,1962-02-14 00:00:00+00:00
143,ID,1963-02,Flood,DR,1963-02-14 00:00:00+00:00
186,ID,1964-12,Flood,DR,1964-12-31 00:00:00+00:00
231,ID,1967-08,Fire,DR,1967-08-30 00:00:00+00:00
324,ID,1972-03,Flood,DR,1972-03-02 00:00:00+00:00
415,ID,1974-01,Flood,DR,1974-01-25 00:00:00+00:00
505,ID,1976-06,Flood,DR,1976-06-06 00:00:00+00:00
3040,ID,1977-05,Drought,EM,1977-05-05 00:00:00+00:00
2029,ID,1977-08,Fire,FM,1977-08-20 00:00:00+00:00
2038,ID,1979-08,Fire,FM,1979-08-08 00:00:00+00:00
624,ID,1980-05,Volcanic Eruption,DR,1980-05-22 00:00:00+00:00
694,ID,1983-10,Earthquake,DR,1983-10-28 00:00:00+00:00
697,ID,1984-01,Snowstorm,DR,1984-01-17 00:00:00+00:00
1102,ID,1996-02,Severe Storm,DR,1996-02-06 00:00:00+00:00
1154,ID,1996-11,Severe Storm,DR,1996-11-16 00:00:00+00:00
1177,ID,1997-03,Severe Storm,DR,1997-03-14 00:00:00+00:00
1341,ID,2000-07,Fire,DR,2000-07-27 00:00:00+00:00
1592,ID,2005-05,Flood,DR,2005-05-06 00:00:00+00:00
3244,ID,2005-08,Hurricane,EM,2005-08-29 00:00:00+00:00
1630,ID,2005-12,Severe Storm,DR,2005-12-30 00:00:00+00:00
2726,ID,2007-08,Fire,FM,2007-08-30 00:00:00+00:00
2725,ID,2007-08,Fire,FM,2007-08-30 00:00:00+00:00
2724,ID,2007-08,Fire,FM,2007-08-28 00:00:00+00:00
1781,ID,2008-05,Flood,DR,2008-05-15 00:00:00+00:00
1927,ID,2010-06,Severe Storm,DR,2010-06-02 00:00:00+00:00
2853,ID,2010-08,Fire,FM,2010-08-26 00:00:00+00:00
1987,ID,2011-03,Flood,DR,2011-03-31 00:00:00+00:00
5006,ID,2012-08,Fire,FM,2012-08-15 00:00:00+00:00
5019,ID,2012-09,Fire,FM,2012-09-18 00:00:00+00:00
5045,ID,2013-08,Fire,FM,2013-08-15 00:00:00+00:00
5043,ID,2013-08,Fire,FM,2013-08-12 00:00:00+00:00
5088,ID,2015-07,Fire,FM,2015-07-05 00:00:00+00:00
5110,ID,2015-08,Fire,FM,2015-08-29 00:00:00+00:00
5105,ID,2015-08,Fire,FM,2015-08-14 00:00:00+00:00
5099,ID,2015-08,Fire,FM,2015-08-10 00:00:00+00:00
4246,ID,2015-11,Severe Storm,DR,2015-11-17 00:00:00+00:00
4252,ID,2015-12,Severe Storm,DR,2015-12-16 00:00:00+00:00
5151,ID,2016-08,Fire,FM,2016-08-21 00:00:00+00:00
4310,ID,2017-02,Flood,DR,2017-02-05 00:00:00+00:00
4342,ID,2017-03,Flood,DR,2017-03-29 00:00:00+00:00
4313,ID,2017-03,Flood,DR,2017-03-06 00:00:00+00:00
4333,ID,2017-05,Flood,DR,2017-05-06 00:00:00+00:00
5263,ID,2018-07,Fire,FM,2018-07-28 00:00:00+00:00
4443,ID,2019-04,Flood,DR,2019-04-07 00:00:00+00:00
4534,ID,2020-01,Biological,DR,2020-01-20 00:00:00+00:00
3467,ID,2020-01,Biological,EM,2020-01-20 00:00:00+00:00
4589,ID,2021-01,Severe Storm,DR,2021-01-13 00:00:00+00:00
5407,ID,2021-08,Fire,FM,2021-08-12 00:00:00+00:00
5449,ID,2022-08,Fire,FM,2022-08-18 00:00:00+00:00
5452,ID,2022-09,Fire,FM,2022-09-05 00:00:00+00:00
4789,ID,2024-04,Flood,DR,2024-04-14 00:00:00+00:00
5520,ID,2024-07,Fire,FM,2024-07-25 00:00:00+00:00
5510,ID,2024-07,Fire,FM,2024-07-15 00:00:00+00:00
5607,ID,2025-08,Fire,FM,2025-08-14 00:00:00+00:00
4905,ID,2025-12,Straight-Line Winds,DR,2025-12-16 00:00:00+00:00
4917,ID,2026-03,Severe Storm,DR,2026-03-11 00:00:00+00:00
78,IL,1957-06,Flood,DR,1957-06-22 00:00:00+00:00
115,IL,1961-05,Flood,DR,1961-05-27 00:00:00+00:00
194,IL,1965-04,Tornado,DR,1965-04-25 00:00:00+00:00
227,IL,1967-04,Tornado,DR,1967-04-25 00:00:00+00:00
242,IL,1968-06,Tornado,DR,1968-06-05 00:00:00+00:00
262,IL,1969-06,Flood,DR,1969-06-06 00:00:00+00:00
276,IL,1969-08,Flood,DR,1969-08-30 00:00:00+00:00
351,IL,1972-09,Flood,DR,1972-09-04 00:00:00+00:00
373,IL,1973-04,Flood,DR,1973-04-26 00:00:00+00:00
427,IL,1974-04,Tornado,DR,1974-04-11 00:00:00+00:00
438,IL,1974-06,Flood,DR,1974-06-10 00:00:00+00:00
478,IL,1975-07,Tornado,DR,1975-07-25 00:00:00+00:00
509,IL,1976-06,Severe Storm,DR,1976-06-18 00:00:00+00:00
3068,IL,1979-01,Snowstorm,EM,1979-01-16 00:00:00+00:00
583,IL,1979-04,Flood,DR,1979-04-30 00:00:00+00:00
643,IL,1981-06,Severe Storm,DR,1981-06-30 00:00:00+00:00
660,IL,1982-06,Tornado,DR,1982-06-05 00:00:00+00:00
674,IL,1982-12,Severe Storm,DR,1982-12-13 00:00:00+00:00
684,IL,1983-06,Severe Storm,DR,1983-06-06 00:00:00+00:00
735,IL,1985-02,Flood,DR,1985-02-23 00:00:00+00:00
776,IL,1986-09,Flood,DR,1986-09-21 00:00:00+00:00
798,IL,1987-08,Flood,DR,1987-08-13 00:00:00+00:00
819,IL,1989-01,Tornado,DR,1989-01-07 00:00:00+00:00
860,IL,1990-02,Severe Ice Storm,DR,1990-02-14 00:00:00+00:00
871,IL,1990-05,Severe Storm,DR,1990-05-15 00:00:00+00:00
878,IL,1990-08,Tornado,DR,1990-08-28 00:00:00+00:00
941,IL,1992-04,Flood,DR,1992-04-14 00:00:00+00:00
997,IL,1993-04,Flood,DR,1993-04-13 00:00:00+00:00
1025,IL,1994-04,Severe Storm,DR,1994-04-09 00:00:00+00:00
1053,IL,1995-05,Severe Storm,DR,1995-05-15 00:00:00+00:00
1112,IL,1996-04,Severe Storm,DR,1996-04-28 00:00:00+00:00
1110,IL,1996-04,Severe Storm,DR,1996-04-18 00:00:00+00:00
1129,IL,1996-07,Severe Storm,DR,1996-07-17 00:00:00+00:00
1170,IL,1997-03,Severe Storm,DR,1997-03-01 00:00:00+00:00
1188,IL,1997-08,Severe Storm,DR,1997-08-16 00:00:00+00:00
3134,IL,1999-01,Snowstorm,EM,1999-01-01 00:00:00+00:00
1278,IL,1999-05,Severe Storm,DR,1999-05-16 00:00:00+00:00
3161,IL,2000-12,Snowstorm,EM,2000-12-11 00:00:00+00:00
1368,IL,2001-04,Flood,DR,2001-04-18 00:00:00+00:00
1416,IL,2002-04,Tornado,DR,2002-04-21 00:00:00+00:00
1469,IL,2003-05,Severe Storm,DR,2003-05-06 00:00:00+00:00
1513,IL,2004-04,Severe Storm,DR,2004-04-20 00:00:00+00:00
3199,IL,2004-12,Snowstorm,EM,2004-12-21 00:00:00+00:00
3230,IL,2005-08,Hurricane,EM,2005-08-29 00:00:00+00:00
1633,IL,2006-03,Severe Storm,DR,2006-03-11 00:00:00+00:00
3269,IL,2006-11,Snowstorm,EM,2006-11-30 00:00:00+00:00
1681,IL,2006-11,Severe Ice Storm,DR,2006-11-30 00:00:00+00:00
1729,IL,2007-08,Severe Storm,DR,2007-08-20 00:00:00+00:00
1722,IL,2007-08,Severe Storm,DR,2007-08-07 00:00:00+00:00
1747,IL,2008-01,Severe Storm,DR,2008-01-07 00:00:00+00:00
3283,IL,2008-02,Snowstorm,EM,2008-02-05 00:00:00+00:00
1771,IL,2008-06,Severe Storm,DR,2008-06-01 00:00:00+00:00
1800,IL,2008-09,Severe Storm,DR,2008-09-13 00:00:00+00:00
1826,IL,2009-01,Severe Storm,DR,2009-01-26 00:00:00+00:00
1850,IL,2009-05,Severe Storm,DR,2009-05-08 00:00:00+00:00
1935,IL,2010-07,Severe Storm,DR,2010-07-19 00:00:00+00:00
1960,IL,2011-01,Snowstorm,DR,2011-01-31 00:00:00+00:00
1991,IL,2011-04,Severe Storm,DR,2011-04-19 00:00:00+00:00
4116,IL,2013-04,Flood,DR,2013-04-16 00:00:00+00:00
4157,IL,2013-11,Tornado,DR,2013-11-17 00:00:00+00:00
4461,IL,2019-02,Flood,DR,2019-02-24 00:00:00+00:00
4489,IL,2020-01,Biological,DR,2020-01-20 00:00:00+00:00
3435,IL,2020-01,Biological,EM,2020-01-20 00:00:00+00:00
3577,IL,2021-12,Tornado,EM,2021-12-10 00:00:00+00:00
4676,IL,2022-07,Flood,DR,2022-07-25 00:00:00+00:00
4728,IL,2023-06,Severe Storm,DR,2023-06-29 00:00:00+00:00
4749,IL,2023-09,Flood,DR,2023-09-17 00:00:00+00:00
4819,IL,2024-07,Flood,DR,2024-07-13 00:00:00+00:00
30,IN,1954-10,Flood,DR,1954-10-26 00:00:00+00:00
91,IN,1959-01,Flood,DR,1959-01-29 00:00:00+00:00
113,IN,1961-05,Flood,DR,1961-05-20 00:00:00+00:00
162,IN,1964-03,Flood,DR,1964-03-17 00:00:00+00:00
189,IN,1965-04,Tornado,DR,1965-04-14 00:00:00+00:00
247,IN,1968-07,Flood,DR,1968-07-30 00:00:00+00:00
423,IN,1974-04,Tornado,DR,1974-04-04 00:00:00+00:00
3028,IN,1977-02,Snowstorm,EM,1977-02-02 00:00:00+00:00
3056,IN,1978-01,Snowstorm,EM,1978-01-27 00:00:00+00:00
553,IN,1978-03,Flood,DR,1978-03-29 00:00:00+00:00
596,IN,1979-07,Flood,DR,1979-07-31 00:00:00+00:00
652,IN,1982-03,Flood,DR,1982-03-20 00:00:00+00:00
767,IN,1986-03,Tornado,DR,1986-03-10 00:00:00+00:00
869,IN,1990-05,Severe Storm,DR,1990-05-15 00:00:00+00:00
885,IN,1990-11,Flood,DR,1990-11-27 00:00:00+00:00
891,IN,1990-12,Flood,DR,1990-12-28 00:00:00+00:00
899,IN,1991-03,Severe Ice Storm,DR,1991-03-12 00:00:00+00:00
962,IN,1992-06,Severe Storm,DR,1992-06-16 00:00:00+00:00
953,IN,1992-08,Flood,DR,1992-08-08 00:00:00+00:00
1002,IN,1993-08,Severe Storm,DR,1993-08-16 00:00:00+00:00
1109,IN,1996-01,Flood,DR,1996-01-06 00:00:00+00:00
1125,IN,1996-04,Severe Storm,DR,1996-04-28 00:00:00+00:00
1165,IN,1997-02,Severe Storm,DR,1997-02-28 00:00:00+00:00
1217,IN,1998-03,Severe Storm,DR,1998-03-09 00:00:00+00:00
1234,IN,1998-06,Severe Storm,DR,1998-06-11 00:00:00+00:00
3135,IN,1999-01,Snowstorm,EM,1999-01-01 00:00:00+00:00
3162,IN,2000-12,Snowstorm,EM,2000-12-11 00:00:00+00:00
1418,IN,2002-04,Severe Storm,DR,2002-04-28 00:00:00+00:00
1433,IN,2002-09,Severe Storm,DR,2002-09-20 00:00:00+00:00
1476,IN,2003-07,Severe Storm,DR,2003-07-04 00:00:00+00:00
1487,IN,2003-08,Severe Storm,DR,2003-08-26 00:00:00+00:00
1520,IN,2004-05,Severe Storm,DR,2004-05-25 00:00:00+00:00
1542,IN,2004-07,Severe Storm,DR,2004-07-03 00:00:00+00:00
3197,IN,2004-12,Snowstorm,EM,2004-12-21 00:00:00+00:00
1573,IN,2005-01,Severe Storm,DR,2005-01-01 00:00:00+00:00
3238,IN,2005-08,Hurricane,EM,2005-08-29 00:00:00+00:00
1612,IN,2005-11,Tornado,DR,2005-11-06 00:00:00+00:00
1662,IN,2006-09,Severe Storm,DR,2006-09-12 00:00:00+00:00
3274,IN,2007-02,Snowstorm,EM,2007-02-12 00:00:00+00:00
1732,IN,2007-08,Severe Storm,DR,2007-08-15 00:00:00+00:00
1740,IN,2008-01,Severe Storm,DR,2008-01-07 00:00:00+00:00
1766,IN,2008-05,Severe Storm,DR,2008-05-30 00:00:00+00:00
1795,IN,2008-09,Severe Storm,DR,2008-09-12 00:00:00+00:00
1828,IN,2009-01,Severe Storm,DR,2009-01-26 00:00:00+00:00
1832,IN,2009-03,Severe Storm,DR,2009-03-08 00:00:00+00:00
1997,IN,2011-04,Severe Storm,DR,2011-04-19 00:00:00+00:00
4058,IN,2012-02,Severe Storm,DR,2012-02-29 00:00:00+00:00
4173,IN,2014-01,Severe Storm,DR,2014-01-05 00:00:00+00:00
4363,IN,2018-02,Flood,DR,2018-02-14 00:00:00+00:00
4515,IN,2020-01,Biological,DR,2020-01-20 00:00:00+00:00
3456,IN,2020-01,Biological,EM,2020-01-20 00:00:00+00:00
4704,IN,2023-03,Severe Storm,DR,2023-03-31 00:00:00+00:00
4882,IN,2025-03,Flood,DR,2025-03-30 00:00:00+00:00
3641,IN,2026-01,Winter Storm,EM,2026-01-23 00:00:00+00:00
34,KS,1955-05,Tornado,DR,1955-05-27 00:00:00+00:00
81,KS,1957-09,Flood,DR,1957-09-05 00:00:00+00:00
88,KS,1958-11,Flood,DR,1958-11-06 00:00:00+00:00
201,KS,1965-06,Flood,DR,1965-06-23 00:00:00+00:00
219,KS,1966-06,Tornado,DR,1966-06-10 00:00:00+00:00
229,KS,1967-07,Tornado,DR,1967-07-18 00:00:00+00:00
267,KS,1969-07,Tornado,DR,1969-07-15 00:00:00+00:00
378,KS,1973-05,Flood,DR,1973-05-02 00:00:00+00:00
403,KS,1973-09,Severe Storm,DR,1973-09-28 00:00:00+00:00
442,KS,1974-06,Flood,DR,1974-06-10 00:00:00+00:00
514,KS,1976-07,Flood,DR,1976-07-13 00:00:00+00:00
539,KS,1977-09,Flood,DR,1977-09-20 00:00:00+00:00
588,KS,1979-06,Flood,DR,1979-06-15 00:00:00+00:00
644,KS,1981-07,Severe Storm,DR,1981-07-18 00:00:00+00:00
663,KS,1982-06,Flood,DR,1982-06-28 00:00:00+00:00
714,KS,1984-06,Severe Storm,DR,1984-06-07 00:00:00+00:00
780,KS,1986-10,Flood,DR,1986-10-02 00:00:00+00:00
903,KS,1991-04,Tornado,DR,1991-04-26 00:00:00+00:00
1000,KS,1993-06,Flood,DR,1993-06-28 00:00:00+00:00
3126,KS,1998-06,Other,EM,1998-06-08 00:00:00+00:00
1254,KS,1998-10,Severe Storm,DR,1998-10-01 00:00:00+00:00
1258,KS,1998-10,Severe Storm,DR,1998-10-30 00:00:00+00:00
1273,KS,1999-05,Tornado,DR,1999-05-03 00:00:00+00:00
1327,KS,2000-04,Severe Storm,DR,2000-04-19 00:00:00+00:00
1366,KS,2001-04,Severe Storm,DR,2001-04-21 00:00:00+00:00
1402,KS,2002-01,Severe Ice Storm,DR,2002-01-29 00:00:00+00:00
1462,KS,2003-05,Severe Storm,DR,2003-05-04 00:00:00+00:00
1535,KS,2004-06,Severe Storm,DR,2004-06-12 00:00:00+00:00
1562,KS,2004-08,Severe Storm,DR,2004-08-27 00:00:00+00:00
1579,KS,2005-01,Severe Storm,DR,2005-01-04 00:00:00+00:00
1600,KS,2005-06,Severe Storm,DR,2005-06-30 00:00:00+00:00
3236,KS,2005-09,Hurricane,EM,2005-09-01 00:00:00+00:00
1615,KS,2005-10,Severe Storm,DR,2005-10-01 00:00:00+00:00
1626,KS,2005-11,Severe Storm,DR,2005-11-27 00:00:00+00:00
2632,KS,2006-03,Fire,FM,2006-03-30 00:00:00+00:00
1638,KS,2006-03,Severe Storm,DR,2006-03-12 00:00:00+00:00
1675,KS,2006-12,Severe Storm,DR,2006-12-28 00:00:00+00:00
1699,KS,2007-05,Severe Storm,DR,2007-05-04 00:00:00+00:00
1711,KS,2007-06,Severe Storm,DR,2007-06-26 00:00:00+00:00
3282,KS,2007-12,Severe Storm,EM,2007-12-06 00:00:00+00:00
1741,KS,2007-12,Severe Storm,DR,2007-12-06 00:00:00+00:00
1776,KS,2008-05,Severe Storm,DR,2008-05-22 00:00:00+00:00
1808,KS,2008-09,Severe Storm,DR,2008-09-11 00:00:00+00:00
1848,KS,2009-03,Severe Storm,DR,2009-03-26 00:00:00+00:00
1849,KS,2009-04,Severe Storm,DR,2009-04-25 00:00:00+00:00
1860,KS,2009-07,Severe Storm,DR,2009-07-08 00:00:00+00:00
1868,KS,2009-11,Severe Storm,DR,2009-11-14 00:00:00+00:00
1885,KS,2009-12,Severe Storm,DR,2009-12-22 00:00:00+00:00
1932,KS,2010-06,Severe Storm,DR,2010-06-07 00:00:00+00:00
2878,KS,2011-04,Fire,FM,2011-04-03 00:00:00+00:00
4010,KS,2011-05,Severe Storm,DR,2011-05-19 00:00:00+00:00
4035,KS,2011-06,Flood,DR,2011-06-01 00:00:00+00:00
3324,KS,2011-06,Flood,EM,2011-06-01 00:00:00+00:00
4063,KS,2012-04,Severe Storm,DR,2012-04-14 00:00:00+00:00
4112,KS,2013-02,Snowstorm,DR,2013-02-20 00:00:00+00:00
4150,KS,2013-07,Severe Storm,DR,2013-07-22 00:00:00+00:00
4230,KS,2015-05,Severe Storm,DR,2015-05-04 00:00:00+00:00
5120,KS,2016-03,Fire,FM,2016-03-23 00:00:00+00:00
5121,KS,2016-04,Fire,FM,2016-04-05 00:00:00+00:00
4287,KS,2016-09,Severe Storm,DR,2016-09-02 00:00:00+00:00
4304,KS,2017-01,Severe Ice Storm,DR,2017-01-13 00:00:00+00:00
5176,KS,2017-03,Fire,FM,2017-03-04 00:00:00+00:00
5175,KS,2017-03,Fire,FM,2017-03-04 00:00:00+00:00
5174,KS,2017-03,Fire,FM,2017-03-04 00:00:00+00:00
5173,KS,2017-03,Fire,FM,2017-03-04 00:00:00+00:00
5172,KS,2017-03,Fire,FM,2017-03-04 00:00:00+00:00
5171,KS,2017-03,Fire,FM,2017-03-04 00:00:00+00:00
5170,KS,2017-03,Fire,FM,2017-03-04 00:00:00+00:00
4319,KS,2017-04,Snowstorm,DR,2017-04-28 00:00:00+00:00
4347,KS,2017-07,Severe Storm,DR,2017-07-22 00:00:00+00:00
4403,KS,2018-09,Severe Storm,DR,2018-09-01 00:00:00+00:00
4417,KS,2018-10,Severe Storm,DR,2018-10-04 00:00:00+00:00
4449,KS,2019-04,Severe Storm,DR,2019-04-28 00:00:00+00:00
3412,KS,2019-05,Severe Storm,EM,2019-05-09 00:00:00+00:00
4504,KS,2020-01,Biological,DR,2020-01-20 00:00:00+00:00
3492,KS,2020-01,Biological,EM,2020-01-20 00:00:00+00:00
3491,KS,2020-01,Biological,EM,2020-01-20 00:00:00+00:00
3490,KS,2020-01,Biological,EM,2020-01-20 00:00:00+00:00
3481,KS,2020-01,Biological,EM,2020-01-20 00:00:00+00:00
4640,KS,2021-12,Severe Storm,DR,2021-12-15 00:00:00+00:00
5425,KS,2022-03,Fire,FM,2022-03-05 00:00:00+00:00
4654,KS,2022-03,Snowstorm,DR,2022-03-17 00:00:00+00:00
5463,KS,2023-04,Fire,FM,2023-04-13 00:00:00+00:00
4747,KS,2023-07,Severe Storm,DR,2023-07-14 00:00:00+00:00
4774,KS,2024-01,Winter Storm,DR,2024-01-08 00:00:00+00:00
4800,KS,2024-04,Severe Storm,DR,2024-04-25 00:00:00+00:00
4811,KS,2024-05,Severe Storm,DR,2024-05-19 00:00:00+00:00
4824,KS,2024-06,Severe Storm,DR,2024-06-26 00:00:00+00:00
5556,KS,2025-03,Fire,FM,2025-03-14 00:00:00+00:00
4869,KS,2025-03,Severe Storm,DR,2025-03-14 00:00:00+00:00
4883,KS,2025-05,Severe Storm,DR,2025-05-18 00:00:00+00:00
4891,KS,2025-06,Severe Storm,DR,2025-06-03 00:00:00+00:00
4897,KS,2025-07,Severe Storm,DR,2025-07-17 00:00:00+00:00
4926,KS,2026-04,Severe Storm,DR,2026-04-26 00:00:00+00:00
66,KY,1957-01,Flood,DR,1957-01-31 00:00:00+00:00
128,KY,1962-03,Flood,DR,1962-03-12 00:00:00+00:00
148,KY,1963-03,Flood,DR,1963-03-13 00:00:00+00:00
163,KY,1964-03,Flood,DR,1964-03-17 00:00:00+00:00
226,KY,1967-03,Flood,DR,1967-03-27 00:00:00+00:00
237,KY,1968-05,Tornado,DR,1968-05-04 00:00:00+00:00
265,KY,1969-07,Flood,DR,1969-07-15 00:00:00+00:00
282,KY,1970-02,Flood,DR,1970-02-02 00:00:00+00:00
288,KY,1970-06,Flood,DR,1970-06-05 00:00:00+00:00
305,KY,1971-05,Tornado,DR,1971-05-10 00:00:00+00:00
332,KY,1972-05,Flood,DR,1972-05-15 00:00:00+00:00
381,KY,1973-05,Flood,DR,1973-05-11 00:00:00+00:00
420,KY,1974-04,Tornado,DR,1974-04-04 00:00:00+00:00
3009,KY,1975-03,Other,EM,1975-03-19 00:00:00+00:00
461,KY,1975-03,Flood,DR,1975-03-29 00:00:00+00:00
468,KY,1975-05,Flood,DR,1975-05-24 00:00:00+00:00
529,KY,1977-04,Flood,DR,1977-04-06 00:00:00+00:00
568,KY,1978-12,Flood,DR,1978-12-12 00:00:00+00:00
592,KY,1979-07,Flood,DR,1979-07-19 00:00:00+00:00
636,KY,1981-03,Toxic Substances,DR,1981-03-17 00:00:00+00:00
670,KY,1982-09,Flood,DR,1982-09-29 00:00:00+00:00
705,KY,1984-05,Severe Storm,DR,1984-05-15 00:00:00+00:00
821,KY,1989-01,Flood,DR,1989-01-13 00:00:00+00:00
834,KY,1989-06,Flood,DR,1989-06-15 00:00:00+00:00
846,KY,1989-10,Flood,DR,1989-10-16 00:00:00+00:00
893,KY,1990-12,Flood,DR,1990-12-06 00:00:00+00:00
3104,KY,1993-03,Snowstorm,EM,1993-03-13 00:00:00+00:00
1018,KY,1994-02,Snowstorm,DR,1994-02-09 00:00:00+00:00
1055,KY,1995-05,Tornado,DR,1995-05-13 00:00:00+00:00
1089,KY,1996-01,Snowstorm,DR,1996-01-05 00:00:00+00:00
1117,KY,1996-05,Severe Storm,DR,1996-05-28 00:00:00+00:00
1163,KY,1997-03,Severe Storm,DR,1997-03-01 00:00:00+00:00
1207,KY,1998-02,Severe Storm,DR,1998-02-04 00:00:00+00:00
1216,KY,1998-04,Severe Storm,DR,1998-04-16 00:00:00+00:00
2288,KY,1999-11,Fire,FM,1999-11-16 00:00:00+00:00
1310,KY,2000-01,Tornado,DR,2000-01-03 00:00:00+00:00
1320,KY,2000-02,Severe Storm,DR,2000-02-18 00:00:00+00:00
2350,KY,2000-10,Fire,FM,2000-10-30 00:00:00+00:00
2349,KY,2000-10,Fire,FM,2000-10-30 00:00:00+00:00
1388,KY,2001-07,Severe Storm,DR,2001-07-27 00:00:00+00:00
2386,KY,2001-11,Fire,FM,2001-11-02 00:00:00+00:00
2385,KY,2001-11,Fire,FM,2001-11-02 00:00:00+00:00
2384,KY,2001-11,Fire,FM,2001-11-02 00:00:00+00:00
1407,KY,2002-03,Severe Storm,DR,2002-03-17 00:00:00+00:00
1414,KY,2002-04,Severe Storm,DR,2002-04-27 00:00:00+00:00
1454,KY,2003-02,Severe Storm,DR,2003-02-15 00:00:00+00:00
1471,KY,2003-05,Severe Storm,DR,2003-05-04 00:00:00+00:00
1475,KY,2003-06,Severe Storm,DR,2003-06-14 00:00:00+00:00
1523,KY,2004-05,Severe Storm,DR,2004-05-26 00:00:00+00:00
1537,KY,2004-07,Severe Storm,DR,2004-07-13 00:00:00+00:00
1578,KY,2004-12,Snowstorm,DR,2004-12-21 00:00:00+00:00
3231,KY,2005-08,Hurricane,EM,2005-08-29 00:00:00+00:00
1617,KY,2005-11,Severe Storm,DR,2005-11-15 00:00:00+00:00
1703,KY,2007-04,Severe Storm,DR,2007-04-14 00:00:00+00:00
1746,KY,2008-02,Severe Storm,DR,2008-02-05 00:00:00+00:00
1757,KY,2008-04,Severe Storm,DR,2008-04-03 00:00:00+00:00
1802,KY,2008-09,Severe Storm,DR,2008-09-12 00:00:00+00:00
3302,KY,2009-01,Severe Ice Storm,EM,2009-01-27 00:00:00+00:00
1818,KY,2009-01,Severe Ice Storm,DR,2009-01-26 00:00:00+00:00
1841,KY,2009-05,Severe Storm,DR,2009-05-03 00:00:00+00:00
1855,KY,2009-08,Severe Storm,DR,2009-08-04 00:00:00+00:00
1912,KY,2010-05,Severe Storm,DR,2010-05-01 00:00:00+00:00
1925,KY,2010-07,Severe Storm,DR,2010-07-17 00:00:00+00:00
1976,KY,2011-04,Severe Storm,DR,2011-04-12 00:00:00+00:00
4008,KY,2011-06,Severe Storm,DR,2011-06-19 00:00:00+00:00
4057,KY,2012-02,Severe Storm,DR,2012-02-29 00:00:00+00:00
4196,KY,2014-08,Severe Storm,DR,2014-08-18 00:00:00+00:00
4216,KY,2015-02,Snowstorm,DR,2015-02-15 00:00:00+00:00
4218,KY,2015-03,Flood,DR,2015-03-03 00:00:00+00:00
4217,KY,2015-04,Flood,DR,2015-04-02 00:00:00+00:00
4239,KY,2015-07,Severe Storm,DR,2015-07-11 00:00:00+00:00
4278,KY,2016-07,Severe Storm,DR,2016-07-02 00:00:00+00:00
5166,KY,2016-11,Fire,FM,2016-11-18 00:00:00+00:00
5158,KY,2016-11,Fire,FM,2016-11-08 00:00:00+00:00
4361,KY,2018-02,Flood,DR,2018-02-21 00:00:00+00:00
4358,KY,2018-02,Flood,DR,2018-02-09 00:00:00+00:00
4428,KY,2019-02,Severe Storm,DR,2019-02-06 00:00:00+00:00
4497,KY,2020-01,Biological,DR,2020-01-20 00:00:00+00:00
3469,KY,2020-01,Biological,EM,2020-01-20 00:00:00+00:00
4540,KY,2020-02,Severe Storm,DR,2020-02-03 00:00:00+00:00
4595,KY,2021-02,Flood,DR,2021-02-27 00:00:00+00:00
4592,KY,2021-02,Severe Ice Storm,DR,2021-02-08 00:00:00+00:00
4643,KY,2021-12,Severe Storm,DR,2021-12-31 00:00:00+00:00
4630,KY,2021-12,Tornado,DR,2021-12-10 00:00:00+00:00
3575,KY,2021-12,Tornado,EM,2021-12-10 00:00:00+00:00
4663,KY,2022-07,Flood,DR,2022-07-26 00:00:00+00:00
4711,KY,2023-02,Flood,DR,2023-02-15 00:00:00+00:00
4702,KY,2023-03,Severe Storm,DR,2023-03-03 00:00:00+00:00
4782,KY,2024-04,Severe Storm,DR,2024-04-02 00:00:00+00:00
4804,KY,2024-05,Severe Storm,DR,2024-05-21 00:00:00+00:00
4848,KY,2024-09,Tropical Storm,DR,2024-09-27 00:00:00+00:00
4860,KY,2025-02,Severe Storm,DR,2025-02-14 00:00:00+00:00
3624,KY,2025-02,Severe Storm,EM,2025-02-14 00:00:00+00:00
3626,KY,2025-04,Severe Storm,EM,2025-04-02 00:00:00+00:00
4864,KY,2025-04,Severe Storm,DR,2025-04-02 00:00:00+00:00
4875,KY,2025-05,Severe Storm,DR,2025-05-16 00:00:00+00:00
3633,KY,2026-01,Winter Storm,EM,2026-01-23 00:00:00+00:00
4913,KY,2026-01,Winter Storm,DR,2026-01-23 00:00:00+00:00
3,LA,1953-05,Flood,DR,1953-05-29 00:00:00+00:00
64,LA,1956-10,Hurricane,DR,1956-10-04 00:00:00+00:00
73,LA,1957-05,Hurricane,DR,1957-05-16 00:00:00+00:00
84,LA,1958-05,Flood,DR,1958-05-20 00:00:00+00:00
139,LA,1962-11,Toxic Substances,DR,1962-11-05 00:00:00+00:00
178,LA,1964-10,Hurricane,DR,1964-10-03 00:00:00+00:00
208,LA,1965-09,Hurricane,DR,1965-09-10 00:00:00+00:00
272,LA,1969-08,Hurricane,DR,1969-08-19 00:00:00+00:00
315,LA,1971-10,Hurricane,DR,1971-10-13 00:00:00+00:00
374,LA,1973-04,Flood,DR,1973-04-27 00:00:00+00:00
418,LA,1974-02,Flood,DR,1974-02-23 00:00:00+00:00
448,LA,1974-09,Hurricane,DR,1974-09-23 00:00:00+00:00
450,LA,1974-11,Severe Storm,DR,1974-11-01 00:00:00+00:00
3011,LA,1975-04,Flood,EM,1975-04-12 00:00:00+00:00
470,LA,1975-06,Severe Storm,DR,1975-06-06 00:00:00+00:00
3031,LA,1977-02,Snowstorm,EM,1977-02-22 00:00:00+00:00
534,LA,1977-05,Flood,DR,1977-05-02 00:00:00+00:00
556,LA,1978-05,Flood,DR,1978-05-09 00:00:00+00:00
565,LA,1978-09,Flood,DR,1978-09-20 00:00:00+00:00
567,LA,1978-12,Tornado,DR,1978-12-06 00:00:00+00:00
584,LA,1979-05,Flood,DR,1979-05-02 00:00:00+00:00
604,LA,1979-09,Flood,DR,1979-09-25 00:00:00+00:00
616,LA,1980-04,Flood,DR,1980-04-09 00:00:00+00:00
622,LA,1980-05,Flood,DR,1980-05-21 00:00:00+00:00
675,LA,1983-01,Flood,DR,1983-01-11 00:00:00+00:00
679,LA,1983-04,Flood,DR,1983-04-20 00:00:00+00:00
3090,LA,1984-05,Tornado,EM,1984-05-15 00:00:00+00:00
728,LA,1984-10,Flood,DR,1984-10-31 00:00:00+00:00
752,LA,1985-10,Hurricane,DR,1985-10-26 00:00:00+00:00
804,LA,1987-11,Tornado,DR,1987-11-15 00:00:00+00:00
829,LA,1989-05,Flood,DR,1989-05-04 00:00:00+00:00
835,LA,1989-06,Flood,DR,1989-06-25 00:00:00+00:00
833,LA,1989-06,Tornado,DR,1989-06-07 00:00:00+00:00
849,LA,1989-11,Flood,DR,1989-11-07 00:00:00+00:00
904,LA,1991-04,Severe Storm,DR,1991-04-27 00:00:00+00:00
902,LA,1991-04,Flood,DR,1991-04-12 00:00:00+00:00
956,LA,1992-08,Hurricane,DR,1992-08-25 00:00:00+00:00
978,LA,1993-01,Flood,DR,1993-01-20 00:00:00+00:00
1012,LA,1994-02,Severe Storm,DR,1994-02-10 00:00:00+00:00
1049,LA,1995-05,Severe Storm,DR,1995-05-08 00:00:00+00:00
1169,LA,1997-01,Severe Storm,DR,1997-01-12 00:00:00+00:00
1246,LA,1998-09,Hurricane,DR,1998-09-09 00:00:00+00:00
1264,LA,1998-12,Severe Storm,DR,1998-12-22 00:00:00+00:00
1269,LA,1999-04,Severe Storm,DR,1999-04-03 00:00:00+00:00
1314,LA,2000-01,Snowstorm,DR,2000-01-27 00:00:00+00:00
2337,LA,2000-09,Fire,FM,2000-09-08 00:00:00+00:00
1357,LA,2000-12,Severe Ice Storm,DR,2000-12-11 00:00:00+00:00
1380,LA,2001-06,Coastal Storm,DR,2001-06-05 00:00:00+00:00
1435,LA,2002-09,Hurricane,DR,2002-09-21 00:00:00+00:00
1437,LA,2002-10,Hurricane,DR,2002-10-01 00:00:00+00:00
3172,LA,2003-02,Other,EM,2003-02-01 00:00:00+00:00
1521,LA,2004-05,Severe Storm,DR,2004-05-12 00:00:00+00:00
1548,LA,2004-09,Hurricane,DR,2004-09-13 00:00:00+00:00
1601,LA,2005-07,Severe Storm,DR,2005-07-05 00:00:00+00:00
3212,LA,2005-08,Hurricane,EM,2005-08-26 00:00:00+00:00
1603,LA,2005-08,Hurricane,DR,2005-08-29 00:00:00+00:00
3260,LA,2005-09,Hurricane,EM,2005-09-20 00:00:00+00:00
1607,LA,2005-09,Hurricane,DR,2005-09-23 00:00:00+00:00
1668,LA,2006-10,Severe Storm,DR,2006-10-16 00:00:00+00:00
1685,LA,2007-02,Severe Storm,DR,2007-02-12 00:00:00+00:00
3289,LA,2008-08,Hurricane,EM,2008-08-27 00:00:00+00:00
3295,LA,2008-09,Hurricane,EM,2008-09-07 00:00:00+00:00
1792,LA,2008-09,Hurricane,DR,2008-09-11 00:00:00+00:00
1786,LA,2008-09,Hurricane,DR,2008-09-01 00:00:00+00:00
1863,LA,2009-10,Severe Storm,DR,2009-10-29 00:00:00+00:00
4015,LA,2011-04,Flood,DR,2011-04-25 00:00:00+00:00
3322,LA,2011-04,Flood,EM,2011-04-25 00:00:00+00:00
4041,LA,2011-09,Coastal Storm,DR,2011-09-01 00:00:00+00:00
4080,LA,2012-08,Hurricane,DR,2012-08-26 00:00:00+00:00
3347,LA,2012-08,Hurricane,EM,2012-08-26 00:00:00+00:00
4102,LA,2013-01,Severe Storm,DR,2013-01-08 00:00:00+00:00
4228,LA,2015-05,Flood,DR,2015-05-18 00:00:00+00:00
3376,LA,2015-12,Flood,EM,2015-12-28 00:00:00+00:00
4263,LA,2016-03,Flood,DR,2016-03-08 00:00:00+00:00
4277,LA,2016-08,Flood,DR,2016-08-11 00:00:00+00:00
4300,LA,2017-02,Tornado,DR,2017-02-07 00:00:00+00:00
4345,LA,2017-08,Hurricane,DR,2017-08-28 00:00:00+00:00
3382,LA,2017-08,Hurricane,EM,2017-08-27 00:00:00+00:00
3392,LA,2017-10,Hurricane,EM,2017-10-05 00:00:00+00:00
4439,LA,2019-04,Severe Storm,DR,2019-04-24 00:00:00+00:00
4462,LA,2019-05,Flood,DR,2019-05-10 00:00:00+00:00
3413,LA,2019-05,Flood,EM,2019-05-10 00:00:00+00:00
4458,LA,2019-07,Hurricane,DR,2019-07-10 00:00:00+00:00
3416,LA,2019-07,Coastal Storm,EM,2019-07-10 00:00:00+00:00
4484,LA,2020-01,Biological,DR,2020-01-20 00:00:00+00:00
3522,LA,2020-01,Biological,EM,2020-01-20 00:00:00+00:00
3459,LA,2020-01,Biological,EM,2020-01-20 00:00:00+00:00
3527,LA,2020-06,Coastal Storm,EM,2020-06-05 00:00:00+00:00
4559,LA,2020-08,Hurricane,DR,2020-08-22 00:00:00+00:00
3538,LA,2020-08,Hurricane,EM,2020-08-22 00:00:00+00:00
3543,LA,2020-09,Hurricane,EM,2020-09-13 00:00:00+00:00
4577,LA,2020-10,Hurricane,DR,2020-10-26 00:00:00+00:00
4570,LA,2020-10,Hurricane,DR,2020-10-06 00:00:00+00:00
3549,LA,2020-10,Hurricane,EM,2020-10-26 00:00:00+00:00
3547,LA,2020-10,Hurricane,EM,2020-10-06 00:00:00+00:00
4590,LA,2021-02,Severe Ice Storm,DR,2021-02-11 00:00:00+00:00
3556,LA,2021-02,Severe Ice Storm,EM,2021-02-11 00:00:00+00:00
4606,LA,2021-05,Flood,DR,2021-05-17 00:00:00+00:00
4611,LA,2021-08,Hurricane,DR,2021-08-26 00:00:00+00:00
3568,LA,2021-08,Hurricane,EM,2021-08-26 00:00:00+00:00
3574,LA,2021-09,Coastal Storm,EM,2021-09-12 00:00:00+00:00
5482,LA,2023-08,Fire,FM,2023-08-23 00:00:00+00:00
5486,LA,2023-08,Fire,FM,2023-08-30 00:00:00+00:00
5484,LA,2023-08,Fire,FM,2023-08-25 00:00:00+00:00
5485,LA,2023-08,Fire,FM,2023-08-26 00:00:00+00:00
3600,LA,2023-09,Other,EM,2023-09-20 00:00:00+00:00
4817,LA,2024-09,Hurricane,DR,2024-09-09 00:00:00+00:00
3614,LA,2024-09,Hurricane,EM,2024-09-10 00:00:00+00:00
4900,LA,2026-01,Winter Storm,DR,2026-01-23 00:00:00+00:00
3638,LA,2026-01,Winter Storm,EM,2026-01-23 00:00:00+00:00
4927,LA,2026-06,Tropical Storm,DR,2026-06-17 00:00:00+00:00
7,MA,1953-06,Tornado,DR,1953-06-11 00:00:00+00:00
22,MA,1954-09,Hurricane,DR,1954-09-02 00:00:00+00:00
43,MA,1955-08,Hurricane,DR,1955-08-20 00:00:00+00:00
325,MA,1972-03,Flood,DR,1972-03-06 00:00:00+00:00
357,MA,1972-09,Fishing Losses,DR,1972-09-28 00:00:00+00:00
405,MA,1973-10,Fire,DR,1973-10-16 00:00:00+00:00
3059,MA,1978-02,Snowstorm,EM,1978-02-07 00:00:00+00:00
546,MA,1978-02,Flood,DR,1978-02-06 00:00:00+00:00
650,MA,1981-12,Fire,DR,1981-12-03 00:00:00+00:00
751,MA,1985-09,Hurricane,DR,1985-09-27 00:00:00+00:00
790,MA,1987-03,Flood,DR,1987-03-30 00:00:00+00:00
914,MA,1991-08,Hurricane,DR,1991-08-19 00:00:00+00:00
920,MA,1991-10,Coastal Storm,DR,1991-10-30 00:00:00+00:00
975,MA,1992-12,Coastal Storm,DR,1992-12-11 00:00:00+00:00
3103,MA,1993-03,Snowstorm,EM,1993-03-13 00:00:00+00:00
2116,MA,1995-09,Fire,FM,1995-09-05 00:00:00+00:00
1090,MA,1996-01,Snowstorm,DR,1996-01-07 00:00:00+00:00
3119,MA,1996-10,Flood,EM,1996-10-20 00:00:00+00:00
1142,MA,1996-10,Flood,DR,1996-10-20 00:00:00+00:00
1224,MA,1998-06,Flood,DR,1998-06-13 00:00:00+00:00
3153,MA,1999-12,Fire,EM,1999-12-03 00:00:00+00:00
3165,MA,2001-03,Snowstorm,EM,2001-03-05 00:00:00+00:00
1364,MA,2001-03,Severe Storm,DR,2001-03-05 00:00:00+00:00
3175,MA,2003-02,Snowstorm,EM,2003-02-17 00:00:00+00:00
3191,MA,2003-12,Snowstorm,EM,2003-12-06 00:00:00+00:00
1512,MA,2004-04,Flood,DR,2004-04-01 00:00:00+00:00
3201,MA,2005-01,Snowstorm,EM,2005-01-22 00:00:00+00:00
3252,MA,2005-08,Hurricane,EM,2005-08-29 00:00:00+00:00
3264,MA,2005-10,Severe Storm,EM,2005-10-07 00:00:00+00:00
1614,MA,2005-10,Severe Storm,DR,2005-10-07 00:00:00+00:00
1642,MA,2006-05,Severe Storm,DR,2006-05-12 00:00:00+00:00
1701,MA,2007-04,Severe Storm,DR,2007-04-15 00:00:00+00:00
3296,MA,2008-12,Severe Storm,EM,2008-12-11 00:00:00+00:00
1813,MA,2008-12,Severe Ice Storm,DR,2008-12-11 00:00:00+00:00
1895,MA,2010-03,Severe Storm,DR,2010-03-12 00:00:00+00:00
3312,MA,2010-05,Other,EM,2010-05-01 00:00:00+00:00
3315,MA,2010-09,Hurricane,EM,2010-09-01 00:00:00+00:00
1959,MA,2011-01,Snowstorm,DR,2011-01-11 00:00:00+00:00
1994,MA,2011-06,Tornado,DR,2011-06-01 00:00:00+00:00
4028,MA,2011-08,Hurricane,DR,2011-08-27 00:00:00+00:00
3330,MA,2011-08,Hurricane,EM,2011-08-26 00:00:00+00:00
4051,MA,2011-10,Severe Storm,DR,2011-10-29 00:00:00+00:00
3343,MA,2011-10,Severe Storm,EM,2011-10-29 00:00:00+00:00
4097,MA,2012-10,Hurricane,DR,2012-10-27 00:00:00+00:00
3350,MA,2012-10,Hurricane,EM,2012-10-27 00:00:00+00:00
4110,MA,2013-02,Severe Storm,DR,2013-02-08 00:00:00+00:00
3362,MA,2013-04,Terrorist,EM,2013-04-15 00:00:00+00:00
4214,MA,2015-01,Severe Storm,DR,2015-01-26 00:00:00+00:00
4379,MA,2018-03,Snowstorm,DR,2018-03-13 00:00:00+00:00
4372,MA,2018-03,Severe Storm,DR,2018-03-02 00:00:00+00:00
4496,MA,2020-01,Biological,DR,2020-01-20 00:00:00+00:00
3497,MA,2020-01,Biological,EM,2020-01-20 00:00:00+00:00
3484,MA,2020-01,Biological,EM,2020-01-20 00:00:00+00:00
3438,MA,2020-01,Biological,EM,2020-01-20 00:00:00+00:00
3566,MA,2021-08,Hurricane,EM,2021-08-20 00:00:00+00:00
4651,MA,2022-01,Snowstorm,DR,2022-01-28 00:00:00+00:00
3599,MA,2023-09,Hurricane,EM,2023-09-15 00:00:00+00:00
4780,MA,2023-09,Flood,DR,2023-09-11 00:00:00+00:00
4919,MA,2026-02,Winter Storm,DR,2026-02-22 00:00:00+00:00
127,MD,1962-03,Flood,DR,1962-03-09 00:00:00+00:00
309,MD,1971-08,Flood,DR,1971-08-17 00:00:00+00:00
341,MD,1972-06,Flood,DR,1972-06-23 00:00:00+00:00
489,MD,1975-10,Flood,DR,1975-10-04 00:00:00+00:00
522,MD,1976-10,Flood,DR,1976-10-14 00:00:00+00:00
524,MD,1977-01,Snowstorm,DR,1977-01-26 00:00:00+00:00
601,MD,1979-09,Severe Storm,DR,1979-09-14 00:00:00+00:00
773,MD,1985-11,Flood,DR,1985-11-04 00:00:00+00:00
839,MD,1989-06,Severe Storm,DR,1989-06-14 00:00:00+00:00
3100,MD,1993-03,Snowstorm,EM,1993-03-13 00:00:00+00:00
1016,MD,1994-02,Snowstorm,DR,1994-02-08 00:00:00+00:00
1094,MD,1996-01,Flood,DR,1996-01-19 00:00:00+00:00
1081,MD,1996-01,Snowstorm,DR,1996-01-06 00:00:00+00:00
1139,MD,1996-09,Hurricane,DR,1996-09-06 00:00:00+00:00
1303,MD,1999-09,Hurricane,DR,1999-09-16 00:00:00+00:00
1324,MD,2000-01,Severe Storm,DR,2000-01-25 00:00:00+00:00
1409,MD,2002-04,Tornado,DR,2002-04-28 00:00:00+00:00
3179,MD,2003-02,Severe Storm,EM,2003-02-14 00:00:00+00:00
1492,MD,2003-09,Hurricane,DR,2003-09-18 00:00:00+00:00
3251,MD,2005-08,Hurricane,EM,2005-08-29 00:00:00+00:00
1652,MD,2006-06,Severe Storm,DR,2006-06-22 00:00:00+00:00
1875,MD,2009-12,Snowstorm,DR,2009-12-18 00:00:00+00:00
1910,MD,2010-02,Snowstorm,DR,2010-02-05 00:00:00+00:00
4034,MD,2011-08,Hurricane,DR,2011-08-24 00:00:00+00:00
3335,MD,2011-08,Hurricane,EM,2011-08-26 00:00:00+00:00
4038,MD,2011-09,Flood,DR,2011-09-06 00:00:00+00:00
4075,MD,2012-06,Severe Storm,DR,2012-06-29 00:00:00+00:00
4091,MD,2012-10,Hurricane,DR,2012-10-26 00:00:00+00:00
3349,MD,2012-10,Hurricane,EM,2012-10-26 00:00:00+00:00
4170,MD,2014-02,Severe Storm,DR,2014-02-12 00:00:00+00:00
4261,MD,2016-01,Snowstorm,DR,2016-01-22 00:00:00+00:00
4279,MD,2016-07,Flood,DR,2016-07-30 00:00:00+00:00
4376,MD,2018-05,Flood,DR,2018-05-27 00:00:00+00:00
4374,MD,2018-05,Severe Storm,DR,2018-05-15 00:00:00+00:00
4491,MD,2020-01,Biological,DR,2020-01-20 00:00:00+00:00
3430,MD,2020-01,Biological,EM,2020-01-20 00:00:00+00:00
4583,MD,2020-08,Hurricane,DR,2020-08-03 00:00:00+00:00
3634,MD,2026-01,Winter Storm,EM,2026-01-23 00:00:00+00:00
24,ME,1954-09,Hurricane,DR,1954-09-13 00:00:00+00:00
284,ME,1970-02,Flood,DR,1970-02-27 00:00:00+00:00
326,ME,1972-03,Flood,DR,1972-03-07 00:00:00+00:00
356,ME,1972-09,Fishing Losses,DR,1972-09-28 00:00:00+00:00
384,ME,1973-05,Flood,DR,1973-05-23 00:00:00+00:00
410,ME,1974-01,Flood,DR,1974-01-18 00:00:00+00:00
2027,ME,1977-07,Fire,FM,1977-07-22 00:00:00+00:00
550,ME,1978-02,Flood,DR,1978-02-17 00:00:00+00:00
3082,ME,1980-09,Fishing Losses,EM,1980-09-20 00:00:00+00:00
788,ME,1987-03,Flood,DR,1987-03-30 00:00:00+00:00
830,ME,1989-05,Flood,DR,1989-05-05 00:00:00+00:00
901,ME,1991-04,Snowstorm,DR,1991-04-06 00:00:00+00:00
915,ME,1991-08,Hurricane,DR,1991-08-18 00:00:00+00:00
921,ME,1991-10,Coastal Storm,DR,1991-10-30 00:00:00+00:00
940,ME,1992-03,Flood,DR,1992-03-10 00:00:00+00:00
2080,ME,1992-05,Fire,FM,1992-05-19 00:00:00+00:00
3099,ME,1993-03,Snowstorm,EM,1993-03-13 00:00:00+00:00
988,ME,1993-04,Flood,DR,1993-04-09 00:00:00+00:00
1029,ME,1994-04,Flood,DR,1994-04-15 00:00:00+00:00
1106,ME,1996-01,Severe Storm,DR,1996-01-19 00:00:00+00:00
1114,ME,1996-04,Severe Storm,DR,1996-04-16 00:00:00+00:00
3121,ME,1996-10,Severe Storm,EM,1996-10-20 00:00:00+00:00
1143,ME,1996-10,Flood,DR,1996-10-20 00:00:00+00:00
1198,ME,1998-01,Severe Storm,DR,1998-01-05 00:00:00+00:00
1232,ME,1998-06,Severe Storm,DR,1998-06-13 00:00:00+00:00
1263,ME,1998-10,Severe Storm,DR,1998-10-08 00:00:00+00:00
1308,ME,1999-09,Hurricane,DR,1999-09-16 00:00:00+00:00
1326,ME,2000-03,Severe Storm,DR,2000-03-28 00:00:00+00:00
3164,ME,2001-03,Snowstorm,EM,2001-03-05 00:00:00+00:00
1371,ME,2001-03,Severe Storm,DR,2001-03-05 00:00:00+00:00
1468,ME,2002-12,Freezing,DR,2002-12-17 00:00:00+00:00
3174,ME,2003-02,Snowstorm,EM,2003-02-02 00:00:00+00:00
3194,ME,2003-12,Snowstorm,EM,2003-12-14 00:00:00+00:00
3190,ME,2003-12,Snowstorm,EM,2003-12-06 00:00:00+00:00
1508,ME,2003-12,Severe Storm,DR,2003-12-10 00:00:00+00:00
3205,ME,2005-01,Snowstorm,EM,2005-01-22 00:00:00+00:00
3206,ME,2005-02,Snowstorm,EM,2005-02-10 00:00:00+00:00
3210,ME,2005-03,Snowstorm,EM,2005-03-11 00:00:00+00:00
3209,ME,2005-03,Snowstorm,EM,2005-03-09 00:00:00+00:00
1591,ME,2005-03,Severe Storm,DR,2005-03-29 00:00:00+00:00
3256,ME,2005-08,Hurricane,EM,2005-08-29 00:00:00+00:00
3265,ME,2005-12,Snowstorm,EM,2005-12-25 00:00:00+00:00
1644,ME,2006-05,Severe Storm,DR,2006-05-13 00:00:00+00:00
1691,ME,2007-03,Flood,DR,2007-03-16 00:00:00+00:00
1693,ME,2007-04,Severe Storm,DR,2007-04-15 00:00:00+00:00
1716,ME,2007-07,Severe Storm,DR,2007-07-11 00:00:00+00:00
1755,ME,2008-04,Flood,DR,2008-04-28 00:00:00+00:00
1788,ME,2008-07,Severe Storm,DR,2008-07-18 00:00:00+00:00
3298,ME,2008-12,Severe Storm,EM,2008-12-11 00:00:00+00:00
1815,ME,2008-12,Severe Storm,DR,2008-12-11 00:00:00+00:00
1852,ME,2009-06,Severe Storm,DR,2009-06-18 00:00:00+00:00
1891,ME,2010-02,Severe Storm,DR,2010-02-23 00:00:00+00:00
1920,ME,2010-03,Severe Storm,DR,2010-03-12 00:00:00+00:00
1953,ME,2010-12,Severe Storm,DR,2010-12-12 00:00:00+00:00
4032,ME,2011-08,Hurricane,DR,2011-08-27 00:00:00+00:00
4108,ME,2013-02,Severe Storm,DR,2013-02-08 00:00:00+00:00
4208,ME,2015-01,Snowstorm,DR,2015-01-26 00:00:00+00:00
4354,ME,2017-10,Severe Storm,DR,2017-10-29 00:00:00+00:00
4367,ME,2018-03,Coastal Storm,DR,2018-03-02 00:00:00+00:00
4522,ME,2020-01,Biological,DR,2020-01-20 00:00:00+00:00
3498,ME,2020-01,Biological,EM,2020-01-20 00:00:00+00:00
3444,ME,2020-01,Biological,EM,2020-01-20 00:00:00+00:00
4647,ME,2021-10,Coastal Storm,DR,2021-10-30 00:00:00+00:00
4696,ME,2022-12,Severe Storm,DR,2022-12-23 00:00:00+00:00
4719,ME,2023-04,Flood,DR,2023-04-30 00:00:00+00:00
4737,ME,2023-06,Flood,DR,2023-06-26 00:00:00+00:00
4736,ME,2023-06,Flood,DR,2023-06-29 00:00:00+00:00
3598,ME,2023-09,Hurricane,EM,2023-09-15 00:00:00+00:00
4754,ME,2023-12,Severe Storm,DR,2023-12-17 00:00:00+00:00
4764,ME,2024-01,Severe Storm,DR,2024-01-09 00:00:00+00:00
4785,ME,2024-04,Winter Storm,DR,2024-04-03 00:00:00+00:00
6,MI,1953-06,Tornado,DR,1953-06-09 00:00:00+00:00
4,MI,1953-06,Tornado,DR,1953-06-02 00:00:00+00:00
53,MI,1956-04,Tornado,DR,1956-04-05 00:00:00+00:00
190,MI,1965-04,Tornado,DR,1965-04-14 00:00:00+00:00
330,MI,1972-04,Snowstorm,DR,1972-04-05 00:00:00+00:00
363,MI,1972-12,Flood,DR,1972-12-01 00:00:00+00:00
371,MI,1973-04,Flood,DR,1973-04-12 00:00:00+00:00
429,MI,1974-04,Tornado,DR,1974-04-12 00:00:00+00:00
465,MI,1975-04,Flood,DR,1975-04-26 00:00:00+00:00
486,MI,1975-09,Flood,DR,1975-09-30 00:00:00+00:00
495,MI,1976-03,Severe Storm,DR,1976-03-19 00:00:00+00:00
3030,MI,1977-02,Snowstorm,EM,1977-02-05 00:00:00+00:00
3035,MI,1977-03,Drought,EM,1977-03-02 00:00:00+00:00
3057,MI,1978-01,Snowstorm,EM,1978-01-27 00:00:00+00:00
621,MI,1980-05,Tornado,DR,1980-05-16 00:00:00+00:00
631,MI,1980-09,Flood,DR,1980-09-08 00:00:00+00:00
654,MI,1982-03,Flood,DR,1982-03-29 00:00:00+00:00
744,MI,1985-09,Flood,DR,1985-09-05 00:00:00+00:00
774,MI,1986-09,Flood,DR,1986-09-10 00:00:00+00:00
1028,MI,1994-01,Freezing,DR,1994-01-10 00:00:00+00:00
1128,MI,1996-06,Severe Storm,DR,1996-06-21 00:00:00+00:00
1181,MI,1997-07,Severe Storm,DR,1997-07-02 00:00:00+00:00
1226,MI,1998-05,Severe Storm,DR,1998-05-29 00:00:00+00:00
1237,MI,1998-07,Severe Storm,DR,1998-07-21 00:00:00+00:00
3137,MI,1999-01,Snowstorm,EM,1999-01-02 00:00:00+00:00
2261,MI,1999-05,Fire,FM,1999-05-05 00:00:00+00:00
1346,MI,2000-09,Severe Storm,DR,2000-09-10 00:00:00+00:00
3160,MI,2000-12,Snowstorm,EM,2000-12-11 00:00:00+00:00
1413,MI,2002-04,Flood,DR,2002-04-10 00:00:00+00:00
3189,MI,2003-08,Other,EM,2003-08-14 00:00:00+00:00
1527,MI,2004-05,Severe Storm,DR,2004-05-20 00:00:00+00:00
3225,MI,2005-08,Hurricane,EM,2005-08-29 00:00:00+00:00
1777,MI,2008-06,Severe Storm,DR,2008-06-06 00:00:00+00:00
4121,MI,2013-04,Flood,DR,2013-04-16 00:00:00+00:00
3375,MI,2014-04,Toxic Substances,EM,2014-04-25 00:00:00+00:00
4195,MI,2014-08,Flood,DR,2014-08-11 00:00:00+00:00
4326,MI,2017-06,Severe Storm,DR,2017-06-22 00:00:00+00:00
4381,MI,2018-06,Flood,DR,2018-06-16 00:00:00+00:00
4494,MI,2020-01,Biological,DR,2020-01-20 00:00:00+00:00
3455,MI,2020-01,Biological,EM,2020-01-20 00:00:00+00:00
4547,MI,2020-05,Dam/Levee Break,DR,2020-05-16 00:00:00+00:00
3525,MI,2020-05,Dam/Levee Break,EM,2020-05-16 00:00:00+00:00
4607,MI,2021-06,Severe Storm,DR,2021-06-25 00:00:00+00:00
4757,MI,2023-08,Flood,DR,2023-08-24 00:00:00+00:00
4880,MI,2025-03,Severe Ice Storm,DR,2025-03-28 00:00:00+00:00
4925,MI,2026-04,Flood,DR,2026-04-10 00:00:00+00:00
80,MN,1957-06,Flood,DR,1957-06-22 00:00:00+00:00
188,MN,1965-04,Flood,DR,1965-04-11 00:00:00+00:00
215,MN,1966-03,Flood,DR,1966-03-22 00:00:00+00:00
249,MN,1968-08,Flood,DR,1968-08-15 00:00:00+00:00
250,MN,1968-09,Flood,DR,1968-09-09 00:00:00+00:00
255,MN,1969-04,Flood,DR,1969-04-18 00:00:00+00:00
268,MN,1969-08,Flood,DR,1969-08-05 00:00:00+00:00
291,MN,1970-07,Flood,DR,1970-07-22 00:00:00+00:00
350,MN,1972-08,Flood,DR,1972-08-25 00:00:00+00:00
347,MN,1972-08,Flood,DR,1972-08-01 00:00:00+00:00
440,MN,1974-06,Flood,DR,1974-06-10 00:00:00+00:00
446,MN,1974-07,Flood,DR,1974-07-13 00:00:00+00:00
476,MN,1975-07,Severe Storm,DR,1975-07-17 00:00:00+00:00
473,MN,1975-07,Flood,DR,1975-07-05 00:00:00+00:00
3013,MN,1976-06,Drought,EM,1976-06-17 00:00:00+00:00
2023,MN,1976-09,Fire,FM,1976-09-11 00:00:00+00:00
2022,MN,1976-09,Fire,FM,1976-09-11 00:00:00+00:00
2021,MN,1976-09,Fire,FM,1976-09-11 00:00:00+00:00
2020,MN,1976-09,Fire,FM,1976-09-11 00:00:00+00:00
2019,MN,1976-09,Fire,FM,1976-09-11 00:00:00+00:00
2018,MN,1976-09,Fire,FM,1976-09-08 00:00:00+00:00
2024,MN,1976-10,Fire,FM,1976-10-01 00:00:00+00:00
555,MN,1978-04,Flood,DR,1978-04-22 00:00:00+00:00
560,MN,1978-07,Severe Storm,DR,1978-07-08 00:00:00+00:00
582,MN,1979-04,Flood,DR,1979-04-30 00:00:00+00:00
797,MN,1987-07,Severe Storm,DR,1987-07-20 00:00:00+00:00
824,MN,1989-03,Flood,DR,1989-03-29 00:00:00+00:00
929,MN,1991-10,Severe Ice Storm,DR,1991-10-31 00:00:00+00:00
946,MN,1992-06,Severe Storm,DR,1992-06-16 00:00:00+00:00
993,MN,1993-05,Severe Storm,DR,1993-05-06 00:00:00+00:00
1064,MN,1995-07,Severe Storm,DR,1995-07-09 00:00:00+00:00
1078,MN,1995-10,Snowstorm,DR,1995-10-23 00:00:00+00:00
1116,MN,1996-03,Flood,DR,1996-03-14 00:00:00+00:00
1151,MN,1996-11,Severe Storm,DR,1996-11-14 00:00:00+00:00
1158,MN,1997-01,Severe Storm,DR,1997-01-03 00:00:00+00:00
1175,MN,1997-03,Flood,DR,1997-03-21 00:00:00+00:00
1187,MN,1997-06,Severe Storm,DR,1997-06-28 00:00:00+00:00
1212,MN,1998-03,Tornado,DR,1998-03-29 00:00:00+00:00
1225,MN,1998-05,Tornado,DR,1998-05-15 00:00:00+00:00
1288,MN,1999-03,Severe Ice Storm,DR,1999-03-01 00:00:00+00:00
1283,MN,1999-07,Severe Storm,DR,1999-07-04 00:00:00+00:00
1333,MN,2000-05,Severe Storm,DR,2000-05-17 00:00:00+00:00
2345,MN,2000-10,Fire,FM,2000-10-19 00:00:00+00:00
1370,MN,2001-03,Flood,DR,2001-03-23 00:00:00+00:00
2409,MN,2002-05,Fire,FM,2002-05-31 00:00:00+00:00
1419,MN,2002-06,Severe Storm,DR,2002-06-09 00:00:00+00:00
1569,MN,2004-09,Severe Storm,DR,2004-09-14 00:00:00+00:00
3242,MN,2005-08,Hurricane,EM,2005-08-29 00:00:00+00:00
1622,MN,2005-11,Severe Storm,DR,2005-11-27 00:00:00+00:00
1648,MN,2006-03,Flood,DR,2006-03-30 00:00:00+00:00
3278,MN,2007-08,Other,EM,2007-08-01 00:00:00+00:00
1717,MN,2007-08,Severe Storm,DR,2007-08-18 00:00:00+00:00
1772,MN,2008-06,Severe Storm,DR,2008-06-06 00:00:00+00:00
3304,MN,2009-03,Severe Storm,EM,2009-03-16 00:00:00+00:00
1830,MN,2009-03,Severe Storm,DR,2009-03-16 00:00:00+00:00
3310,MN,2010-03,Flood,EM,2010-03-01 00:00:00+00:00
1900,MN,2010-03,Flood,DR,2010-03-01 00:00:00+00:00
1921,MN,2010-06,Tornado,DR,2010-06-17 00:00:00+00:00
1941,MN,2010-09,Severe Storm,DR,2010-09-22 00:00:00+00:00
1982,MN,2011-03,Flood,DR,2011-03-16 00:00:00+00:00
1990,MN,2011-05,Severe Storm,DR,2011-05-21 00:00:00+00:00
4009,MN,2011-07,Severe Storm,DR,2011-07-01 00:00:00+00:00
4069,MN,2012-06,Severe Storm,DR,2012-06-14 00:00:00+00:00
4113,MN,2013-04,Severe Storm,DR,2013-04-09 00:00:00+00:00
4131,MN,2013-06,Severe Storm,DR,2013-06-20 00:00:00+00:00
4182,MN,2014-06,Flood,DR,2014-06-11 00:00:00+00:00
4290,MN,2016-09,Flood,DR,2016-09-21 00:00:00+00:00
4390,MN,2018-06,Flood,DR,2018-06-15 00:00:00+00:00
4414,MN,2018-10,Flood,DR,2018-10-09 00:00:00+00:00
4442,MN,2019-03,Flood,DR,2019-03-12 00:00:00+00:00
4531,MN,2020-01,Biological,DR,2020-01-20 00:00:00+00:00
3508,MN,2020-01,Biological,EM,2020-01-20 00:00:00+00:00
3503,MN,2020-01,Biological,EM,2020-01-20 00:00:00+00:00
3453,MN,2020-01,Biological,EM,2020-01-20 00:00:00+00:00
4659,MN,2022-04,Flood,DR,2022-04-22 00:00:00+00:00
4666,MN,2022-05,Severe Storm,DR,2022-05-29 00:00:00+00:00
4658,MN,2022-05,Severe Storm,DR,2022-05-08 00:00:00+00:00
4722,MN,2023-04,Flood,DR,2023-04-11 00:00:00+00:00
4797,MN,2024-06,Flood,DR,2024-06-16 00:00:00+00:00
5583,MN,2025-05,Fire,FM,2025-05-12 00:00:00+00:00
4894,MN,2025-06,Straight-Line Winds,DR,2025-06-21 00:00:00+00:00
75,MO,1957-05,Tornado,DR,1957-05-22 00:00:00+00:00
100,MO,1960-04,Flood,DR,1960-04-20 00:00:00+00:00
114,MO,1961-05,Flood,DR,1961-05-27 00:00:00+00:00
173,MO,1964-07,Flood,DR,1964-07-08 00:00:00+00:00
198,MO,1965-06,Severe Storm,DR,1965-06-14 00:00:00+00:00
203,MO,1965-07,Flood,DR,1965-07-27 00:00:00+00:00
372,MO,1973-04,Severe Storm,DR,1973-04-19 00:00:00+00:00
407,MO,1973-11,Flood,DR,1973-11-01 00:00:00+00:00
439,MO,1974-06,Flood,DR,1974-06-10 00:00:00+00:00
466,MO,1975-05,Tornado,DR,1975-05-03 00:00:00+00:00
516,MO,1976-07,Flood,DR,1976-07-21 00:00:00+00:00
3017,MO,1976-09,Drought,EM,1976-09-24 00:00:00+00:00
535,MO,1977-05,Tornado,DR,1977-05-07 00:00:00+00:00
538,MO,1977-09,Flood,DR,1977-09-14 00:00:00+00:00
3071,MO,1979-03,Flood,EM,1979-03-12 00:00:00+00:00
579,MO,1979-04,Tornado,DR,1979-04-21 00:00:00+00:00
620,MO,1980-05,Tornado,DR,1980-05-15 00:00:00+00:00
667,MO,1982-08,Flood,DR,1982-08-26 00:00:00+00:00
672,MO,1982-12,Flood,DR,1982-12-10 00:00:00+00:00
713,MO,1984-06,Flood,DR,1984-06-06 00:00:00+00:00
779,MO,1986-09,Flood,DR,1986-09-18 00:00:00+00:00
867,MO,1990-05,Flood,DR,1990-05-15 00:00:00+00:00
989,MO,1993-04,Flood,DR,1993-04-15 00:00:00+00:00
995,MO,1993-06,Flood,DR,1993-06-10 00:00:00+00:00
1006,MO,1993-11,Severe Storm,DR,1993-11-13 00:00:00+00:00
1023,MO,1994-04,Severe Storm,DR,1994-04-09 00:00:00+00:00
1054,MO,1995-05,Severe Storm,DR,1995-05-13 00:00:00+00:00
1256,MO,1998-07,Severe Storm,DR,1998-07-10 00:00:00+00:00
1253,MO,1998-10,Severe Storm,DR,1998-10-04 00:00:00+00:00
1270,MO,1999-04,Severe Storm,DR,1999-04-03 00:00:00+00:00
2292,MO,2000-03,Fire,FM,2000-03-07 00:00:00+00:00
1328,MO,2000-05,Flood,DR,2000-05-06 00:00:00+00:00
1403,MO,2002-01,Severe Ice Storm,DR,2002-01-29 00:00:00+00:00
1412,MO,2002-04,Severe Storm,DR,2002-04-24 00:00:00+00:00
1463,MO,2003-05,Severe Storm,DR,2003-05-04 00:00:00+00:00
1524,MO,2004-05,Severe Storm,DR,2004-05-18 00:00:00+00:00
3232,MO,2005-08,Hurricane,EM,2005-08-29 00:00:00+00:00
1635,MO,2006-03,Severe Storm,DR,2006-03-30 00:00:00+00:00
1631,MO,2006-03,Severe Storm,DR,2006-03-08 00:00:00+00:00
3267,MO,2006-07,Severe Storm,EM,2006-07-19 00:00:00+00:00
1667,MO,2006-07,Severe Storm,DR,2006-07-19 00:00:00+00:00
1673,MO,2006-11,Severe Storm,DR,2006-11-30 00:00:00+00:00
1676,MO,2007-01,Severe Ice Storm,DR,2007-01-12 00:00:00+00:00
1708,MO,2007-05,Severe Storm,DR,2007-05-05 00:00:00+00:00
1728,MO,2007-08,Severe Storm,DR,2007-08-19 00:00:00+00:00
3281,MO,2007-12,Severe Ice Storm,EM,2007-12-08 00:00:00+00:00
1736,MO,2007-12,Severe Ice Storm,DR,2007-12-06 00:00:00+00:00
1742,MO,2008-01,Severe Storm,DR,2008-01-07 00:00:00+00:00
1748,MO,2008-02,Severe Ice Storm,DR,2008-02-10 00:00:00+00:00
1749,MO,2008-03,Severe Storm,DR,2008-03-17 00:00:00+00:00
1760,MO,2008-05,Severe Storm,DR,2008-05-10 00:00:00+00:00
1773,MO,2008-06,Severe Storm,DR,2008-06-01 00:00:00+00:00
1809,MO,2008-09,Severe Storm,DR,2008-09-11 00:00:00+00:00
3303,MO,2009-01,Severe Ice Storm,EM,2009-01-26 00:00:00+00:00
1822,MO,2009-01,Severe Storm,DR,2009-01-26 00:00:00+00:00
1847,MO,2009-05,Severe Storm,DR,2009-05-08 00:00:00+00:00
1934,MO,2010-06,Severe Storm,DR,2010-06-12 00:00:00+00:00
3317,MO,2011-01,Severe Storm,EM,2011-01-31 00:00:00+00:00
1961,MO,2011-01,Severe Storm,DR,2011-01-31 00:00:00+00:00
1980,MO,2011-04,Severe Storm,DR,2011-04-19 00:00:00+00:00
4012,MO,2011-06,Flood,DR,2011-06-01 00:00:00+00:00
3325,MO,2011-06,Flood,EM,2011-06-01 00:00:00+00:00
4130,MO,2013-05,Severe Storm,DR,2013-05-29 00:00:00+00:00
4144,MO,2013-08,Severe Storm,DR,2013-08-02 00:00:00+00:00
4200,MO,2014-09,Severe Storm,DR,2014-09-09 00:00:00+00:00
4238,MO,2015-05,Severe Storm,DR,2015-05-15 00:00:00+00:00
4250,MO,2015-12,Flood,DR,2015-12-23 00:00:00+00:00
3374,MO,2015-12,Flood,EM,2015-12-22 00:00:00+00:00
4317,MO,2017-04,Flood,DR,2017-04-28 00:00:00+00:00
4435,MO,2019-03,Flood,DR,2019-03-11 00:00:00+00:00
4451,MO,2019-04,Severe Storm,DR,2019-04-29 00:00:00+00:00
4490,MO,2020-01,Biological,DR,2020-01-20 00:00:00+00:00
3482,MO,2020-01,Biological,EM,2020-01-20 00:00:00+00:00
4552,MO,2020-05,Severe Storm,DR,2020-05-03 00:00:00+00:00
4612,MO,2021-06,Severe Storm,DR,2021-06-24 00:00:00+00:00
4636,MO,2021-12,Severe Storm,DR,2021-12-10 00:00:00+00:00
4665,MO,2022-07,Flood,DR,2022-07-25 00:00:00+00:00
4741,MO,2023-07,Severe Storm,DR,2023-07-29 00:00:00+00:00
4803,MO,2024-05,Severe Storm,DR,2024-05-19 00:00:00+00:00
4855,MO,2024-11,Severe Storm,DR,2024-11-03 00:00:00+00:00
4867,MO,2025-03,Severe Storm,DR,2025-03-14 00:00:00+00:00
4872,MO,2025-03,Severe Storm,DR,2025-03-30 00:00:00+00:00
4876,MO,2025-04,Severe Storm,DR,2025-04-29 00:00:00+00:00
4885,MO,2025-05,Severe Storm,DR,2025-05-23 00:00:00+00:00
4877,MO,2025-05,Severe Storm,DR,2025-05-16 00:00:00+00:00
4924,MO,2026-04,Severe Storm,DR,2026-04-23 00:00:00+00:00
14,MS,1953-12,Tornado,DR,1953-12-06 00:00:00+00:00
108,MS,1961-02,Flood,DR,1961-02-27 00:00:00+00:00
135,MS,1962-10,Toxic Substances,DR,1962-10-10 00:00:00+00:00
210,MS,1965-09,Hurricane,DR,1965-09-25 00:00:00+00:00
271,MS,1969-08,Hurricane,DR,1969-08-18 00:00:00+00:00
302,MS,1971-02,Tornado,DR,1971-02-22 00:00:00+00:00
318,MS,1972-01,Flood,DR,1972-01-19 00:00:00+00:00
368,MS,1973-03,Severe Storm,DR,1973-03-27 00:00:00+00:00
430,MS,1974-04,Flood,DR,1974-04-18 00:00:00+00:00
3006,MS,1975-01,Tornado,EM,1975-01-18 00:00:00+00:00
456,MS,1975-01,Tornado,DR,1975-01-30 00:00:00+00:00
3010,MS,1975-04,Flood,EM,1975-04-04 00:00:00+00:00
499,MS,1976-04,Severe Storm,DR,1976-04-01 00:00:00+00:00
3032,MS,1977-02,Snowstorm,EM,1977-02-22 00:00:00+00:00
3063,MS,1978-04,Tornado,EM,1978-04-24 00:00:00+00:00
577,MS,1979-04,Severe Storm,DR,1979-04-16 00:00:00+00:00
3077,MS,1979-04,Severe Storm,EM,1979-04-14 00:00:00+00:00
599,MS,1979-09,Hurricane,DR,1979-09-13 00:00:00+00:00
618,MS,1980-04,Severe Storm,DR,1980-04-19 00:00:00+00:00
3084,MS,1982-04,Tornado,EM,1982-04-10 00:00:00+00:00
678,MS,1983-04,Severe Storm,DR,1983-04-16 00:00:00+00:00
683,MS,1983-06,Severe Storm,DR,1983-06-01 00:00:00+00:00
3087,MS,1983-12,Flood,EM,1983-12-21 00:00:00+00:00
703,MS,1984-03,Tornado,DR,1984-03-28 00:00:00+00:00
741,MS,1985-08,Hurricane,DR,1985-08-29 00:00:00+00:00
787,MS,1987-02,Severe Storm,DR,1987-02-28 00:00:00+00:00
859,MS,1990-01,Severe Storm,DR,1990-01-24 00:00:00+00:00
888,MS,1990-12,Severe Storm,DR,1990-12-19 00:00:00+00:00
895,MS,1991-02,Flood,DR,1991-02-17 00:00:00+00:00
906,MS,1991-04,Severe Storm,DR,1991-04-26 00:00:00+00:00
939,MS,1992-03,Tornado,DR,1992-03-09 00:00:00+00:00
967,MS,1992-10,Tornado,DR,1992-10-10 00:00:00+00:00
968,MS,1992-11,Tornado,DR,1992-11-21 00:00:00+00:00
1009,MS,1994-02,Severe Storm,DR,1994-02-09 00:00:00+00:00
1051,MS,1995-05,Severe Storm,DR,1995-05-08 00:00:00+00:00
1178,MS,1997-02,Flood,DR,1997-02-28 00:00:00+00:00
3132,MS,1998-09,Hurricane,EM,1998-09-28 00:00:00+00:00
1251,MS,1998-09,Hurricane,DR,1998-09-25 00:00:00+00:00
1265,MS,1998-12,Severe Ice Storm,DR,1998-12-23 00:00:00+00:00
1360,MS,2001-02,Severe Storm,DR,2001-02-16 00:00:00+00:00
1365,MS,2001-04,Severe Storm,DR,2001-04-03 00:00:00+00:00
1382,MS,2001-06,Severe Storm,DR,2001-06-06 00:00:00+00:00
1398,MS,2001-11,Severe Storm,DR,2001-11-24 00:00:00+00:00
1436,MS,2002-09,Hurricane,DR,2002-09-23 00:00:00+00:00
1443,MS,2002-11,Severe Storm,DR,2002-11-10 00:00:00+00:00
1459,MS,2003-04,Severe Storm,DR,2003-04-06 00:00:00+00:00
1470,MS,2003-05,Severe Storm,DR,2003-05-05 00:00:00+00:00
1550,MS,2004-09,Hurricane,DR,2004-09-13 00:00:00+00:00
1594,MS,2005-07,Hurricane,DR,2005-07-10 00:00:00+00:00
3213,MS,2005-08,Hurricane,EM,2005-08-27 00:00:00+00:00
1604,MS,2005-08,Hurricane,DR,2005-08-29 00:00:00+00:00
1753,MS,2008-03,Severe Storm,DR,2008-03-20 00:00:00+00:00
1764,MS,2008-04,Severe Storm,DR,2008-04-04 00:00:00+00:00
3291,MS,2008-08,Hurricane,EM,2008-08-28 00:00:00+00:00
1794,MS,2008-08,Hurricane,DR,2008-08-28 00:00:00+00:00
1837,MS,2009-03,Severe Storm,DR,2009-03-25 00:00:00+00:00
1906,MS,2010-04,Severe Storm,DR,2010-04-23 00:00:00+00:00
1916,MS,2010-05,Severe Storm,DR,2010-05-01 00:00:00+00:00
3320,MS,2011-04,Flood,EM,2011-04-27 00:00:00+00:00
1972,MS,2011-04,Severe Storm,DR,2011-04-15 00:00:00+00:00
1983,MS,2011-05,Flood,DR,2011-05-03 00:00:00+00:00
4081,MS,2012-08,Hurricane,DR,2012-08-26 00:00:00+00:00
3348,MS,2012-08,Hurricane,EM,2012-08-26 00:00:00+00:00
4101,MS,2013-02,Severe Storm,DR,2013-02-10 00:00:00+00:00
4175,MS,2014-04,Severe Storm,DR,2014-04-28 00:00:00+00:00
4205,MS,2014-12,Tornado,DR,2014-12-23 00:00:00+00:00
4248,MS,2015-12,Severe Storm,DR,2015-12-23 00:00:00+00:00
4268,MS,2016-03,Flood,DR,2016-03-09 00:00:00+00:00
4295,MS,2017-01,Tornado,DR,2017-01-20 00:00:00+00:00
4314,MS,2017-04,Severe Storm,DR,2017-04-30 00:00:00+00:00
4350,MS,2017-10,Hurricane,DR,2017-10-06 00:00:00+00:00
3393,MS,2017-10,Hurricane,EM,2017-10-06 00:00:00+00:00
4415,MS,2018-12,Severe Storm,DR,2018-12-27 00:00:00+00:00
4429,MS,2019-02,Severe Storm,DR,2019-02-22 00:00:00+00:00
4450,MS,2019-04,Severe Storm,DR,2019-04-13 00:00:00+00:00
4470,MS,2019-10,Severe Storm,DR,2019-10-26 00:00:00+00:00
4528,MS,2020-01,Biological,DR,2020-01-20 00:00:00+00:00
4478,MS,2020-01,Severe Storm,DR,2020-01-10 00:00:00+00:00
3474,MS,2020-01,Biological,EM,2020-01-20 00:00:00+00:00
4538,MS,2020-02,Severe Storm,DR,2020-02-10 00:00:00+00:00
4551,MS,2020-04,Severe Storm,DR,2020-04-22 00:00:00+00:00
4536,MS,2020-04,Severe Storm,DR,2020-04-12 00:00:00+00:00
3539,MS,2020-08,Hurricane,EM,2020-08-23 00:00:00+00:00
3544,MS,2020-09,Hurricane,EM,2020-09-14 00:00:00+00:00
4576,MS,2020-10,Hurricane,DR,2020-10-28 00:00:00+00:00
3550,MS,2020-10,Hurricane,EM,2020-10-27 00:00:00+00:00
3548,MS,2020-10,Hurricane,EM,2020-10-07 00:00:00+00:00
4598,MS,2021-02,Severe Ice Storm,DR,2021-02-11 00:00:00+00:00
4626,MS,2021-08,Hurricane,DR,2021-08-28 00:00:00+00:00
3569,MS,2021-08,Hurricane,EM,2021-08-28 00:00:00+00:00
3582,MS,2022-08,Other,EM,2022-08-30 00:00:00+00:00
4697,MS,2023-03,Severe Storm,DR,2023-03-24 00:00:00+00:00
4727,MS,2023-06,Severe Storm,DR,2023-06-14 00:00:00+00:00
4790,MS,2024-04,Severe Storm,DR,2024-04-08 00:00:00+00:00
4874,MS,2025-03,Severe Storm,DR,2025-03-14 00:00:00+00:00
3640,MS,2026-01,Winter Storm,EM,2026-01-23 00:00:00+00:00
4899,MS,2026-01,Winter Storm,DR,2026-01-23 00:00:00+00:00
4922,MS,2026-05,Severe Storm,DR,2026-05-06 00:00:00+00:00
5,MT,1953-06,Flood,DR,1953-06-06 00:00:00+00:00
172,MT,1964-06,Flood,DR,1964-06-09 00:00:00+00:00
182,MT,1964-12,Snowstorm,DR,1964-12-18 00:00:00+00:00
2012,MT,1973-08,Fire,FM,1973-08-23 00:00:00+00:00
2009,MT,1973-08,Fire,FM,1973-08-18 00:00:00+00:00
2007,MT,1973-08,Fire,FM,1973-08-16 00:00:00+00:00
417,MT,1974-01,Flood,DR,1974-01-29 00:00:00+00:00
472,MT,1975-06,Flood,DR,1975-06-28 00:00:00+00:00
2026,MT,1977-07,Fire,FM,1977-07-16 00:00:00+00:00
3050,MT,1977-08,Drought,EM,1977-08-22 00:00:00+00:00
558,MT,1978-05,Flood,DR,1978-05-29 00:00:00+00:00
2037,MT,1979-08,Fire,FM,1979-08-06 00:00:00+00:00
640,MT,1981-05,Flood,DR,1981-05-27 00:00:00+00:00
2049,MT,1984-08,Fire,FM,1984-08-28 00:00:00+00:00
2048,MT,1984-08,Fire,FM,1984-08-28 00:00:00+00:00
2047,MT,1984-08,Fire,FM,1984-08-27 00:00:00+00:00
761,MT,1986-02,Flood,DR,1986-02-24 00:00:00+00:00
777,MT,1986-09,Flood,DR,1986-09-25 00:00:00+00:00
2111,MT,1994-08,Fire,FM,1994-08-13 00:00:00+00:00
2110,MT,1994-08,Fire,FM,1994-08-21 00:00:00+00:00
1105,MT,1996-02,Severe Storm,DR,1996-02-04 00:00:00+00:00
1113,MT,1996-03,Severe Storm,DR,1996-03-01 00:00:00+00:00
2191,MT,1996-09,Fire,FM,1996-09-06 00:00:00+00:00
1183,MT,1997-03,Severe Storm,DR,1997-03-01 00:00:00+00:00
2266,MT,1999-07,Fire,FM,1999-07-24 00:00:00+00:00
2314,MT,2000-07,Fire,FM,2000-07-24 00:00:00+00:00
1340,MT,2000-07,Fire,DR,2000-07-13 00:00:00+00:00
2326,MT,2000-08,Fire,FM,2000-08-28 00:00:00+00:00
2321,MT,2000-08,Fire,FM,2000-08-16 00:00:00+00:00
2320,MT,2000-08,Fire,FM,2000-08-14 00:00:00+00:00
2318,MT,2000-08,Fire,FM,2000-08-08 00:00:00+00:00
2317,MT,2000-08,Fire,FM,2000-08-05 00:00:00+00:00
1350,MT,2000-10,Severe Storm,DR,2000-10-31 00:00:00+00:00
1377,MT,2001-04,Severe Storm,DR,2001-04-08 00:00:00+00:00
1385,MT,2001-06,Severe Storm,DR,2001-06-03 00:00:00+00:00
1424,MT,2002-06,Severe Storm,DR,2002-06-08 00:00:00+00:00
2485,MT,2003-07,Fire,FM,2003-07-21 00:00:00+00:00
2484,MT,2003-07,Fire,FM,2003-07-23 00:00:00+00:00
2483,MT,2003-07,Fire,FM,2003-07-17 00:00:00+00:00
2494,MT,2003-08,Fire,FM,2003-08-21 00:00:00+00:00
2492,MT,2003-08,Fire,FM,2003-08-14 00:00:00+00:00
2490,MT,2003-08,Fire,FM,2003-08-12 00:00:00+00:00
2489,MT,2003-08,Fire,FM,2003-08-10 00:00:00+00:00
2488,MT,2003-08,Fire,FM,2003-08-10 00:00:00+00:00
3253,MT,2005-08,Hurricane,EM,2005-08-29 00:00:00+00:00
2652,MT,2006-07,Fire,FM,2006-07-10 00:00:00+00:00
2671,MT,2006-08,Fire,FM,2006-08-30 00:00:00+00:00
2669,MT,2006-08,Fire,FM,2006-08-22 00:00:00+00:00
2723,MT,2007-08,Fire,FM,2007-08-19 00:00:00+00:00
2721,MT,2007-08,Fire,FM,2007-08-16 00:00:00+00:00
2718,MT,2007-08,Fire,FM,2007-08-04 00:00:00+00:00
2730,MT,2007-09,Fire,FM,2007-09-16 00:00:00+00:00
1767,MT,2008-05,Severe Storm,DR,2008-05-01 00:00:00+00:00
2837,MT,2009-09,Fire,FM,2009-09-03 00:00:00+00:00
1922,MT,2010-06,Severe Storm,DR,2010-06-15 00:00:00+00:00
1996,MT,2011-04,Severe Storm,DR,2011-04-04 00:00:00+00:00
2950,MT,2011-08,Fire,FM,2011-08-29 00:00:00+00:00
4074,MT,2012-06,Fire,DR,2012-06-25 00:00:00+00:00
2989,MT,2012-06,Fire,FM,2012-06-25 00:00:00+00:00
2988,MT,2012-06,Fire,FM,2012-06-26 00:00:00+00:00
2987,MT,2012-06,Fire,FM,2012-06-25 00:00:00+00:00
5008,MT,2012-08,Fire,FM,2012-08-28 00:00:00+00:00
5016,MT,2012-09,Fire,FM,2012-09-10 00:00:00+00:00
4127,MT,2013-05,Flood,DR,2013-05-19 00:00:00+00:00
5035,MT,2013-07,Fire,FM,2013-07-18 00:00:00+00:00
5047,MT,2013-08,Fire,FM,2013-08-18 00:00:00+00:00
4172,MT,2014-03,Flood,DR,2014-03-01 00:00:00+00:00
4198,MT,2014-08,Severe Storm,DR,2014-08-21 00:00:00+00:00
4271,MT,2016-04,Severe Storm,DR,2016-04-15 00:00:00+00:00
4275,MT,2016-06,Tornado,DR,2016-06-11 00:00:00+00:00
5143,MT,2016-08,Fire,FM,2016-08-01 00:00:00+00:00
5194,MT,2017-07,Fire,FM,2017-07-20 00:00:00+00:00
5207,MT,2017-08,Fire,FM,2017-08-28 00:00:00+00:00
5197,MT,2017-08,Fire,FM,2017-08-17 00:00:00+00:00
5212,MT,2017-09,Fire,FM,2017-09-11 00:00:00+00:00
5211,MT,2017-09,Fire,FM,2017-09-09 00:00:00+00:00
5210,MT,2017-09,Fire,FM,2017-09-09 00:00:00+00:00
5209,MT,2017-09,Fire,FM,2017-09-09 00:00:00+00:00
5208,MT,2017-09,Fire,FM,2017-09-08 00:00:00+00:00
4388,MT,2018-04,Flood,DR,2018-04-12 00:00:00+00:00
4405,MT,2018-05,Flood,DR,2018-05-01 00:00:00+00:00
4437,MT,2019-03,Flood,DR,2019-03-20 00:00:00+00:00
5286,MT,2019-07,Fire,FM,2019-07-26 00:00:00+00:00
4508,MT,2020-01,Biological,DR,2020-01-20 00:00:00+00:00
3516,MT,2020-01,Biological,EM,2020-01-20 00:00:00+00:00
3476,MT,2020-01,Biological,EM,2020-01-20 00:00:00+00:00
5324,MT,2020-08,Fire,FM,2020-08-02 00:00:00+00:00
5346,MT,2020-09,Fire,FM,2020-09-05 00:00:00+00:00
5345,MT,2020-09,Fire,FM,2020-09-03 00:00:00+00:00
5344,MT,2020-09,Fire,FM,2020-09-02 00:00:00+00:00
5343,MT,2020-09,Fire,FM,2020-09-02 00:00:00+00:00
5392,MT,2021-06,Fire,FM,2021-06-15 00:00:00+00:00
4608,MT,2021-06,Other,DR,2021-06-10 00:00:00+00:00
5403,MT,2021-07,Fire,FM,2021-07-28 00:00:00+00:00
5399,MT,2021-07,Fire,FM,2021-07-16 00:00:00+00:00
5406,MT,2021-08,Fire,FM,2021-08-10 00:00:00+00:00
4623,MT,2021-08,Fire,DR,2021-08-08 00:00:00+00:00
4655,MT,2022-06,Flood,DR,2022-06-10 00:00:00+00:00
4726,MT,2023-04,Flood,DR,2023-04-10 00:00:00+00:00
4745,MT,2023-06,Flood,DR,2023-06-01 00:00:00+00:00
5480,MT,2023-08,Fire,FM,2023-08-18 00:00:00+00:00
4801,MT,2024-05,Severe Storm,DR,2024-05-06 00:00:00+00:00
5507,MT,2024-07,Fire,FM,2024-07-09 00:00:00+00:00
4813,MT,2024-07,Straight-Line Winds,DR,2024-07-24 00:00:00+00:00
4847,MT,2024-08,Severe Storm,DR,2024-08-06 00:00:00+00:00
4887,MT,2025-05,Flood,DR,2025-05-18 00:00:00+00:00
5611,MT,2025-08,Fire,FM,2025-08-26 00:00:00+00:00
3630,MT,2025-12,Flood,EM,2025-12-10 00:00:00+00:00
4915,MT,2025-12,Straight-Line Winds,DR,2025-12-17 00:00:00+00:00
4914,MT,2025-12,Winter Storm,DR,2025-12-17 00:00:00+00:00
4901,MT,2025-12,Flood,DR,2025-12-09 00:00:00+00:00
4902,MT,2025-12,Straight-Line Winds,DR,2025-12-17 00:00:00+00:00
28,NC,1954-10,Hurricane,DR,1954-10-17 00:00:00+00:00
37,NC,1955-08,Hurricane,DR,1955-08-13 00:00:00+00:00
56,NC,1956-04,Severe Storm,DR,1956-04-24 00:00:00+00:00
87,NC,1958-10,Hurricane,DR,1958-10-01 00:00:00+00:00
107,NC,1960-09,Hurricane,DR,1960-09-16 00:00:00+00:00
130,NC,1962-03,Flood,DR,1962-03-16 00:00:00+00:00
179,NC,1964-10,Flood,DR,1964-10-13 00:00:00+00:00
234,NC,1968-02,Severe Ice Storm,DR,1968-02-10 00:00:00+00:00
394,NC,1973-06,Flood,DR,1973-06-25 00:00:00+00:00
428,NC,1974-04,Tornado,DR,1974-04-12 00:00:00+00:00
3033,NC,1977-03,Snowstorm,EM,1977-03-02 00:00:00+00:00
3049,NC,1977-08,Drought,EM,1977-08-11 00:00:00+00:00
542,NC,1977-11,Flood,DR,1977-11-09 00:00:00+00:00
605,NC,1979-09,Flood,DR,1979-09-29 00:00:00+00:00
699,NC,1984-03,Tornado,DR,1984-03-28 00:00:00+00:00
724,NC,1984-09,Hurricane,DR,1984-09-11 00:00:00+00:00
2059,NC,1986-05,Fire,FM,1986-05-10 00:00:00+00:00
818,NC,1988-11,Tornado,DR,1988-11-28 00:00:00+00:00
827,NC,1989-05,Tornado,DR,1989-05-05 00:00:00+00:00
844,NC,1989-09,Hurricane,DR,1989-09-21 00:00:00+00:00
3110,NC,1993-03,Snowstorm,EM,1993-03-13 00:00:00+00:00
1003,NC,1993-08,Hurricane,DR,1993-08-31 00:00:00+00:00
1073,NC,1995-10,Flood,DR,1995-10-04 00:00:00+00:00
1087,NC,1996-01,Snowstorm,DR,1996-01-06 00:00:00+00:00
1103,NC,1996-02,Snowstorm,DR,1996-02-02 00:00:00+00:00
1127,NC,1996-07,Hurricane,DR,1996-07-10 00:00:00+00:00
1134,NC,1996-09,Hurricane,DR,1996-09-05 00:00:00+00:00
1200,NC,1998-01,Severe Storm,DR,1998-01-07 00:00:00+00:00
1211,NC,1998-03,Severe Storm,DR,1998-03-20 00:00:00+00:00
1240,NC,1998-08,Hurricane,DR,1998-08-20 00:00:00+00:00
3141,NC,1999-08,Hurricane,EM,1999-08-29 00:00:00+00:00
1291,NC,1999-08,Hurricane,DR,1999-08-29 00:00:00+00:00
3146,NC,1999-09,Hurricane,EM,1999-09-15 00:00:00+00:00
1292,NC,1999-09,Hurricane,DR,1999-09-15 00:00:00+00:00
1312,NC,2000-01,Severe Storm,DR,2000-01-24 00:00:00+00:00
1448,NC,2002-12,Severe Ice Storm,DR,2002-12-04 00:00:00+00:00
1457,NC,2003-02,Severe Ice Storm,DR,2003-02-27 00:00:00+00:00
1490,NC,2003-09,Hurricane,DR,2003-09-18 00:00:00+00:00
1553,NC,2004-09,Hurricane,DR,2004-09-16 00:00:00+00:00
1546,NC,2004-09,Hurricane,DR,2004-09-07 00:00:00+00:00
3222,NC,2005-08,Hurricane,EM,2005-08-29 00:00:00+00:00
3254,NC,2005-09,Hurricane,EM,2005-09-11 00:00:00+00:00
1608,NC,2005-09,Hurricane,DR,2005-09-11 00:00:00+00:00
2773,NC,2008-06,Fire,FM,2008-06-13 00:00:00+00:00
1801,NC,2008-09,Severe Storm,DR,2008-09-04 00:00:00+00:00
1871,NC,2009-12,Severe Storm,DR,2009-12-18 00:00:00+00:00
3314,NC,2010-09,Hurricane,EM,2010-09-01 00:00:00+00:00
1942,NC,2010-09,Severe Storm,DR,2010-09-27 00:00:00+00:00
1969,NC,2011-04,Severe Storm,DR,2011-04-16 00:00:00+00:00
2936,NC,2011-07,Fire,FM,2011-07-04 00:00:00+00:00
4019,NC,2011-08,Hurricane,DR,2011-08-25 00:00:00+00:00
3327,NC,2011-08,Hurricane,EM,2011-08-25 00:00:00+00:00
4103,NC,2013-01,Mud/Landslide,DR,2013-01-14 00:00:00+00:00
4153,NC,2013-07,Flood,DR,2013-07-27 00:00:00+00:00
4146,NC,2013-07,Flood,DR,2013-07-03 00:00:00+00:00
4167,NC,2014-03,Severe Ice Storm,DR,2014-03-06 00:00:00+00:00
4285,NC,2016-10,Hurricane,DR,2016-10-04 00:00:00+00:00
3380,NC,2016-10,Hurricane,EM,2016-10-04 00:00:00+00:00
5164,NC,2016-11,Fire,FM,2016-11-19 00:00:00+00:00
5161,NC,2016-11,Fire,FM,2016-11-11 00:00:00+00:00
4364,NC,2018-04,Severe Storm,DR,2018-04-15 00:00:00+00:00
4393,NC,2018-09,Hurricane,DR,2018-09-07 00:00:00+00:00
3401,NC,2018-09,Hurricane,EM,2018-09-07 00:00:00+00:00
4412,NC,2018-10,Hurricane,DR,2018-10-10 00:00:00+00:00
4465,NC,2019-09,Hurricane,DR,2019-09-01 00:00:00+00:00
3423,NC,2019-09,Hurricane,EM,2019-09-01 00:00:00+00:00
4487,NC,2020-01,Biological,DR,2020-01-20 00:00:00+00:00
3471,NC,2020-01,Biological,EM,2020-01-20 00:00:00+00:00
4543,NC,2020-02,Severe Storm,DR,2020-02-06 00:00:00+00:00
4568,NC,2020-07,Hurricane,DR,2020-07-31 00:00:00+00:00
3534,NC,2020-07,Hurricane,EM,2020-07-31 00:00:00+00:00
4588,NC,2020-11,Severe Storm,DR,2020-11-12 00:00:00+00:00
4617,NC,2021-08,Hurricane,DR,2021-08-16 00:00:00+00:00
3586,NC,2022-09,Hurricane,EM,2022-09-28 00:00:00+00:00
3608,NC,2024-08,Tropical Storm,EM,2024-08-05 00:00:00+00:00
4827,NC,2024-09,Tropical Storm,DR,2024-09-25 00:00:00+00:00
4837,NC,2024-09,Tropical Storm,DR,2024-09-16 00:00:00+00:00
3617,NC,2024-09,Tropical Storm,EM,2024-09-25 00:00:00+00:00
5577,NC,2025-03,Fire,FM,2025-03-25 00:00:00+00:00
5574,NC,2025-03,Fire,FM,2025-03-19 00:00:00+00:00
5578,NC,2025-03,Fire,FM,2025-03-26 00:00:00+00:00
5580,NC,2025-04,Fire,FM,2025-04-18 00:00:00+00:00
5582,NC,2025-05,Fire,FM,2025-05-02 00:00:00+00:00
4889,NC,2025-07,Tropical Depression,DR,2025-07-06 00:00:00+00:00
3637,NC,2026-01,Winter Storm,EM,2026-01-21 00:00:00+00:00
79,ND,1957-06,Tornado,DR,1957-06-22 00:00:00+00:00
195,ND,1965-05,Flood,DR,1965-05-10 00:00:00+00:00
216,ND,1966-03,Flood,DR,1966-03-23 00:00:00+00:00
220,ND,1966-07,Flood,DR,1966-07-09 00:00:00+00:00
256,ND,1969-04,Flood,DR,1969-04-18 00:00:00+00:00
287,ND,1970-06,Flood,DR,1970-06-05 00:00:00+00:00
335,ND,1972-06,Flood,DR,1972-06-10 00:00:00+00:00
434,ND,1974-05,Flood,DR,1974-05-14 00:00:00+00:00
469,ND,1975-05,Flood,DR,1975-05-24 00:00:00+00:00
475,ND,1975-07,Flood,DR,1975-07-11 00:00:00+00:00
3012,ND,1976-04,Flood,EM,1976-04-13 00:00:00+00:00
501,ND,1976-04,Flood,DR,1976-04-16 00:00:00+00:00
3016,ND,1976-07,Drought,EM,1976-07-21 00:00:00+00:00
3061,ND,1978-02,Snowstorm,EM,1978-02-16 00:00:00+00:00
554,ND,1978-04,Flood,DR,1978-04-17 00:00:00+00:00
3065,ND,1978-07,Tornado,EM,1978-07-07 00:00:00+00:00
581,ND,1979-04,Flood,DR,1979-04-26 00:00:00+00:00
658,ND,1982-05,Flood,DR,1982-05-11 00:00:00+00:00
825,ND,1989-03,Flood,DR,1989-03-29 00:00:00+00:00
1001,ND,1993-06,Flood,DR,1993-06-22 00:00:00+00:00
1032,ND,1994-03,Severe Storm,DR,1994-03-05 00:00:00+00:00
1050,ND,1995-03,Severe Storm,DR,1995-03-01 00:00:00+00:00
1118,ND,1996-03,Severe Storm,DR,1996-03-12 00:00:00+00:00
1157,ND,1997-01,Severe Storm,DR,1997-01-03 00:00:00+00:00
1174,ND,1997-02,Flood,DR,1997-02-28 00:00:00+00:00
1220,ND,1998-03,Flood,DR,1998-03-02 00:00:00+00:00
1279,ND,1999-03,Flood,DR,1999-03-01 00:00:00+00:00
1334,ND,2000-04,Severe Storm,DR,2000-04-05 00:00:00+00:00
1353,ND,2000-11,Tornado,DR,2000-11-01 00:00:00+00:00
1376,ND,2001-03,Flood,DR,2001-03-01 00:00:00+00:00
2435,ND,2002-06,Fire,FM,2002-06-29 00:00:00+00:00
1431,ND,2002-06,Severe Storm,DR,2002-06-08 00:00:00+00:00
1483,ND,2003-06,Severe Storm,DR,2003-06-24 00:00:00+00:00
3196,ND,2004-01,Snowstorm,EM,2004-01-23 00:00:00+00:00
1515,ND,2004-03,Severe Storm,DR,2004-03-26 00:00:00+00:00
1597,ND,2005-06,Severe Storm,DR,2005-06-01 00:00:00+00:00
3247,ND,2005-08,Coastal Storm,EM,2005-08-29 00:00:00+00:00
1616,ND,2005-10,Snowstorm,DR,2005-10-04 00:00:00+00:00
1621,ND,2005-11,Severe Storm,DR,2005-11-27 00:00:00+00:00
1645,ND,2006-03,Severe Storm,DR,2006-03-30 00:00:00+00:00
1713,ND,2007-06,Severe Storm,DR,2007-06-02 00:00:00+00:00
1725,ND,2007-07,Severe Storm,DR,2007-07-15 00:00:00+00:00
1726,ND,2007-08,Severe Storm,DR,2007-08-26 00:00:00+00:00
1829,ND,2009-03,Severe Storm,DR,2009-03-13 00:00:00+00:00
1879,ND,2010-01,Severe Storm,DR,2010-01-20 00:00:00+00:00
3309,ND,2010-02,Flood,EM,2010-02-26 00:00:00+00:00
1907,ND,2010-02,Flood,DR,2010-02-26 00:00:00+00:00
1901,ND,2010-04,Severe Storm,DR,2010-04-01 00:00:00+00:00
1981,ND,2011-02,Flood,DR,2011-02-14 00:00:00+00:00
3318,ND,2011-04,Flood,EM,2011-04-05 00:00:00+00:00
1986,ND,2011-04,Severe Storm,DR,2011-04-29 00:00:00+00:00
4118,ND,2013-04,Flood,DR,2013-04-22 00:00:00+00:00
3364,ND,2013-04,Flood,EM,2013-04-22 00:00:00+00:00
4128,ND,2013-05,Severe Storm,DR,2013-05-17 00:00:00+00:00
4123,ND,2013-05,Flood,DR,2013-05-25 00:00:00+00:00
4154,ND,2013-10,Severe Storm,DR,2013-10-04 00:00:00+00:00
4190,ND,2014-06,Flood,DR,2014-06-25 00:00:00+00:00
4323,ND,2017-03,Flood,DR,2017-03-23 00:00:00+00:00
4444,ND,2019-03,Flood,DR,2019-03-21 00:00:00+00:00
4475,ND,2019-10,Flood,DR,2019-10-09 00:00:00+00:00
4509,ND,2020-01,Biological,DR,2020-01-20 00:00:00+00:00
3512,ND,2020-01,Biological,EM,2020-01-20 00:00:00+00:00
3477,ND,2020-01,Biological,EM,2020-01-20 00:00:00+00:00
4553,ND,2020-04,Flood,DR,2020-04-01 00:00:00+00:00
4565,ND,2020-06,Severe Storm,DR,2020-06-29 00:00:00+00:00
4613,ND,2021-06,Severe Storm,DR,2021-06-07 00:00:00+00:00
4660,ND,2022-04,Severe Storm,DR,2022-04-22 00:00:00+00:00
4686,ND,2022-11,Snowstorm,DR,2022-11-09 00:00:00+00:00
4717,ND,2023-04,Flood,DR,2023-04-10 00:00:00+00:00
4760,ND,2023-12,Winter Storm,DR,2023-12-25 00:00:00+00:00
5541,ND,2024-10,Fire,FM,2024-10-05 00:00:00+00:00
4852,ND,2024-10,Fire,DR,2024-10-05 00:00:00+00:00
5540,ND,2024-10,Fire,FM,2024-10-05 00:00:00+00:00
4888,ND,2025-06,Severe Storm,DR,2025-06-20 00:00:00+00:00
4895,ND,2025-08,Severe Storm,DR,2025-08-07 00:00:00+00:00
98,NE,1960-04,Flood,DR,1960-04-04 00:00:00+00:00
131,NE,1962-05,Flood,DR,1962-05-10 00:00:00+00:00
134,NE,1962-09,Flood,DR,1962-09-05 00:00:00+00:00
156,NE,1963-07,Flood,DR,1963-07-17 00:00:00+00:00
174,NE,1964-07,Flood,DR,1964-07-20 00:00:00+00:00
221,NE,1966-08,Flood,DR,1966-08-31 00:00:00+00:00
228,NE,1967-07,Flood,DR,1967-07-18 00:00:00+00:00
303,NE,1971-02,Flood,DR,1971-02-23 00:00:00+00:00
308,NE,1971-07,Flood,DR,1971-07-07 00:00:00+00:00
406,NE,1973-10,Flood,DR,1973-10-20 00:00:00+00:00
467,NE,1975-05,Tornado,DR,1975-05-07 00:00:00+00:00
500,NE,1976-04,Severe Ice Storm,DR,1976-04-08 00:00:00+00:00
3022,NE,1977-01,Drought,EM,1977-01-18 00:00:00+00:00
552,NE,1978-03,Flood,DR,1978-03-24 00:00:00+00:00
625,NE,1980-06,Tornado,DR,1980-06-04 00:00:00+00:00
718,NE,1984-04,Tornado,DR,1984-04-25 00:00:00+00:00
716,NE,1984-06,Tornado,DR,1984-06-11 00:00:00+00:00
873,NE,1990-06,Severe Storm,DR,1990-06-10 00:00:00+00:00
908,NE,1991-05,Flood,DR,1991-05-10 00:00:00+00:00
954,NE,1992-07,Flood,DR,1992-07-11 00:00:00+00:00
983,NE,1993-03,Flood,DR,1993-03-07 00:00:00+00:00
998,NE,1993-06,Flood,DR,1993-06-23 00:00:00+00:00
1027,NE,1994-04,Snowstorm,DR,1994-04-10 00:00:00+00:00
1123,NE,1996-05,Severe Storm,DR,1996-05-08 00:00:00+00:00
1190,NE,1997-10,Severe Storm,DR,1997-10-24 00:00:00+00:00
1286,NE,1999-08,Severe Storm,DR,1999-08-06 00:00:00+00:00
1373,NE,2001-04,Severe Storm,DR,2001-04-10 00:00:00+00:00
1394,NE,2001-08,Severe Storm,DR,2001-08-17 00:00:00+00:00
1480,NE,2003-06,Severe Storm,DR,2003-06-09 00:00:00+00:00
1517,NE,2004-05,Severe Storm,DR,2004-05-20 00:00:00+00:00
1590,NE,2005-05,Severe Storm,DR,2005-05-11 00:00:00+00:00
3245,NE,2005-08,Hurricane,EM,2005-08-29 00:00:00+00:00
1627,NE,2005-11,Severe Storm,DR,2005-11-27 00:00:00+00:00
2661,NE,2006-07,Fire,FM,2006-07-28 00:00:00+00:00
2660,NE,2006-07,Fire,FM,2006-07-27 00:00:00+00:00
2655,NE,2006-07,Fire,FM,2006-07-16 00:00:00+00:00
1674,NE,2006-12,Severe Storm,DR,2006-12-19 00:00:00+00:00
1714,NE,2007-05,Severe Storm,DR,2007-05-28 00:00:00+00:00
1706,NE,2007-05,Severe Storm,DR,2007-05-04 00:00:00+00:00
1721,NE,2007-06,Severe Storm,DR,2007-06-11 00:00:00+00:00
1739,NE,2007-12,Severe Ice Storm,DR,2007-12-10 00:00:00+00:00
1765,NE,2008-04,Severe Storm,DR,2008-04-23 00:00:00+00:00
1770,NE,2008-05,Severe Storm,DR,2008-05-22 00:00:00+00:00
1779,NE,2008-06,Severe Storm,DR,2008-06-27 00:00:00+00:00
1853,NE,2009-06,Severe Storm,DR,2009-06-05 00:00:00+00:00
1864,NE,2009-11,Severe Storm,DR,2009-11-16 00:00:00+00:00
1878,NE,2009-12,Severe Storm,DR,2009-12-22 00:00:00+00:00
1902,NE,2010-03,Flood,DR,2010-03-06 00:00:00+00:00
1924,NE,2010-06,Severe Storm,DR,2010-06-01 00:00:00+00:00
1945,NE,2010-09,Severe Storm,DR,2010-09-13 00:00:00+00:00
2900,NE,2011-04,Fire,FM,2011-04-22 00:00:00+00:00
4013,NE,2011-05,Flood,DR,2011-05-24 00:00:00+00:00
4014,NE,2011-06,Severe Storm,DR,2011-06-19 00:00:00+00:00
3323,NE,2011-06,Flood,EM,2011-06-17 00:00:00+00:00
5009,NE,2012-08,Fire,FM,2012-08-30 00:00:00+00:00
4156,NE,2013-10,Severe Storm,DR,2013-10-02 00:00:00+00:00
4179,NE,2014-05,Tornado,DR,2014-05-11 00:00:00+00:00
4185,NE,2014-06,Severe Storm,DR,2014-06-01 00:00:00+00:00
4183,NE,2014-06,Severe Storm,DR,2014-06-14 00:00:00+00:00
4225,NE,2015-05,Severe Storm,DR,2015-05-06 00:00:00+00:00
4321,NE,2017-04,Severe Storm,DR,2017-04-29 00:00:00+00:00
4325,NE,2017-06,Severe Storm,DR,2017-06-12 00:00:00+00:00
4375,NE,2018-04,Snowstorm,DR,2018-04-13 00:00:00+00:00
4387,NE,2018-06,Severe Storm,DR,2018-06-17 00:00:00+00:00
4446,NE,2019-03,Flood,DR,2019-03-13 00:00:00+00:00
4420,NE,2019-03,Flood,DR,2019-03-09 00:00:00+00:00
4521,NE,2020-01,Biological,DR,2020-01-20 00:00:00+00:00
3488,NE,2020-01,Biological,EM,2020-01-20 00:00:00+00:00
3523,NE,2020-01,Biological,EM,2020-01-20 00:00:00+00:00
3493,NE,2020-01,Biological,EM,2020-01-20 00:00:00+00:00
3489,NE,2020-01,Biological,EM,2020-01-20 00:00:00+00:00
3483,NE,2020-01,Biological,EM,2020-01-20 00:00:00+00:00
4616,NE,2021-07,Severe Storm,DR,2021-07-09 00:00:00+00:00
4641,NE,2021-12,Severe Storm,DR,2021-12-15 00:00:00+00:00
5436,NE,2022-04,Fire,FM,2022-04-22 00:00:00+00:00
4662,NE,2022-05,Severe Storm,DR,2022-05-12 00:00:00+00:00
5462,NE,2023-04,Fire,FM,2023-04-08 00:00:00+00:00
4786,NE,2024-04,Severe Storm,DR,2024-04-06 00:00:00+00:00
4778,NE,2024-04,Tornado,DR,2024-04-25 00:00:00+00:00
4808,NE,2024-05,Severe Storm,DR,2024-05-20 00:00:00+00:00
4822,NE,2024-06,Severe Storm,DR,2024-06-19 00:00:00+00:00
4838,NE,2024-07,Severe Storm,DR,2024-07-31 00:00:00+00:00
4868,NE,2025-03,Winter Storm,DR,2025-03-18 00:00:00+00:00
4896,NE,2025-08,Severe Storm,DR,2025-08-08 00:00:00+00:00
5623,NE,2026-03,Fire,FM,2026-03-12 00:00:00+00:00
4920,NE,2026-03,Fire,DR,2026-03-12 00:00:00+00:00
5637,NE,2026-06,Fire,FM,2026-06-09 00:00:00+00:00
11,NH,1953-07,Fire,DR,1953-07-02 00:00:00+00:00
327,NH,1972-03,Coastal Storm,DR,1972-03-18 00:00:00+00:00
399,NH,1973-07,Flood,DR,1973-07-11 00:00:00+00:00
411,NH,1974-01,Flood,DR,1974-01-21 00:00:00+00:00
549,NH,1978-02,Flood,DR,1978-02-16 00:00:00+00:00
3073,NH,1979-03,Flood,EM,1979-03-15 00:00:00+00:00
771,NH,1986-07,Flood,DR,1986-07-29 00:00:00+00:00
789,NH,1987-03,Flood,DR,1987-03-30 00:00:00+00:00
876,NH,1990-08,Flood,DR,1990-08-07 00:00:00+00:00
917,NH,1991-08,Hurricane,DR,1991-08-18 00:00:00+00:00
923,NH,1991-10,Coastal Storm,DR,1991-10-30 00:00:00+00:00
3101,NH,1993-03,Snowstorm,EM,1993-03-13 00:00:00+00:00
1077,NH,1995-10,Flood,DR,1995-10-20 00:00:00+00:00
1144,NH,1996-10,Flood,DR,1996-10-20 00:00:00+00:00
1199,NH,1998-01,Severe Storm,DR,1998-01-07 00:00:00+00:00
1231,NH,1998-06,Severe Storm,DR,1998-06-12 00:00:00+00:00
1305,NH,1999-09,Hurricane,DR,1999-09-16 00:00:00+00:00
3166,NH,2001-03,Snowstorm,EM,2001-03-05 00:00:00+00:00
3177,NH,2003-02,Snowstorm,EM,2003-02-17 00:00:00+00:00
1489,NH,2003-07,Severe Storm,DR,2003-07-21 00:00:00+00:00
3193,NH,2003-12,Snowstorm,EM,2003-12-06 00:00:00+00:00
3207,NH,2005-01,Snowstorm,EM,2005-01-22 00:00:00+00:00
3208,NH,2005-02,Snowstorm,EM,2005-02-10 00:00:00+00:00
3211,NH,2005-03,Snowstorm,EM,2005-03-11 00:00:00+00:00
3258,NH,2005-08,Hurricane,EM,2005-08-29 00:00:00+00:00
1610,NH,2005-10,Severe Storm,DR,2005-10-07 00:00:00+00:00
1643,NH,2006-05,Severe Storm,DR,2006-05-12 00:00:00+00:00
1695,NH,2007-04,Severe Storm,DR,2007-04-15 00:00:00+00:00
1787,NH,2008-07,Severe Storm,DR,2008-07-24 00:00:00+00:00
1782,NH,2008-07,Severe Storm,DR,2008-07-24 00:00:00+00:00
1799,NH,2008-09,Severe Storm,DR,2008-09-06 00:00:00+00:00
3297,NH,2008-12,Severe Storm,EM,2008-12-11 00:00:00+00:00
1812,NH,2008-12,Severe Ice Storm,DR,2008-12-11 00:00:00+00:00
1892,NH,2010-02,Severe Storm,DR,2010-02-23 00:00:00+00:00
1913,NH,2010-03,Severe Storm,DR,2010-03-14 00:00:00+00:00
4006,NH,2011-05,Flood,DR,2011-05-26 00:00:00+00:00
4026,NH,2011-08,Hurricane,DR,2011-08-26 00:00:00+00:00
3333,NH,2011-08,Hurricane,EM,2011-08-26 00:00:00+00:00
4049,NH,2011-10,Severe Storm,DR,2011-10-29 00:00:00+00:00
3344,NH,2011-10,Severe Storm,EM,2011-10-29 00:00:00+00:00
4065,NH,2012-05,Severe Storm,DR,2012-05-29 00:00:00+00:00
4095,NH,2012-10,Hurricane,DR,2012-10-26 00:00:00+00:00
3360,NH,2012-10,Hurricane,EM,2012-10-26 00:00:00+00:00
4105,NH,2013-02,Severe Storm,DR,2013-02-08 00:00:00+00:00
4139,NH,2013-06,Severe Storm,DR,2013-06-26 00:00:00+00:00
4209,NH,2015-01,Severe Storm,DR,2015-01-26 00:00:00+00:00
5123,NH,2016-04,Fire,FM,2016-04-21 00:00:00+00:00
4316,NH,2017-03,Severe Storm,DR,2017-03-14 00:00:00+00:00
4329,NH,2017-07,Severe Storm,DR,2017-07-01 00:00:00+00:00
4355,NH,2017-10,Severe Storm,DR,2017-10-29 00:00:00+00:00
4371,NH,2018-03,Snowstorm,DR,2018-03-13 00:00:00+00:00
4370,NH,2018-03,Coastal Storm,DR,2018-03-02 00:00:00+00:00
4457,NH,2019-07,Severe Storm,DR,2019-07-11 00:00:00+00:00
4516,NH,2020-01,Biological,DR,2020-01-20 00:00:00+00:00
3445,NH,2020-01,Biological,EM,2020-01-20 00:00:00+00:00
4624,NH,2021-07,Flood,DR,2021-07-29 00:00:00+00:00
4622,NH,2021-07,Severe Storm,DR,2021-07-17 00:00:00+00:00
4693,NH,2022-12,Severe Storm,DR,2022-12-22 00:00:00+00:00
4740,NH,2023-07,Flood,DR,2023-07-09 00:00:00+00:00
4761,NH,2023-12,Severe Storm,DR,2023-12-17 00:00:00+00:00
4771,NH,2024-01,Severe Storm,DR,2024-01-09 00:00:00+00:00
4799,NH,2024-04,Winter Storm,DR,2024-04-03 00:00:00+00:00
4812,NH,2024-07,Severe Storm,DR,2024-07-10 00:00:00+00:00
41,NJ,1955-08,Hurricane,DR,1955-08-20 00:00:00+00:00
124,NJ,1962-03,Flood,DR,1962-03-09 00:00:00+00:00
205,NJ,1965-08,Drought,DR,1965-08-18 00:00:00+00:00
245,NJ,1968-06,Flood,DR,1968-06-18 00:00:00+00:00
310,NJ,1971-09,Flood,DR,1971-09-04 00:00:00+00:00
402,NJ,1973-08,Flood,DR,1973-08-07 00:00:00+00:00
3005,NJ,1974-12,Coastal Storm,EM,1974-12-24 00:00:00+00:00
477,NJ,1975-07,Flood,DR,1975-07-23 00:00:00+00:00
519,NJ,1976-08,Flood,DR,1976-08-21 00:00:00+00:00
528,NJ,1977-02,Severe Ice Storm,DR,1977-02-08 00:00:00+00:00
3083,NJ,1980-10,Drought,EM,1980-10-19 00:00:00+00:00
701,NJ,1984-03,Flood,DR,1984-03-28 00:00:00+00:00
749,NJ,1985-09,Hurricane,DR,1985-09-27 00:00:00+00:00
936,NJ,1992-01,Severe Storm,DR,1992-01-04 00:00:00+00:00
973,NJ,1992-12,Flood,DR,1992-12-10 00:00:00+00:00
3106,NJ,1993-03,Snowstorm,EM,1993-03-13 00:00:00+00:00
1088,NJ,1996-01,Snowstorm,DR,1996-01-07 00:00:00+00:00
1145,NJ,1996-10,Severe Storm,DR,1996-10-18 00:00:00+00:00
1189,NJ,1997-08,Severe Storm,DR,1997-08-20 00:00:00+00:00
1206,NJ,1998-02,Coastal Storm,DR,1998-02-04 00:00:00+00:00
3148,NJ,1999-09,Hurricane,EM,1999-09-16 00:00:00+00:00
1295,NJ,1999-09,Hurricane,DR,1999-09-16 00:00:00+00:00
3156,NJ,2000-05,Other,EM,2000-05-30 00:00:00+00:00
1337,NJ,2000-08,Severe Storm,DR,2000-08-12 00:00:00+00:00
3169,NJ,2001-09,Fire,EM,2001-09-11 00:00:00+00:00
2411,NJ,2002-06,Fire,FM,2002-06-02 00:00:00+00:00
3181,NJ,2003-02,Snowstorm,EM,2003-02-16 00:00:00+00:00
3188,NJ,2003-08,Other,EM,2003-08-14 00:00:00+00:00
1530,NJ,2004-07,Severe Storm,DR,2004-07-12 00:00:00+00:00
1563,NJ,2004-09,Severe Storm,DR,2004-09-18 00:00:00+00:00
1588,NJ,2005-04,Severe Storm,DR,2005-04-01 00:00:00+00:00
3257,NJ,2005-08,Hurricane,EM,2005-08-29 00:00:00+00:00
1653,NJ,2006-06,Severe Storm,DR,2006-06-23 00:00:00+00:00
1694,NJ,2007-04,Severe Storm,DR,2007-04-14 00:00:00+00:00
2695,NJ,2007-05,Fire,FM,2007-05-15 00:00:00+00:00
1867,NJ,2009-11,Severe Storm,DR,2009-11-11 00:00:00+00:00
1873,NJ,2009-12,Snowstorm,DR,2009-12-19 00:00:00+00:00
1889,NJ,2010-02,Snowstorm,DR,2010-02-05 00:00:00+00:00
1897,NJ,2010-03,Severe Storm,DR,2010-03-12 00:00:00+00:00
1954,NJ,2010-12,Snowstorm,DR,2010-12-26 00:00:00+00:00
4021,NJ,2011-08,Hurricane,DR,2011-08-27 00:00:00+00:00
4033,NJ,2011-08,Severe Storm,DR,2011-08-13 00:00:00+00:00
3332,NJ,2011-08,Hurricane,EM,2011-08-26 00:00:00+00:00
4039,NJ,2011-09,Severe Storm,DR,2011-09-28 00:00:00+00:00
4048,NJ,2011-10,Severe Storm,DR,2011-10-29 00:00:00+00:00
4070,NJ,2012-06,Severe Storm,DR,2012-06-30 00:00:00+00:00
4086,NJ,2012-10,Hurricane,DR,2012-10-26 00:00:00+00:00
3354,NJ,2012-10,Hurricane,EM,2012-10-26 00:00:00+00:00
4231,NJ,2015-06,Severe Storm,DR,2015-06-23 00:00:00+00:00
4264,NJ,2016-01,Severe Storm,DR,2016-01-22 00:00:00+00:00
4368,NJ,2018-03,Severe Storm,DR,2018-03-06 00:00:00+00:00
4488,NJ,2020-01,Biological,DR,2020-01-20 00:00:00+00:00
3451,NJ,2020-01,Biological,EM,2020-01-20 00:00:00+00:00
4574,NJ,2020-08,Hurricane,DR,2020-08-04 00:00:00+00:00
4597,NJ,2021-01,Snowstorm,DR,2021-01-31 00:00:00+00:00
4614,NJ,2021-09,Hurricane,DR,2021-09-01 00:00:00+00:00
3573,NJ,2021-09,Hurricane,EM,2021-09-01 00:00:00+00:00
4725,NJ,2023-07,Severe Storm,DR,2023-07-14 00:00:00+00:00
5581,NJ,2025-04,Fire,FM,2025-04-22 00:00:00+00:00
27,NM,1954-10,Flood,DR,1954-10-13 00:00:00+00:00
38,NM,1955-08,Flood,DR,1955-08-15 00:00:00+00:00
202,NM,1965-07,Flood,DR,1965-07-01 00:00:00+00:00
346,NM,1972-08,Flood,DR,1972-08-01 00:00:00+00:00
353,NM,1972-09,Flood,DR,1972-09-20 00:00:00+00:00
361,NM,1972-11,Flood,DR,1972-11-20 00:00:00+00:00
380,NM,1973-05,Flood,DR,1973-05-11 00:00:00+00:00
2015,NM,1974-05,Fire,FM,1974-05-21 00:00:00+00:00
3034,NM,1977-03,Drought,EM,1977-03-02 00:00:00+00:00
2025,NM,1977-06,Fire,FM,1977-06-18 00:00:00+00:00
571,NM,1979-01,Flood,DR,1979-01-29 00:00:00+00:00
589,NM,1979-06,Flood,DR,1979-06-23 00:00:00+00:00
692,NM,1983-09,Flood,DR,1983-09-18 00:00:00+00:00
722,NM,1984-08,Flood,DR,1984-08-08 00:00:00+00:00
731,NM,1985-01,Flood,DR,1985-01-18 00:00:00+00:00
945,NM,1992-05,Flood,DR,1992-05-22 00:00:00+00:00
992,NM,1993-01,Flood,DR,1993-01-05 00:00:00+00:00
2177,NM,1996-05,Fire,FM,1996-05-05 00:00:00+00:00
1202,NM,1997-12,Severe Storm,DR,1997-12-22 00:00:00+00:00
3128,NM,1998-06,Fire,EM,1998-06-29 00:00:00+00:00
2213,NM,1998-06,Fire,FM,1998-06-24 00:00:00+00:00
1301,NM,1999-07,Severe Storm,DR,1999-07-16 00:00:00+00:00
2295,NM,2000-04,Fire,FM,2000-04-18 00:00:00+00:00
3154,NM,2000-05,Fire,EM,2000-05-05 00:00:00+00:00
2304,NM,2000-05,Fire,FM,2000-05-29 00:00:00+00:00
2297,NM,2000-05,Fire,FM,2000-05-11 00:00:00+00:00
2296,NM,2000-05,Fire,FM,2000-05-07 00:00:00+00:00
1329,NM,2000-05,Fire,DR,2000-05-05 00:00:00+00:00
2310,NM,2000-06,Fire,FM,2000-06-15 00:00:00+00:00
2364,NM,2001-06,Fire,FM,2001-06-02 00:00:00+00:00
2398,NM,2002-03,Fire,FM,2002-03-23 00:00:00+00:00
2402,NM,2002-04,Fire,FM,2002-04-30 00:00:00+00:00
2408,NM,2002-05,Fire,FM,2002-05-22 00:00:00+00:00
2404,NM,2002-05,Fire,FM,2002-05-06 00:00:00+00:00
2424,NM,2002-06,Fire,FM,2002-06-13 00:00:00+00:00
2416,NM,2002-06,Fire,FM,2002-06-02 00:00:00+00:00
2415,NM,2002-06,Fire,FM,2002-06-02 00:00:00+00:00
2414,NM,2002-06,Fire,FM,2002-06-02 00:00:00+00:00
2459,NM,2002-08,Fire,FM,2002-08-26 00:00:00+00:00
2467,NM,2003-05,Fire,FM,2003-05-09 00:00:00+00:00
2472,NM,2003-06,Fire,FM,2003-06-25 00:00:00+00:00
1514,NM,2004-04,Severe Storm,DR,2004-04-02 00:00:00+00:00
2518,NM,2004-05,Fire,FM,2004-05-15 00:00:00+00:00
2522,NM,2004-06,Fire,FM,2004-06-18 00:00:00+00:00
3229,NM,2005-08,Hurricane,EM,2005-08-29 00:00:00+00:00
2600,NM,2006-01,Fire,FM,2006-01-01 00:00:00+00:00
2631,NM,2006-03,Fire,FM,2006-03-01 00:00:00+00:00
2636,NM,2006-04,Fire,FM,2006-04-12 00:00:00+00:00
2647,NM,2006-06,Fire,FM,2006-06-18 00:00:00+00:00
2644,NM,2006-06,Fire,FM,2006-06-15 00:00:00+00:00
1659,NM,2006-07,Severe Storm,DR,2006-07-26 00:00:00+00:00
2682,NM,2007-02,Fire,FM,2007-02-23 00:00:00+00:00
1690,NM,2007-03,Severe Storm,DR,2007-03-23 00:00:00+00:00
2741,NM,2007-11,Fire,FM,2007-11-18 00:00:00+00:00
2762,NM,2008-04,Fire,FM,2008-04-21 00:00:00+00:00
2777,NM,2008-06,Fire,FM,2008-06-25 00:00:00+00:00
1783,NM,2008-07,Severe Storm,DR,2008-07-26 00:00:00+00:00
2818,NM,2009-05,Fire,FM,2009-05-06 00:00:00+00:00
2842,NM,2010-05,Fire,FM,2010-05-23 00:00:00+00:00
2843,NM,2010-06,Fire,FM,2010-06-01 00:00:00+00:00
1936,NM,2010-07,Flood,DR,2010-07-25 00:00:00+00:00
1962,NM,2011-02,Severe Storm,DR,2011-02-01 00:00:00+00:00
2866,NM,2011-03,Fire,FM,2011-03-07 00:00:00+00:00
2897,NM,2011-04,Fire,FM,2011-04-17 00:00:00+00:00
2880,NM,2011-04,Fire,FM,2011-04-03 00:00:00+00:00
2935,NM,2011-06,Fire,FM,2011-06-28 00:00:00+00:00
2934,NM,2011-06,Fire,FM,2011-06-28 00:00:00+00:00
2933,NM,2011-06,Fire,FM,2011-06-26 00:00:00+00:00
2918,NM,2011-06,Fire,FM,2011-06-12 00:00:00+00:00
2917,NM,2011-06,Fire,FM,2011-06-10 00:00:00+00:00
4047,NM,2011-08,Flood,DR,2011-08-19 00:00:00+00:00
2978,NM,2012-05,Fire,FM,2012-05-23 00:00:00+00:00
4079,NM,2012-06,Flood,DR,2012-06-22 00:00:00+00:00
2982,NM,2012-06,Fire,FM,2012-06-20 00:00:00+00:00
2981,NM,2012-06,Fire,FM,2012-06-18 00:00:00+00:00
2979,NM,2012-06,Fire,FM,2012-06-04 00:00:00+00:00
5026,NM,2013-05,Fire,FM,2013-05-30 00:00:00+00:00
4148,NM,2013-07,Severe Storm,DR,2013-07-23 00:00:00+00:00
4147,NM,2013-07,Severe Storm,DR,2013-07-19 00:00:00+00:00
4152,NM,2013-09,Flood,DR,2013-09-09 00:00:00+00:00
4151,NM,2013-09,Severe Storm,DR,2013-09-13 00:00:00+00:00
4197,NM,2014-07,Severe Storm,DR,2014-07-27 00:00:00+00:00
4199,NM,2014-09,Severe Storm,DR,2014-09-15 00:00:00+00:00
5127,NM,2016-06,Fire,FM,2016-06-14 00:00:00+00:00
5134,NM,2016-07,Fire,FM,2016-07-13 00:00:00+00:00
5184,NM,2017-06,Fire,FM,2017-06-15 00:00:00+00:00
4352,NM,2017-10,Flood,DR,2017-10-04 00:00:00+00:00
5239,NM,2018-05,Fire,FM,2018-05-31 00:00:00+00:00
5240,NM,2018-06,Fire,FM,2018-06-07 00:00:00+00:00
5281,NM,2019-03,Fire,FM,2019-03-07 00:00:00+00:00
3500,NM,2020-01,Biological,EM,2020-01-20 00:00:00+00:00
3519,NM,2020-01,Biological,EM,2020-01-20 00:00:00+00:00
3506,NM,2020-01,Biological,EM,2020-01-20 00:00:00+00:00
4529,NM,2020-01,Biological,DR,2020-01-20 00:00:00+00:00
3559,NM,2020-01,Biological,EM,2020-01-20 00:00:00+00:00
3580,NM,2020-01,Biological,EM,2020-01-20 00:00:00+00:00
3558,NM,2020-01,Biological,EM,2020-01-20 00:00:00+00:00
3521,NM,2020-01,Biological,EM,2020-01-20 00:00:00+00:00
3520,NM,2020-01,Biological,EM,2020-01-20 00:00:00+00:00
3510,NM,2020-01,Biological,EM,2020-01-20 00:00:00+00:00
3485,NM,2020-01,Biological,EM,2020-01-20 00:00:00+00:00
3460,NM,2020-01,Biological,EM,2020-01-20 00:00:00+00:00
3496,NM,2020-01,Biological,EM,2020-01-20 00:00:00+00:00
5386,NM,2021-04,Fire,FM,2021-04-26 00:00:00+00:00
5438,NM,2022-04,Fire,FM,2022-04-20 00:00:00+00:00
5437,NM,2022-04,Fire,FM,2022-04-28 00:00:00+00:00
5433,NM,2022-04,Fire,FM,2022-04-12 00:00:00+00:00
5432,NM,2022-04,Fire,FM,2022-04-12 00:00:00+00:00
5431,NM,2022-04,Fire,FM,2022-04-12 00:00:00+00:00
5430,NM,2022-04,Fire,FM,2022-04-11 00:00:00+00:00
4652,NM,2022-04,Fire,DR,2022-04-05 00:00:00+00:00
5461,NM,2023-04,Fire,FM,2023-04-02 00:00:00+00:00
5465,NM,2023-05,Fire,FM,2023-05-10 00:00:00+00:00
5492,NM,2024-05,Fire,FM,2024-05-16 00:00:00+00:00
4795,NM,2024-06,Fire,DR,2024-06-17 00:00:00+00:00
5498,NM,2024-06,Fire,FM,2024-06-17 00:00:00+00:00
5497,NM,2024-06,Fire,FM,2024-06-17 00:00:00+00:00
4809,NM,2024-06,Flood,DR,2024-06-20 00:00:00+00:00
4843,NM,2024-10,Flood,DR,2024-10-19 00:00:00+00:00
5579,NM,2025-04,Fire,FM,2025-04-17 00:00:00+00:00
3628,NM,2025-06,Flood,EM,2025-06-23 00:00:00+00:00
4886,NM,2025-06,Flood,DR,2025-06-23 00:00:00+00:00
5594,NM,2025-06,Fire,FM,2025-06-22 00:00:00+00:00
5593,NM,2025-06,Fire,FM,2025-06-21 00:00:00+00:00
5588,NM,2025-06,Fire,FM,2025-06-16 00:00:00+00:00
4918,NM,2025-09,Severe Storm,DR,2025-09-28 00:00:00+00:00
19,NV,1954-07,Earthquake,DR,1954-07-14 00:00:00+00:00
36,NV,1955-06,Flood,DR,1955-06-21 00:00:00+00:00
48,NV,1955-12,Flood,DR,1955-12-24 00:00:00+00:00
63,NV,1956-08,Flood,DR,1956-08-31 00:00:00+00:00
121,NV,1962-02,Flood,DR,1962-02-22 00:00:00+00:00
142,NV,1963-02,Flood,DR,1963-02-14 00:00:00+00:00
187,NV,1965-01,Flood,DR,1965-01-18 00:00:00+00:00
258,NV,1969-04,Flood,DR,1969-04-19 00:00:00+00:00
3041,NV,1977-06,Drought,EM,1977-06-11 00:00:00+00:00
2032,NV,1979-06,Fire,FM,1979-06-11 00:00:00+00:00
2042,NV,1981-08,Fire,FM,1981-08-09 00:00:00+00:00
645,NV,1981-08,Flood,DR,1981-08-28 00:00:00+00:00
2045,NV,1983-07,Fire,FM,1983-07-19 00:00:00+00:00
723,NV,1984-09,Flood,DR,1984-09-06 00:00:00+00:00
759,NV,1986-02,Flood,DR,1986-02-15 00:00:00+00:00
2106,NV,1994-08,Fire,FM,1994-08-04 00:00:00+00:00
2183,NV,1996-06,Fire,FM,1996-06-24 00:00:00+00:00
2190,NV,1996-08,Fire,FM,1996-08-26 00:00:00+00:00
2188,NV,1996-08,Fire,FM,1996-08-13 00:00:00+00:00
2185,NV,1996-08,Fire,FM,1996-08-05 00:00:00+00:00
1153,NV,1996-12,Severe Storm,DR,1996-12-20 00:00:00+00:00
2264,NV,1999-06,Fire,FM,1999-06-24 00:00:00+00:00
2265,NV,1999-07,Fire,FM,1999-07-02 00:00:00+00:00
1281,NV,1999-07,Severe Storm,DR,1999-07-08 00:00:00+00:00
2356,NV,1999-08,Fire,FM,1999-08-06 00:00:00+00:00
2271,NV,1999-08,Fire,FM,1999-08-24 00:00:00+00:00
2268,NV,1999-08,Fire,FM,1999-08-05 00:00:00+00:00
2267,NV,1999-08,Fire,FM,1999-08-05 00:00:00+00:00
2312,NV,2000-06,Fire,FM,2000-06-28 00:00:00+00:00
2316,NV,2000-08,Fire,FM,2000-08-01 00:00:00+00:00
2366,NV,2001-07,Fire,FM,2001-07-05 00:00:00+00:00
2371,NV,2001-08,Fire,FM,2001-08-09 00:00:00+00:00
2420,NV,2002-06,Fire,FM,2002-06-08 00:00:00+00:00
2446,NV,2002-07,Fire,FM,2002-07-14 00:00:00+00:00
2441,NV,2002-07,Fire,FM,2002-07-14 00:00:00+00:00
2438,NV,2002-07,Fire,FM,2002-07-03 00:00:00+00:00
2469,NV,2003-06,Fire,FM,2003-06-17 00:00:00+00:00
2479,NV,2003-07,Fire,FM,2003-07-14 00:00:00+00:00
2476,NV,2003-07,Fire,FM,2003-07-10 00:00:00+00:00
2499,NV,2003-09,Fire,FM,2003-09-29 00:00:00+00:00
2524,NV,2004-06,Fire,FM,2004-06-30 00:00:00+00:00
2536,NV,2004-07,Fire,FM,2004-07-26 00:00:00+00:00
2531,NV,2004-07,Fire,FM,2004-07-14 00:00:00+00:00
1540,NV,2004-07,Fire,DR,2004-07-14 00:00:00+00:00
2550,NV,2004-08,Fire,FM,2004-08-25 00:00:00+00:00
3202,NV,2004-12,Snowstorm,EM,2004-12-29 00:00:00+00:00
3204,NV,2005-01,Snowstorm,EM,2005-01-06 00:00:00+00:00
1583,NV,2005-01,Severe Storm,DR,2005-01-07 00:00:00+00:00
2563,NV,2005-06,Fire,FM,2005-06-22 00:00:00+00:00
2568,NV,2005-07,Fire,FM,2005-07-16 00:00:00+00:00
2567,NV,2005-07,Fire,FM,2005-07-15 00:00:00+00:00
3243,NV,2005-08,Hurricane,EM,2005-08-29 00:00:00+00:00
2581,NV,2005-08,Fire,FM,2005-08-28 00:00:00+00:00
2578,NV,2005-08,Fire,FM,2005-08-22 00:00:00+00:00
1629,NV,2005-12,Severe Storm,DR,2005-12-31 00:00:00+00:00
2650,NV,2006-06,Fire,FM,2006-06-26 00:00:00+00:00
2649,NV,2006-06,Fire,FM,2006-06-26 00:00:00+00:00
2648,NV,2006-06,Fire,FM,2006-06-26 00:00:00+00:00
2670,NV,2006-08,Fire,FM,2006-08-23 00:00:00+00:00
2664,NV,2006-08,Fire,FM,2006-08-11 00:00:00+00:00
2679,NV,2006-11,Fire,FM,2006-11-11 00:00:00+00:00
2717,NV,2007-07,Fire,FM,2007-07-21 00:00:00+00:00
2713,NV,2007-07,Fire,FM,2007-07-16 00:00:00+00:00
2709,NV,2007-07,Fire,FM,2007-07-07 00:00:00+00:00
2705,NV,2007-07,Fire,FM,2007-07-06 00:00:00+00:00
2704,NV,2007-07,Fire,FM,2007-07-06 00:00:00+00:00
1738,NV,2008-01,Severe Storm,DR,2008-01-05 00:00:00+00:00
2822,NV,2009-07,Fire,FM,2009-07-15 00:00:00+00:00
2847,NV,2010-07,Fire,FM,2010-07-01 00:00:00+00:00
2969,NV,2011-09,Fire,FM,2011-09-10 00:00:00+00:00
2972,NV,2011-10,Fire,FM,2011-10-03 00:00:00+00:00
2973,NV,2011-11,Fire,FM,2011-11-18 00:00:00+00:00
2974,NV,2012-01,Fire,FM,2012-01-19 00:00:00+00:00
2977,NV,2012-05,Fire,FM,2012-05-22 00:00:00+00:00
5034,NV,2013-07,Fire,FM,2013-07-04 00:00:00+00:00
4202,NV,2014-09,Flood,DR,2014-09-07 00:00:00+00:00
5141,NV,2016-07,Fire,FM,2016-07-29 00:00:00+00:00
5138,NV,2016-07,Fire,FM,2016-07-29 00:00:00+00:00
5156,NV,2016-10,Fire,FM,2016-10-14 00:00:00+00:00
5154,NV,2016-10,Fire,FM,2016-10-02 00:00:00+00:00
4303,NV,2017-01,Severe Storm,DR,2017-01-05 00:00:00+00:00
4307,NV,2017-02,Severe Storm,DR,2017-02-05 00:00:00+00:00
5193,NV,2017-07,Fire,FM,2017-07-24 00:00:00+00:00
5191,NV,2017-07,Fire,FM,2017-07-17 00:00:00+00:00
5190,NV,2017-07,Fire,FM,2017-07-14 00:00:00+00:00
5242,NV,2018-06,Fire,FM,2018-06-17 00:00:00+00:00
5283,NV,2019-07,Fire,FM,2019-07-13 00:00:00+00:00
5291,NV,2019-08,Fire,FM,2019-08-24 00:00:00+00:00
5289,NV,2019-08,Fire,FM,2019-08-21 00:00:00+00:00
4523,NV,2020-01,Biological,DR,2020-01-20 00:00:00+00:00
3443,NV,2020-01,Biological,EM,2020-01-20 00:00:00+00:00
5316,NV,2020-06,Fire,FM,2020-06-27 00:00:00+00:00
5322,NV,2020-07,Fire,FM,2020-07-21 00:00:00+00:00
5319,NV,2020-07,Fire,FM,2020-07-06 00:00:00+00:00
5328,NV,2020-08,Fire,FM,2020-08-15 00:00:00+00:00
5326,NV,2020-08,Fire,FM,2020-08-02 00:00:00+00:00
5382,NV,2020-11,Fire,FM,2020-11-17 00:00:00+00:00
5390,NV,2021-06,Fire,FM,2021-06-09 00:00:00+00:00
5402,NV,2021-07,Fire,FM,2021-07-22 00:00:00+00:00
5448,NV,2022-08,Fire,FM,2022-08-14 00:00:00+00:00
4708,NV,2023-03,Flood,DR,2023-03-08 00:00:00+00:00
5495,NV,2024-06,Fire,FM,2024-06-11 00:00:00+00:00
5494,NV,2024-06,Fire,FM,2024-06-11 00:00:00+00:00
5509,NV,2024-07,Fire,FM,2024-07-16 00:00:00+00:00
5530,NV,2024-08,Fire,FM,2024-08-11 00:00:00+00:00
5533,NV,2024-09,Fire,FM,2024-09-07 00:00:00+00:00
5546,NV,2024-11,Fire,FM,2024-11-11 00:00:00+00:00
5586,NV,2025-06,Fire,FM,2025-06-10 00:00:00+00:00
5592,NV,2025-06,Fire,FM,2025-06-20 00:00:00+00:00
5602,NV,2025-08,Fire,FM,2025-08-02 00:00:00+00:00
26,NY,1954-10,Hurricane,DR,1954-10-07 00:00:00+00:00
45,NY,1955-08,Hurricane,DR,1955-08-22 00:00:00+00:00
52,NY,1956-03,Flood,DR,1956-03-29 00:00:00+00:00
129,NY,1962-03,Flood,DR,1962-03-16 00:00:00+00:00
158,NY,1963-08,Flood,DR,1963-08-23 00:00:00+00:00
204,NY,1965-08,Drought,DR,1965-08-18 00:00:00+00:00
233,NY,1967-10,Flood,DR,1967-10-30 00:00:00+00:00
275,NY,1969-08,Flood,DR,1969-08-26 00:00:00+00:00
290,NY,1970-07,Flood,DR,1970-07-22 00:00:00+00:00
311,NY,1971-09,Flood,DR,1971-09-13 00:00:00+00:00
338,NY,1972-06,Flood,DR,1972-06-23 00:00:00+00:00
367,NY,1973-03,Flood,DR,1973-03-21 00:00:00+00:00
401,NY,1973-07,Flood,DR,1973-07-20 00:00:00+00:00
447,NY,1974-07,Flood,DR,1974-07-23 00:00:00+00:00
3004,NY,1974-11,Flood,EM,1974-11-02 00:00:00+00:00
487,NY,1975-10,Flood,DR,1975-10-02 00:00:00+00:00
494,NY,1976-03,Severe Ice Storm,DR,1976-03-19 00:00:00+00:00
512,NY,1976-06,Flood,DR,1976-06-29 00:00:00+00:00
515,NY,1976-07,Flood,DR,1976-07-21 00:00:00+00:00
520,NY,1976-09,Hurricane,DR,1976-09-03 00:00:00+00:00
3027,NY,1977-01,Snowstorm,EM,1977-01-29 00:00:00+00:00
527,NY,1977-02,Snowstorm,DR,1977-02-05 00:00:00+00:00
3066,NY,1978-08,Toxic Substances,EM,1978-08-07 00:00:00+00:00
3080,NY,1980-05,Toxic Substances,EM,1980-05-21 00:00:00+00:00
702,NY,1984-03,Flood,DR,1984-03-28 00:00:00+00:00
725,NY,1984-09,Flood,DR,1984-09-25 00:00:00+00:00
734,NY,1985-03,Snowstorm,DR,1985-03-22 00:00:00+00:00
733,NY,1985-03,Flood,DR,1985-03-20 00:00:00+00:00
750,NY,1985-09,Hurricane,DR,1985-09-27 00:00:00+00:00
792,NY,1987-04,Flood,DR,1987-04-03 00:00:00+00:00
801,NY,1987-10,Snowstorm,DR,1987-10-04 00:00:00+00:00
898,NY,1990-03,Snowstorm,DR,1990-03-03 00:00:00+00:00
918,NY,1991-08,Hurricane,DR,1991-08-19 00:00:00+00:00
974,NY,1992-12,Flood,DR,1992-12-10 00:00:00+00:00
984,NY,1993-02,Human Cause,DR,1993-02-26 00:00:00+00:00
3107,NY,1993-03,Snowstorm,EM,1993-03-13 00:00:00+00:00
2115,NY,1995-08,Fire,FM,1995-08-21 00:00:00+00:00
1095,NY,1996-01,Flood,DR,1996-01-19 00:00:00+00:00
1083,NY,1996-01,Snowstorm,DR,1996-01-06 00:00:00+00:00
1146,NY,1996-10,Severe Storm,DR,1996-10-19 00:00:00+00:00
1148,NY,1996-11,Severe Storm,DR,1996-11-08 00:00:00+00:00
1196,NY,1998-01,Snowstorm,DR,1998-01-05 00:00:00+00:00
1222,NY,1998-05,Severe Storm,DR,1998-05-31 00:00:00+00:00
1233,NY,1998-06,Severe Storm,DR,1998-06-25 00:00:00+00:00
1244,NY,1998-09,Severe Storm,DR,1998-09-07 00:00:00+00:00
3136,NY,1999-01,Snowstorm,EM,1999-01-01 00:00:00+00:00
3138,NY,1999-03,Snowstorm,EM,1999-03-03 00:00:00+00:00
2269,NY,1999-08,Fire,FM,1999-08-06 00:00:00+00:00
3149,NY,1999-09,Hurricane,EM,1999-09-16 00:00:00+00:00
1296,NY,1999-09,Hurricane,DR,1999-09-16 00:00:00+00:00
3155,NY,2000-05,Other,EM,2000-05-22 00:00:00+00:00
1335,NY,2000-05,Severe Storm,DR,2000-05-03 00:00:00+00:00
3157,NY,2000-11,Snowstorm,EM,2000-11-19 00:00:00+00:00
1391,NY,2001-09,Fire,DR,2001-09-11 00:00:00+00:00
3170,NY,2001-12,Snowstorm,EM,2001-12-24 00:00:00+00:00
1404,NY,2001-12,Snowstorm,DR,2001-12-24 00:00:00+00:00
1415,NY,2002-04,Earthquake,DR,2002-04-20 00:00:00+00:00
3173,NY,2002-12,Snowstorm,EM,2002-12-25 00:00:00+00:00
3184,NY,2003-02,Snowstorm,EM,2003-02-17 00:00:00+00:00
1467,NY,2003-04,Severe Ice Storm,DR,2003-04-03 00:00:00+00:00
1486,NY,2003-07,Severe Storm,DR,2003-07-21 00:00:00+00:00
3186,NY,2003-08,Other,EM,2003-08-14 00:00:00+00:00
3195,NY,2004-01,Snowstorm,EM,2004-01-28 00:00:00+00:00
1534,NY,2004-05,Severe Storm,DR,2004-05-13 00:00:00+00:00
1564,NY,2004-08,Severe Storm,DR,2004-08-13 00:00:00+00:00
1565,NY,2004-09,Severe Storm,DR,2004-09-16 00:00:00+00:00
1589,NY,2005-04,Severe Storm,DR,2005-04-02 00:00:00+00:00
3262,NY,2005-08,Hurricane,EM,2005-08-29 00:00:00+00:00
1650,NY,2006-06,Severe Storm,DR,2006-06-26 00:00:00+00:00
3268,NY,2006-10,Snowstorm,EM,2006-10-12 00:00:00+00:00
1665,NY,2006-10,Severe Storm,DR,2006-10-12 00:00:00+00:00
1670,NY,2006-11,Severe Storm,DR,2006-11-16 00:00:00+00:00
3273,NY,2007-02,Snowstorm,EM,2007-02-02 00:00:00+00:00
1692,NY,2007-04,Severe Storm,DR,2007-04-14 00:00:00+00:00
1710,NY,2007-06,Severe Storm,DR,2007-06-19 00:00:00+00:00
1724,NY,2007-08,Severe Storm,DR,2007-08-08 00:00:00+00:00
3299,NY,2008-12,Severe Storm,EM,2008-12-11 00:00:00+00:00
1827,NY,2008-12,Severe Storm,DR,2008-12-11 00:00:00+00:00
1857,NY,2009-08,Severe Storm,DR,2009-08-08 00:00:00+00:00
1869,NY,2009-11,Severe Storm,DR,2009-11-12 00:00:00+00:00
1899,NY,2010-03,Severe Storm,DR,2010-03-13 00:00:00+00:00
1943,NY,2010-09,Tornado,DR,2010-09-16 00:00:00+00:00
1957,NY,2010-12,Severe Storm,DR,2010-12-26 00:00:00+00:00
1993,NY,2011-04,Flood,DR,2011-04-26 00:00:00+00:00
4020,NY,2011-08,Hurricane,DR,2011-08-26 00:00:00+00:00
3328,NY,2011-08,Hurricane,EM,2011-08-25 00:00:00+00:00
4031,NY,2011-09,Severe Storm,DR,2011-09-07 00:00:00+00:00
3341,NY,2011-09,Severe Storm,EM,2011-09-07 00:00:00+00:00
4085,NY,2012-10,Hurricane,DR,2012-10-27 00:00:00+00:00
3351,NY,2012-10,Hurricane,EM,2012-10-27 00:00:00+00:00
4111,NY,2013-02,Severe Storm,DR,2013-02-08 00:00:00+00:00
4129,NY,2013-06,Flood,DR,2013-06-26 00:00:00+00:00
4180,NY,2014-05,Severe Storm,DR,2014-05-13 00:00:00+00:00
4204,NY,2014-11,Snowstorm,DR,2014-11-17 00:00:00+00:00
4322,NY,2017-03,Snowstorm,DR,2017-03-14 00:00:00+00:00
4348,NY,2017-05,Flood,DR,2017-05-02 00:00:00+00:00
4397,NY,2018-08,Flood,DR,2018-08-13 00:00:00+00:00
4472,NY,2019-10,Severe Storm,DR,2019-10-31 00:00:00+00:00
4480,NY,2020-01,Biological,DR,2020-01-20 00:00:00+00:00
3504,NY,2020-01,Biological,EM,2020-01-20 00:00:00+00:00
3557,NY,2020-01,Biological,EM,2020-01-20 00:00:00+00:00
3434,NY,2020-01,Biological,EM,2020-01-20 00:00:00+00:00
4567,NY,2020-08,Hurricane,DR,2020-08-04 00:00:00+00:00
4625,NY,2021-08,Hurricane,DR,2021-08-18 00:00:00+00:00
3565,NY,2021-08,Hurricane,EM,2021-08-21 00:00:00+00:00
4615,NY,2021-09,Hurricane,DR,2021-09-01 00:00:00+00:00
3572,NY,2021-09,Hurricane,EM,2021-09-01 00:00:00+00:00
3589,NY,2022-11,Winter Storm,EM,2022-11-18 00:00:00+00:00
4694,NY,2022-12,Snowstorm,DR,2022-12-23 00:00:00+00:00
3590,NY,2022-12,Winter Storm,EM,2022-12-23 00:00:00+00:00
4723,NY,2023-07,Severe Storm,DR,2023-07-09 00:00:00+00:00
4755,NY,2023-09,Flood,DR,2023-09-28 00:00:00+00:00
4814,NY,2024-07,Flood,DR,2024-07-10 00:00:00+00:00
4839,NY,2024-08,Severe Storm,DR,2024-08-18 00:00:00+00:00
4825,NY,2024-08,Tropical Storm,DR,2024-08-08 00:00:00+00:00
4818,NY,2024-08,Tropical Storm,DR,2024-08-08 00:00:00+00:00
3613,NY,2024-08,Severe Storm,EM,2024-08-18 00:00:00+00:00
5547,NY,2024-11,Fire,FM,2024-11-08 00:00:00+00:00
57,OH,1956-05,Other,DR,1956-05-17 00:00:00+00:00
90,OH,1959-01,Flood,DR,1959-01-23 00:00:00+00:00
167,OH,1964-03,Flood,DR,1964-03-24 00:00:00+00:00
191,OH,1965-04,Tornado,DR,1965-04-14 00:00:00+00:00
238,OH,1968-05,Tornado,DR,1968-05-04 00:00:00+00:00
243,OH,1968-06,Flood,DR,1968-06-05 00:00:00+00:00
266,OH,1969-07,Tornado,DR,1969-07-15 00:00:00+00:00
345,OH,1972-07,Flood,DR,1972-07-19 00:00:00+00:00
362,OH,1972-11,Flood,DR,1972-11-24 00:00:00+00:00
377,OH,1973-04,Flood,DR,1973-04-27 00:00:00+00:00
390,OH,1973-06,Mud/Landslide,DR,1973-06-04 00:00:00+00:00
421,OH,1974-04,Tornado,DR,1974-04-04 00:00:00+00:00
436,OH,1974-05,Flood,DR,1974-05-31 00:00:00+00:00
445,OH,1974-07,Flood,DR,1974-07-11 00:00:00+00:00
480,OH,1975-09,Flood,DR,1975-09-11 00:00:00+00:00
3029,OH,1977-02,Snowstorm,EM,1977-02-02 00:00:00+00:00
3055,OH,1978-01,Snowstorm,EM,1978-01-26 00:00:00+00:00
630,OH,1980-08,Flood,DR,1980-08-23 00:00:00+00:00
642,OH,1981-06,Severe Storm,DR,1981-06-30 00:00:00+00:00
653,OH,1982-03,Flood,DR,1982-03-12 00:00:00+00:00
738,OH,1985-05,Tornado,DR,1985-05-31 00:00:00+00:00
796,OH,1987-07,Flood,DR,1987-07-01 00:00:00+00:00
831,OH,1989-05,Flood,DR,1989-05-23 00:00:00+00:00
870,OH,1990-05,Severe Storm,DR,1990-05-28 00:00:00+00:00
951,OH,1992-07,Severe Storm,DR,1992-07-12 00:00:00+00:00
1065,OH,1995-08,Severe Storm,DR,1995-08-07 00:00:00+00:00
1097,OH,1996-01,Flood,DR,1996-01-20 00:00:00+00:00
1122,OH,1996-05,Flood,DR,1996-05-02 00:00:00+00:00
1164,OH,1997-02,Severe Storm,DR,1997-02-28 00:00:00+00:00
1227,OH,1998-06,Severe Storm,DR,1998-06-24 00:00:00+00:00
1321,OH,2000-02,Severe Storm,DR,2000-02-18 00:00:00+00:00
1339,OH,2000-07,Severe Storm,DR,2000-07-29 00:00:00+00:00
1343,OH,2000-09,Severe Storm,DR,2000-09-20 00:00:00+00:00
1390,OH,2001-07,Severe Storm,DR,2001-07-17 00:00:00+00:00
1444,OH,2002-11,Severe Storm,DR,2002-11-10 00:00:00+00:00
1453,OH,2003-02,Severe Storm,DR,2003-02-14 00:00:00+00:00
1484,OH,2003-07,Tornado,DR,2003-07-21 00:00:00+00:00
1478,OH,2003-07,Severe Storm,DR,2003-07-04 00:00:00+00:00
3187,OH,2003-08,Other,EM,2003-08-14 00:00:00+00:00
1507,OH,2004-01,Severe Storm,DR,2004-01-03 00:00:00+00:00
1519,OH,2004-05,Severe Storm,DR,2004-05-18 00:00:00+00:00
1556,OH,2004-08,Severe Storm,DR,2004-08-27 00:00:00+00:00
3198,OH,2004-12,Snowstorm,EM,2004-12-22 00:00:00+00:00
1580,OH,2004-12,Severe Storm,DR,2004-12-22 00:00:00+00:00
3250,OH,2005-08,Hurricane,EM,2005-08-29 00:00:00+00:00
1651,OH,2006-06,Severe Storm,DR,2006-06-21 00:00:00+00:00
1656,OH,2006-07,Severe Storm,DR,2006-07-27 00:00:00+00:00
1720,OH,2007-08,Severe Storm,DR,2007-08-20 00:00:00+00:00
3286,OH,2008-03,Snowstorm,EM,2008-03-07 00:00:00+00:00
1805,OH,2008-09,Severe Storm,DR,2008-09-14 00:00:00+00:00
4002,OH,2011-04,Severe Storm,DR,2011-04-04 00:00:00+00:00
4077,OH,2012-06,Severe Storm,DR,2012-06-29 00:00:00+00:00
3346,OH,2012-06,Severe Storm,EM,2012-06-29 00:00:00+00:00
4098,OH,2012-10,Hurricane,DR,2012-10-29 00:00:00+00:00
4360,OH,2018-02,Flood,DR,2018-02-14 00:00:00+00:00
4424,OH,2019-02,Flood,DR,2019-02-05 00:00:00+00:00
4447,OH,2019-05,Tornado,DR,2019-05-27 00:00:00+00:00
4507,OH,2020-01,Biological,DR,2020-01-20 00:00:00+00:00
3457,OH,2020-01,Biological,EM,2020-01-20 00:00:00+00:00
4777,OH,2024-03,Tornado,DR,2024-03-14 00:00:00+00:00
35,OK,1955-06,Flood,DR,1955-06-01 00:00:00+00:00
54,OK,1956-04,Tornado,DR,1956-04-07 00:00:00+00:00
74,OK,1957-05,Flood,DR,1957-05-18 00:00:00+00:00
92,OK,1959-07,Flood,DR,1959-07-08 00:00:00+00:00
95,OK,1959-11,Flood,DR,1959-11-09 00:00:00+00:00
104,OK,1960-07,Severe Storm,DR,1960-07-15 00:00:00+00:00
241,OK,1968-05,Flood,DR,1968-05-29 00:00:00+00:00
297,OK,1970-10,Severe Storm,DR,1970-10-14 00:00:00+00:00
2003,OK,1971-04,Fire,FM,1971-04-08 00:00:00+00:00
314,OK,1971-09,Flood,DR,1971-09-28 00:00:00+00:00
317,OK,1972-01,Flood,DR,1972-01-14 00:00:00+00:00
392,OK,1973-06,Severe Storm,DR,1973-06-13 00:00:00+00:00
404,OK,1973-10,Flood,DR,1973-10-13 00:00:00+00:00
409,OK,1973-12,Flood,DR,1973-12-10 00:00:00+00:00
419,OK,1974-03,Flood,DR,1974-03-22 00:00:00+00:00
441,OK,1974-06,Flood,DR,1974-06-10 00:00:00+00:00
453,OK,1974-11,Flood,DR,1974-11-26 00:00:00+00:00
474,OK,1975-07,Severe Storm,DR,1975-07-09 00:00:00+00:00
491,OK,1975-12,Tornado,DR,1975-12-10 00:00:00+00:00
497,OK,1976-04,Tornado,DR,1976-04-01 00:00:00+00:00
504,OK,1976-06,Flood,DR,1976-06-05 00:00:00+00:00
3020,OK,1977-01,Fire,EM,1977-01-18 00:00:00+00:00
576,OK,1979-04,Tornado,DR,1979-04-13 00:00:00+00:00
649,OK,1981-11,Flood,DR,1981-11-04 00:00:00+00:00
662,OK,1982-06,Flood,DR,1982-06-18 00:00:00+00:00
685,OK,1983-06,Flood,DR,1983-06-10 00:00:00+00:00
693,OK,1983-10,Flood,DR,1983-10-19 00:00:00+00:00
704,OK,1984-04,Tornado,DR,1984-04-26 00:00:00+00:00
709,OK,1984-05,Flood,DR,1984-05-26 00:00:00+00:00
778,OK,1986-09,Flood,DR,1986-09-26 00:00:00+00:00
794,OK,1987-05,Flood,DR,1987-05-19 00:00:00+00:00
866,OK,1990-04,Severe Storm,DR,1990-04-14 00:00:00+00:00
905,OK,1991-04,Tornado,DR,1991-04-26 00:00:00+00:00
987,OK,1993-04,Tornado,DR,1993-04-24 00:00:00+00:00
991,OK,1993-05,Severe Storm,DR,1993-05-08 00:00:00+00:00
1024,OK,1994-04,Severe Storm,DR,1994-04-11 00:00:00+00:00
3115,OK,1995-04,Human Cause,EM,1995-04-19 00:00:00+00:00
1048,OK,1995-04,Human Cause,DR,1995-04-19 00:00:00+00:00
1058,OK,1995-05,Tornado,DR,1995-05-26 00:00:00+00:00
1066,OK,1995-07,Severe Storm,DR,1995-07-21 00:00:00+00:00
3118,OK,1996-02,Fire,EM,1996-02-27 00:00:00+00:00
2120,OK,1996-02,Fire,FM,1996-02-24 00:00:00+00:00
2119,OK,1996-02,Fire,FM,1996-02-23 00:00:00+00:00
2118,OK,1996-02,Fire,FM,1996-02-23 00:00:00+00:00
2144,OK,1996-03,Fire,FM,1996-03-14 00:00:00+00:00
2140,OK,1996-03,Fire,FM,1996-03-12 00:00:00+00:00
2136,OK,1996-03,Fire,FM,1996-03-12 00:00:00+00:00
2173,OK,1996-04,Fire,FM,1996-04-17 00:00:00+00:00
2226,OK,1998-07,Fire,FM,1998-07-29 00:00:00+00:00
2247,OK,1998-09,Fire,FM,1998-09-09 00:00:00+00:00
2243,OK,1998-09,Fire,FM,1998-09-05 00:00:00+00:00
1272,OK,1999-05,Tornado,DR,1999-05-03 00:00:00+00:00
2343,OK,2000-09,Fire,FM,2000-09-19 00:00:00+00:00
2342,OK,2000-09,Fire,FM,2000-09-18 00:00:00+00:00
2341,OK,2000-09,Fire,FM,2000-09-18 00:00:00+00:00
1349,OK,2000-10,Severe Storm,DR,2000-10-21 00:00:00+00:00
3158,OK,2000-12,Severe Ice Storm,EM,2000-12-25 00:00:00+00:00
1355,OK,2000-12,Severe Ice Storm,DR,2000-12-25 00:00:00+00:00
1384,OK,2001-05,Severe Storm,DR,2001-05-27 00:00:00+00:00
1395,OK,2001-10,Severe Storm,DR,2001-10-09 00:00:00+00:00
1401,OK,2002-01,Severe Ice Storm,DR,2002-01-30 00:00:00+00:00
1452,OK,2002-12,Severe Ice Storm,DR,2002-12-03 00:00:00+00:00
1465,OK,2003-05,Severe Storm,DR,2003-05-08 00:00:00+00:00
2482,OK,2003-07,Fire,FM,2003-07-18 00:00:00+00:00
3219,OK,2005-08,Hurricane,EM,2005-08-29 00:00:00+00:00
2590,OK,2005-11,Fire,FM,2005-11-27 00:00:00+00:00
2589,OK,2005-11,Fire,FM,2005-11-27 00:00:00+00:00
2588,OK,2005-11,Fire,FM,2005-11-29 00:00:00+00:00
2587,OK,2005-11,Fire,FM,2005-11-27 00:00:00+00:00
1623,OK,2005-11,Fire,DR,2005-11-27 00:00:00+00:00
2595,OK,2005-12,Fire,FM,2005-12-29 00:00:00+00:00
2594,OK,2005-12,Fire,FM,2005-12-27 00:00:00+00:00
2592,OK,2005-12,Fire,FM,2005-12-26 00:00:00+00:00
2628,OK,2006-01,Fire,FM,2006-01-15 00:00:00+00:00
2627,OK,2006-01,Fire,FM,2006-01-18 00:00:00+00:00
2626,OK,2006-01,Fire,FM,2006-01-18 00:00:00+00:00
2625,OK,2006-01,Fire,FM,2006-01-18 00:00:00+00:00
2624,OK,2006-01,Fire,FM,2006-01-15 00:00:00+00:00
2623,OK,2006-01,Fire,FM,2006-01-15 00:00:00+00:00
2618,OK,2006-01,Fire,FM,2006-01-12 00:00:00+00:00
2616,OK,2006-01,Fire,FM,2006-01-09 00:00:00+00:00
2615,OK,2006-01,Fire,FM,2006-01-08 00:00:00+00:00
2608,OK,2006-01,Fire,FM,2006-01-03 00:00:00+00:00
2607,OK,2006-01,Fire,FM,2006-01-01 00:00:00+00:00
2606,OK,2006-01,Fire,FM,2006-01-01 00:00:00+00:00
2605,OK,2006-01,Fire,FM,2006-01-01 00:00:00+00:00
2604,OK,2006-01,Fire,FM,2006-01-01 00:00:00+00:00
2603,OK,2006-01,Fire,FM,2006-01-01 00:00:00+00:00
2602,OK,2006-01,Fire,FM,2006-01-01 00:00:00+00:00
2601,OK,2006-01,Fire,FM,2006-01-01 00:00:00+00:00
2599,OK,2006-01,Fire,FM,2006-01-01 00:00:00+00:00
2597,OK,2006-01,Fire,FM,2006-01-01 00:00:00+00:00
1637,OK,2006-03,Severe Storm,DR,2006-03-12 00:00:00+00:00
2635,OK,2006-04,Fire,FM,2006-04-06 00:00:00+00:00
2634,OK,2006-04,Fire,FM,2006-04-06 00:00:00+00:00
2633,OK,2006-04,Fire,FM,2006-04-06 00:00:00+00:00
1677,OK,2006-12,Severe Storm,DR,2006-12-28 00:00:00+00:00
3272,OK,2007-01,Severe Ice Storm,EM,2007-01-12 00:00:00+00:00
1678,OK,2007-01,Severe Storm,DR,2007-01-12 00:00:00+00:00
1723,OK,2007-05,Severe Storm,DR,2007-05-24 00:00:00+00:00
1707,OK,2007-05,Severe Storm,DR,2007-05-04 00:00:00+00:00
1712,OK,2007-06,Severe Storm,DR,2007-06-10 00:00:00+00:00
1718,OK,2007-08,Severe Storm,DR,2007-08-18 00:00:00+00:00
3280,OK,2007-12,Severe Ice Storm,EM,2007-12-08 00:00:00+00:00
1735,OK,2007-12,Severe Ice Storm,DR,2007-12-08 00:00:00+00:00
2746,OK,2008-02,Fire,FM,2008-02-25 00:00:00+00:00
2756,OK,2008-03,Fire,FM,2008-03-21 00:00:00+00:00
1752,OK,2008-03,Severe Storm,DR,2008-03-17 00:00:00+00:00
1754,OK,2008-04,Flood,DR,2008-04-09 00:00:00+00:00
1756,OK,2008-05,Severe Storm,DR,2008-05-10 00:00:00+00:00
2769,OK,2008-06,Fire,FM,2008-06-05 00:00:00+00:00
1775,OK,2008-06,Severe Storm,DR,2008-06-03 00:00:00+00:00
1803,OK,2008-09,Severe Storm,DR,2008-09-12 00:00:00+00:00
1823,OK,2009-01,Severe Storm,DR,2009-01-26 00:00:00+00:00
1820,OK,2009-02,Severe Storm,DR,2009-02-10 00:00:00+00:00
3305,OK,2009-03,Snowstorm,EM,2009-03-27 00:00:00+00:00
2799,OK,2009-03,Fire,FM,2009-03-05 00:00:00+00:00
2813,OK,2009-04,Fire,FM,2009-04-13 00:00:00+00:00
2812,OK,2009-04,Fire,FM,2009-04-09 00:00:00+00:00
2811,OK,2009-04,Fire,FM,2009-04-09 00:00:00+00:00
2809,OK,2009-04,Fire,FM,2009-04-09 00:00:00+00:00
2808,OK,2009-04,Fire,FM,2009-04-09 00:00:00+00:00
1846,OK,2009-04,Fire,DR,2009-04-09 00:00:00+00:00
1876,OK,2009-12,Severe Storm,DR,2009-12-24 00:00:00+00:00
3308,OK,2010-01,Severe Storm,EM,2010-01-28 00:00:00+00:00
1883,OK,2010-01,Severe Ice Storm,DR,2010-01-28 00:00:00+00:00
1917,OK,2010-05,Severe Storm,DR,2010-05-10 00:00:00+00:00
1926,OK,2010-06,Severe Storm,DR,2010-06-13 00:00:00+00:00
3316,OK,2011-01,Severe Storm,EM,2011-01-31 00:00:00+00:00
1985,OK,2011-01,Severe Storm,DR,2011-01-31 00:00:00+00:00
2874,OK,2011-03,Fire,FM,2011-03-24 00:00:00+00:00
2872,OK,2011-03,Fire,FM,2011-03-12 00:00:00+00:00
2871,OK,2011-03,Fire,FM,2011-03-12 00:00:00+00:00
2869,OK,2011-03,Fire,FM,2011-03-11 00:00:00+00:00
2868,OK,2011-03,Fire,FM,2011-03-11 00:00:00+00:00
2890,OK,2011-04,Fire,FM,2011-04-15 00:00:00+00:00
2887,OK,2011-04,Fire,FM,2011-04-09 00:00:00+00:00
2883,OK,2011-04,Fire,FM,2011-04-06 00:00:00+00:00
2879,OK,2011-04,Fire,FM,2011-04-03 00:00:00+00:00
1988,OK,2011-04,Severe Storm,DR,2011-04-21 00:00:00+00:00
1970,OK,2011-04,Severe Storm,DR,2011-04-14 00:00:00+00:00
1989,OK,2011-05,Severe Storm,DR,2011-05-22 00:00:00+00:00
2932,OK,2011-06,Fire,FM,2011-06-24 00:00:00+00:00
2940,OK,2011-07,Fire,FM,2011-07-26 00:00:00+00:00
2939,OK,2011-07,Fire,FM,2011-07-15 00:00:00+00:00
2938,OK,2011-07,Fire,FM,2011-07-15 00:00:00+00:00
2954,OK,2011-08,Fire,FM,2011-08-31 00:00:00+00:00
2953,OK,2011-08,Fire,FM,2011-08-31 00:00:00+00:00
2951,OK,2011-08,Fire,FM,2011-08-30 00:00:00+00:00
2948,OK,2011-08,Fire,FM,2011-08-08 00:00:00+00:00
2947,OK,2011-08,Fire,FM,2011-08-07 00:00:00+00:00
2946,OK,2011-08,Fire,FM,2011-08-05 00:00:00+00:00
2945,OK,2011-08,Fire,FM,2011-08-04 00:00:00+00:00
2944,OK,2011-08,Fire,FM,2011-08-02 00:00:00+00:00
2943,OK,2011-08,Fire,FM,2011-08-02 00:00:00+00:00
2942,OK,2011-08,Fire,FM,2011-08-02 00:00:00+00:00
2941,OK,2011-08,Fire,FM,2011-08-01 00:00:00+00:00
2956,OK,2011-09,Fire,FM,2011-09-03 00:00:00+00:00
4064,OK,2012-04,Severe Storm,DR,2012-04-28 00:00:00+00:00
2997,OK,2012-07,Fire,FM,2012-07-30 00:00:00+00:00
5003,OK,2012-08,Fire,FM,2012-08-04 00:00:00+00:00
5002,OK,2012-08,Fire,FM,2012-08-04 00:00:00+00:00
5001,OK,2012-08,Fire,FM,2012-08-03 00:00:00+00:00
5000,OK,2012-08,Fire,FM,2012-08-03 00:00:00+00:00
4078,OK,2012-08,Fire,DR,2012-08-03 00:00:00+00:00
2999,OK,2012-08,Fire,FM,2012-08-03 00:00:00+00:00
2998,OK,2012-08,Fire,FM,2012-08-03 00:00:00+00:00
4109,OK,2013-02,Severe Storm,DR,2013-02-24 00:00:00+00:00
4117,OK,2013-05,Tornado,DR,2013-05-18 00:00:00+00:00
4164,OK,2013-12,Severe Storm,DR,2013-12-05 00:00:00+00:00
5052,OK,2014-05,Fire,FM,2014-05-05 00:00:00+00:00
4222,OK,2015-05,Severe Storm,DR,2015-05-05 00:00:00+00:00
5117,OK,2015-11,Fire,FM,2015-11-11 00:00:00+00:00
4247,OK,2015-11,Severe Ice Storm,DR,2015-11-27 00:00:00+00:00
4256,OK,2015-12,Severe Storm,DR,2015-12-26 00:00:00+00:00
5118,OK,2016-01,Fire,FM,2016-01-29 00:00:00+00:00
5119,OK,2016-02,Fire,FM,2016-02-18 00:00:00+00:00
5122,OK,2016-04,Fire,FM,2016-04-05 00:00:00+00:00
4274,OK,2016-06,Flood,DR,2016-06-11 00:00:00+00:00
4299,OK,2017-01,Severe Storm,DR,2017-01-13 00:00:00+00:00
5169,OK,2017-02,Fire,FM,2017-02-23 00:00:00+00:00
5168,OK,2017-02,Fire,FM,2017-02-12 00:00:00+00:00
5177,OK,2017-03,Fire,FM,2017-03-06 00:00:00+00:00
4315,OK,2017-04,Severe Storm,DR,2017-04-28 00:00:00+00:00
4324,OK,2017-05,Tornado,DR,2017-05-16 00:00:00+00:00
5230,OK,2018-03,Fire,FM,2018-03-16 00:00:00+00:00
5232,OK,2018-04,Fire,FM,2018-04-11 00:00:00+00:00
5231,OK,2018-04,Fire,FM,2018-04-11 00:00:00+00:00
4373,OK,2018-04,Fire,DR,2018-04-11 00:00:00+00:00
4453,OK,2019-04,Severe Storm,DR,2019-04-30 00:00:00+00:00
4456,OK,2019-05,Severe Storm,DR,2019-05-07 00:00:00+00:00
4438,OK,2019-05,Severe Storm,DR,2019-05-07 00:00:00+00:00
3411,OK,2019-05,Flood,EM,2019-05-07 00:00:00+00:00
5305,OK,2019-11,Fire,FM,2019-11-26 00:00:00+00:00
5304,OK,2019-11,Fire,FM,2019-11-26 00:00:00+00:00
3486,OK,2020-01,Biological,EM,2020-01-20 00:00:00+00:00
4530,OK,2020-01,Biological,DR,2020-01-20 00:00:00+00:00
3514,OK,2020-01,Biological,EM,2020-01-20 00:00:00+00:00
3579,OK,2020-01,Biological,EM,2020-01-20 00:00:00+00:00
3578,OK,2020-01,Biological,EM,2020-01-20 00:00:00+00:00
3570,OK,2020-01,Biological,EM,2020-01-20 00:00:00+00:00
3518,OK,2020-01,Biological,EM,2020-01-20 00:00:00+00:00
3517,OK,2020-01,Biological,EM,2020-01-20 00:00:00+00:00
3511,OK,2020-01,Biological,EM,2020-01-20 00:00:00+00:00
3509,OK,2020-01,Biological,EM,2020-01-20 00:00:00+00:00
3505,OK,2020-01,Biological,EM,2020-01-20 00:00:00+00:00
3499,OK,2020-01,Biological,EM,2020-01-20 00:00:00+00:00
3487,OK,2020-01,Biological,EM,2020-01-20 00:00:00+00:00
3462,OK,2020-01,Biological,EM,2020-01-20 00:00:00+00:00
3495,OK,2020-01,Biological,EM,2020-01-20 00:00:00+00:00
3494,OK,2020-01,Biological,EM,2020-01-20 00:00:00+00:00
3502,OK,2020-01,Biological,EM,2020-01-20 00:00:00+00:00
5306,OK,2020-03,Fire,FM,2020-03-07 00:00:00+00:00
4575,OK,2020-10,Severe Ice Storm,DR,2020-10-26 00:00:00+00:00
4587,OK,2021-02,Severe Ice Storm,DR,2021-02-08 00:00:00+00:00
3555,OK,2021-02,Severe Ice Storm,EM,2021-02-08 00:00:00+00:00
5421,OK,2021-12,Fire,FM,2021-12-15 00:00:00+00:00
4670,OK,2022-05,Severe Storm,DR,2022-05-02 00:00:00+00:00
4657,OK,2022-05,Severe Storm,DR,2022-05-02 00:00:00+00:00
4690,OK,2022-12,Severe Storm,DR,2022-12-21 00:00:00+00:00
5459,OK,2023-03,Fire,FM,2023-03-31 00:00:00+00:00
5458,OK,2023-03,Fire,FM,2023-03-31 00:00:00+00:00
5460,OK,2023-03,Fire,FM,2023-03-31 00:00:00+00:00
4706,OK,2023-04,Tornado,DR,2023-04-19 00:00:00+00:00
4721,OK,2023-06,Severe Storm,DR,2023-06-14 00:00:00+00:00
5489,OK,2024-02,Fire,FM,2024-02-27 00:00:00+00:00
4802,OK,2024-03,Severe Storm,DR,2024-03-14 00:00:00+00:00
5491,OK,2024-04,Fire,FM,2024-04-06 00:00:00+00:00
4776,OK,2024-04,Tornado,DR,2024-04-25 00:00:00+00:00
4791,OK,2024-05,Severe Storm,DR,2024-05-19 00:00:00+00:00
5544,OK,2024-10,Fire,FM,2024-10-29 00:00:00+00:00
5543,OK,2024-10,Fire,FM,2024-10-29 00:00:00+00:00
4862,OK,2024-11,Severe Storm,DR,2024-11-02 00:00:00+00:00
4866,OK,2025-03,Fire,DR,2025-03-14 00:00:00+00:00
5568,OK,2025-03,Fire,FM,2025-03-14 00:00:00+00:00
5567,OK,2025-03,Fire,FM,2025-03-14 00:00:00+00:00
5557,OK,2025-03,Fire,FM,2025-03-14 00:00:00+00:00
5565,OK,2025-03,Fire,FM,2025-03-14 00:00:00+00:00
5564,OK,2025-03,Fire,FM,2025-03-14 00:00:00+00:00
5562,OK,2025-03,Fire,FM,2025-03-14 00:00:00+00:00
5561,OK,2025-03,Fire,FM,2025-03-14 00:00:00+00:00
5560,OK,2025-03,Fire,FM,2025-03-14 00:00:00+00:00
5559,OK,2025-03,Fire,FM,2025-03-14 00:00:00+00:00
5558,OK,2025-03,Fire,FM,2025-03-14 00:00:00+00:00
5572,OK,2025-03,Fire,FM,2025-03-19 00:00:00+00:00
5569,OK,2025-03,Fire,FM,2025-03-14 00:00:00+00:00
5566,OK,2025-03,Fire,FM,2025-03-14 00:00:00+00:00
5563,OK,2025-03,Fire,FM,2025-03-14 00:00:00+00:00
5615,OK,2025-12,Fire,FM,2025-12-19 00:00:00+00:00
5621,OK,2026-02,Fire,FM,2026-02-19 00:00:00+00:00
5617,OK,2026-02,Fire,FM,2026-02-17 00:00:00+00:00
5618,OK,2026-02,Fire,FM,2026-02-17 00:00:00+00:00
5620,OK,2026-02,Fire,FM,2026-02-19 00:00:00+00:00
5616,OK,2026-02,Fire,FM,2026-02-17 00:00:00+00:00
5626,OK,2026-03,Fire,FM,2026-03-19 00:00:00+00:00
5628,OK,2026-03,Fire,FM,2026-03-22 00:00:00+00:00
5627,OK,2026-03,Fire,FM,2026-03-22 00:00:00+00:00
5624,OK,2026-03,Fire,FM,2026-03-15 00:00:00+00:00
49,OR,1955-12,Flood,DR,1955-12-29 00:00:00+00:00
60,OR,1956-07,Flood,DR,1956-07-20 00:00:00+00:00
69,OR,1957-03,Flood,DR,1957-03-01 00:00:00+00:00
136,OR,1962-10,Severe Storm,DR,1962-10-16 00:00:00+00:00
144,OR,1963-02,Flood,DR,1963-02-25 00:00:00+00:00
184,OR,1964-12,Flood,DR,1964-12-24 00:00:00+00:00
301,OR,1971-02,Flood,DR,1971-02-13 00:00:00+00:00
319,OR,1972-01,Flood,DR,1972-01-21 00:00:00+00:00
2011,OR,1973-08,Fire,FM,1973-08-20 00:00:00+00:00
2010,OR,1973-08,Fire,FM,1973-08-18 00:00:00+00:00
2008,OR,1973-08,Fire,FM,1973-08-17 00:00:00+00:00
2014,OR,1973-09,Fire,FM,1973-09-07 00:00:00+00:00
2013,OR,1973-09,Fire,FM,1973-09-04 00:00:00+00:00
413,OR,1974-01,Flood,DR,1974-01-25 00:00:00+00:00
3039,OR,1977-04,Drought,EM,1977-04-29 00:00:00+00:00
2030,OR,1978-08,Fire,FM,1978-08-11 00:00:00+00:00
2035,OR,1979-07,Fire,FM,1979-07-26 00:00:00+00:00
2034,OR,1979-07,Fire,FM,1979-07-25 00:00:00+00:00
2036,OR,1979-08,Fire,FM,1979-08-03 00:00:00+00:00
2041,OR,1981-07,Fire,FM,1981-07-29 00:00:00+00:00
2043,OR,1981-09,Fire,FM,1981-09-15 00:00:00+00:00
2046,OR,1984-08,Fire,FM,1984-08-27 00:00:00+00:00
2060,OR,1987-07,Fire,FM,1987-07-16 00:00:00+00:00
2064,OR,1987-08,Fire,FM,1987-08-30 00:00:00+00:00
2063,OR,1987-08,Fire,FM,1987-08-30 00:00:00+00:00
2062,OR,1987-08,Fire,FM,1987-08-30 00:00:00+00:00
2066,OR,1987-10,Fire,FM,1987-10-09 00:00:00+00:00
2069,OR,1988-08,Fire,FM,1988-08-23 00:00:00+00:00
853,OR,1990-01,Flood,DR,1990-01-06 00:00:00+00:00
2075,OR,1990-08,Fire,FM,1990-08-04 00:00:00+00:00
2082,OR,1992-06,Fire,FM,1992-06-11 00:00:00+00:00
2081,OR,1992-06,Fire,FM,1992-06-09 00:00:00+00:00
2084,OR,1992-08,Fire,FM,1992-08-01 00:00:00+00:00
2083,OR,1992-08,Fire,FM,1992-08-03 00:00:00+00:00
985,OR,1993-03,Earthquake,DR,1993-03-25 00:00:00+00:00
1004,OR,1993-09,Earthquake,DR,1993-09-20 00:00:00+00:00
1036,OR,1994-05,Fishing Losses,DR,1994-05-01 00:00:00+00:00
2112,OR,1994-08,Fire,FM,1994-08-24 00:00:00+00:00
1061,OR,1995-07,Flood,DR,1995-07-08 00:00:00+00:00
1099,OR,1996-02,Flood,DR,1996-02-04 00:00:00+00:00
2189,OR,1996-08,Fire,FM,1996-08-24 00:00:00+00:00
2187,OR,1996-08,Fire,FM,1996-08-12 00:00:00+00:00
1149,OR,1996-11,Flood,DR,1996-11-17 00:00:00+00:00
1107,OR,1996-12,Severe Storm,DR,1996-12-10 00:00:00+00:00
1160,OR,1996-12,Severe Storm,DR,1996-12-25 00:00:00+00:00
1221,OR,1998-05,Flood,DR,1998-05-28 00:00:00+00:00
2380,OR,2001-08,Fire,FM,2001-08-17 00:00:00+00:00
2375,OR,2001-08,Fire,FM,2001-08-15 00:00:00+00:00
1405,OR,2002-02,Severe Storm,DR,2002-02-07 00:00:00+00:00
2455,OR,2002-07,Fire,FM,2002-07-28 00:00:00+00:00
2454,OR,2002-07,Fire,FM,2002-07-27 00:00:00+00:00
2453,OR,2002-07,Fire,FM,2002-07-27 00:00:00+00:00
2452,OR,2002-07,Fire,FM,2002-07-25 00:00:00+00:00
2448,OR,2002-07,Fire,FM,2002-07-18 00:00:00+00:00
2445,OR,2002-07,Fire,FM,2002-07-16 00:00:00+00:00
2444,OR,2002-07,Fire,FM,2002-07-15 00:00:00+00:00
2443,OR,2002-07,Fire,FM,2002-07-13 00:00:00+00:00
2493,OR,2003-08,Fire,FM,2003-08-20 00:00:00+00:00
2496,OR,2003-09,Fire,FM,2003-09-05 00:00:00+00:00
2495,OR,2003-09,Fire,FM,2003-09-02 00:00:00+00:00
1510,OR,2003-12,Severe Storm,DR,2003-12-26 00:00:00+00:00
2549,OR,2004-08,Fire,FM,2004-08-20 00:00:00+00:00
2539,OR,2004-08,Fire,FM,2004-08-04 00:00:00+00:00
3228,OR,2005-08,Coastal Storm,EM,2005-08-29 00:00:00+00:00
2579,OR,2005-08,Fire,FM,2005-08-25 00:00:00+00:00
1632,OR,2005-12,Severe Storm,DR,2005-12-18 00:00:00+00:00
2659,OR,2006-07,Fire,FM,2006-07-27 00:00:00+00:00
2657,OR,2006-07,Fire,FM,2006-07-24 00:00:00+00:00
1672,OR,2006-11,Severe Storm,DR,2006-11-05 00:00:00+00:00
1683,OR,2006-12,Severe Storm,DR,2006-12-14 00:00:00+00:00
2712,OR,2007-07,Fire,FM,2007-07-08 00:00:00+00:00
2727,OR,2007-09,Fire,FM,2007-09-02 00:00:00+00:00
1733,OR,2007-12,Severe Storm,DR,2007-12-01 00:00:00+00:00
2787,OR,2008-09,Fire,FM,2008-09-16 00:00:00+00:00
1824,OR,2008-12,Severe Storm,DR,2008-12-13 00:00:00+00:00
2829,OR,2009-08,Fire,FM,2009-08-28 00:00:00+00:00
2838,OR,2009-09,Fire,FM,2009-09-21 00:00:00+00:00
1956,OR,2011-01,Severe Storm,DR,2011-01-13 00:00:00+00:00
1964,OR,2011-03,Tsunami,DR,2011-03-11 00:00:00+00:00
4055,OR,2012-01,Flood,DR,2012-01-17 00:00:00+00:00
5039,OR,2013-07,Fire,FM,2013-07-28 00:00:00+00:00
5037,OR,2013-07,Fire,FM,2013-07-27 00:00:00+00:00
5036,OR,2013-07,Fire,FM,2013-07-19 00:00:00+00:00
5046,OR,2013-08,Fire,FM,2013-08-17 00:00:00+00:00
4169,OR,2014-02,Severe Storm,DR,2014-02-06 00:00:00+00:00
5056,OR,2014-06,Fire,FM,2014-06-07 00:00:00+00:00
5066,OR,2014-07,Fire,FM,2014-07-31 00:00:00+00:00
5060,OR,2014-07,Fire,FM,2014-07-13 00:00:00+00:00
5073,OR,2014-08,Fire,FM,2014-08-05 00:00:00+00:00
5080,OR,2014-09,Fire,FM,2014-09-15 00:00:00+00:00
5092,OR,2015-07,Fire,FM,2015-07-30 00:00:00+00:00
5107,OR,2015-08,Fire,FM,2015-08-20 00:00:00+00:00
5102,OR,2015-08,Fire,FM,2015-08-14 00:00:00+00:00
5097,OR,2015-08,Fire,FM,2015-08-11 00:00:00+00:00
5096,OR,2015-08,Fire,FM,2015-08-08 00:00:00+00:00
5114,OR,2015-09,Fire,FM,2015-09-13 00:00:00+00:00
4258,OR,2015-12,Severe Storm,DR,2015-12-06 00:00:00+00:00
5126,OR,2016-06,Fire,FM,2016-06-07 00:00:00+00:00
5153,OR,2016-08,Fire,FM,2016-08-30 00:00:00+00:00
4296,OR,2016-12,Severe Storm,DR,2016-12-14 00:00:00+00:00
4328,OR,2017-01,Severe Storm,DR,2017-01-07 00:00:00+00:00
5198,OR,2017-08,Fire,FM,2017-08-19 00:00:00+00:00
5196,OR,2017-08,Fire,FM,2017-08-16 00:00:00+00:00
5195,OR,2017-08,Fire,FM,2017-08-03 00:00:00+00:00
5203,OR,2017-09,Fire,FM,2017-09-02 00:00:00+00:00
5243,OR,2018-06,Fire,FM,2018-06-21 00:00:00+00:00
5256,OR,2018-07,Fire,FM,2018-07-18 00:00:00+00:00
5255,OR,2018-07,Fire,FM,2018-07-17 00:00:00+00:00
5265,OR,2018-08,Fire,FM,2018-08-01 00:00:00+00:00
5274,OR,2018-08,Fire,FM,2018-08-23 00:00:00+00:00
5275,OR,2018-09,Fire,FM,2018-09-02 00:00:00+00:00
4432,OR,2019-02,Severe Storm,DR,2019-02-23 00:00:00+00:00
4452,OR,2019-04,Flood,DR,2019-04-06 00:00:00+00:00
5285,OR,2019-07,Fire,FM,2019-07-27 00:00:00+00:00
4499,OR,2020-01,Biological,DR,2020-01-20 00:00:00+00:00
3429,OR,2020-01,Biological,EM,2020-01-20 00:00:00+00:00
4519,OR,2020-02,Flood,DR,2020-02-05 00:00:00+00:00
5341,OR,2020-08,Fire,FM,2020-08-17 00:00:00+00:00
5327,OR,2020-08,Fire,FM,2020-08-12 00:00:00+00:00
5372,OR,2020-09,Fire,FM,2020-09-12 00:00:00+00:00
5371,OR,2020-09,Fire,FM,2020-09-08 00:00:00+00:00
5370,OR,2020-09,Fire,FM,2020-09-08 00:00:00+00:00
5369,OR,2020-09,Fire,FM,2020-09-09 00:00:00+00:00
5368,OR,2020-09,Fire,FM,2020-09-08 00:00:00+00:00
5367,OR,2020-09,Fire,FM,2020-09-08 00:00:00+00:00
5366,OR,2020-09,Fire,FM,2020-09-08 00:00:00+00:00
5365,OR,2020-09,Fire,FM,2020-09-08 00:00:00+00:00
5364,OR,2020-09,Fire,FM,2020-09-08 00:00:00+00:00
5362,OR,2020-09,Fire,FM,2020-09-08 00:00:00+00:00
5358,OR,2020-09,Fire,FM,2020-09-08 00:00:00+00:00
5357,OR,2020-09,Fire,FM,2020-09-08 00:00:00+00:00
5356,OR,2020-09,Fire,FM,2020-09-07 00:00:00+00:00
5354,OR,2020-09,Fire,FM,2020-09-07 00:00:00+00:00
4562,OR,2020-09,Fire,DR,2020-09-07 00:00:00+00:00
3542,OR,2020-09,Fire,EM,2020-09-08 00:00:00+00:00
4599,OR,2021-02,Severe Storm,DR,2021-02-11 00:00:00+00:00
5394,OR,2021-06,Fire,FM,2021-06-29 00:00:00+00:00
5396,OR,2021-07,Fire,FM,2021-07-10 00:00:00+00:00
5409,OR,2021-08,Fire,FM,2021-08-15 00:00:00+00:00
5446,OR,2022-08,Fire,FM,2022-08-02 00:00:00+00:00
5457,OR,2022-09,Fire,FM,2022-09-09 00:00:00+00:00
5454,OR,2022-09,Fire,FM,2022-09-10 00:00:00+00:00
4733,OR,2023-06,Mud/Landslide,DR,2023-06-11 00:00:00+00:00
5471,OR,2023-07,Fire,FM,2023-07-22 00:00:00+00:00
5483,OR,2023-08,Fire,FM,2023-08-23 00:00:00+00:00
4768,OR,2024-01,Severe Storm,DR,2024-01-10 00:00:00+00:00
5500,OR,2024-06,Fire,FM,2024-06-25 00:00:00+00:00
5516,OR,2024-07,Fire,FM,2024-07-21 00:00:00+00:00
5514,OR,2024-07,Fire,FM,2024-07-21 00:00:00+00:00
5513,OR,2024-07,Fire,FM,2024-07-20 00:00:00+00:00
5512,OR,2024-07,Fire,FM,2024-07-18 00:00:00+00:00
5511,OR,2024-07,Fire,FM,2024-07-17 00:00:00+00:00
5506,OR,2024-07,Fire,FM,2024-07-10 00:00:00+00:00
4854,OR,2024-07,Fire,DR,2024-07-10 00:00:00+00:00
5529,OR,2024-08,Fire,FM,2024-08-08 00:00:00+00:00
5528,OR,2024-08,Fire,FM,2024-08-04 00:00:00+00:00
5527,OR,2024-08,Fire,FM,2024-08-02 00:00:00+00:00
5532,OR,2024-09,Fire,FM,2024-09-01 00:00:00+00:00
5534,OR,2024-09,Fire,FM,2024-09-02 00:00:00+00:00
4881,OR,2025-03,Severe Storm,DR,2025-03-13 00:00:00+00:00
5590,OR,2025-06,Fire,FM,2025-06-18 00:00:00+00:00
5589,OR,2025-06,Fire,FM,2025-06-16 00:00:00+00:00
5587,OR,2025-06,Fire,FM,2025-06-11 00:00:00+00:00
5599,OR,2025-07,Fire,FM,2025-07-12 00:00:00+00:00
5610,OR,2025-08,Fire,FM,2025-08-22 00:00:00+00:00
4907,OR,2025-12,Severe Storm,DR,2025-12-15 00:00:00+00:00
40,PA,1955-08,Flood,DR,1955-08-20 00:00:00+00:00
51,PA,1956-03,Flood,DR,1956-03-15 00:00:00+00:00
58,PA,1956-05,Severe Storm,DR,1956-05-21 00:00:00+00:00
61,PA,1956-08,Severe Storm,DR,1956-08-09 00:00:00+00:00
89,PA,1959-01,Flood,DR,1959-01-23 00:00:00+00:00
206,PA,1965-08,Drought,DR,1965-08-18 00:00:00+00:00
273,PA,1969-08,Flood,DR,1969-08-19 00:00:00+00:00
312,PA,1971-09,Flood,DR,1971-09-18 00:00:00+00:00
340,PA,1972-06,Flood,DR,1972-06-23 00:00:00+00:00
355,PA,1972-09,Flood,DR,1972-09-28 00:00:00+00:00
400,PA,1973-07,Flood,DR,1973-07-17 00:00:00+00:00
485,PA,1975-09,Flood,DR,1975-09-26 00:00:00+00:00
513,PA,1976-07,Flood,DR,1976-07-07 00:00:00+00:00
523,PA,1976-10,Flood,DR,1976-10-20 00:00:00+00:00
3026,PA,1977-01,Snowstorm,EM,1977-01-29 00:00:00+00:00
537,PA,1977-07,Flood,DR,1977-07-21 00:00:00+00:00
3081,PA,1980-06,Tornado,EM,1980-06-13 00:00:00+00:00
629,PA,1980-08,Flood,DR,1980-08-19 00:00:00+00:00
641,PA,1981-06,Flood,DR,1981-06-15 00:00:00+00:00
721,PA,1984-08,Flood,DR,1984-08-27 00:00:00+00:00
737,PA,1985-05,Tornado,DR,1985-05-31 00:00:00+00:00
745,PA,1985-09,Hurricane,DR,1985-09-27 00:00:00+00:00
754,PA,1985-11,Flood,DR,1985-11-03 00:00:00+00:00
766,PA,1986-05,Flood,DR,1986-05-30 00:00:00+00:00
3105,PA,1993-03,Snowstorm,EM,1993-03-13 00:00:00+00:00
1015,PA,1994-01,Severe Storm,DR,1994-01-04 00:00:00+00:00
1093,PA,1996-01,Flood,DR,1996-01-19 00:00:00+00:00
1085,PA,1996-01,Snowstorm,DR,1996-01-06 00:00:00+00:00
1120,PA,1996-06,Flood,DR,1996-06-12 00:00:00+00:00
1130,PA,1996-07,Flood,DR,1996-07-19 00:00:00+00:00
1138,PA,1996-09,Flood,DR,1996-09-06 00:00:00+00:00
1150,PA,1996-11,Flood,DR,1996-11-08 00:00:00+00:00
1219,PA,1998-05,Severe Storm,DR,1998-05-31 00:00:00+00:00
1289,PA,1999-08,Severe Storm,DR,1999-08-20 00:00:00+00:00
1298,PA,1999-09,Flood,DR,1999-09-06 00:00:00+00:00
1294,PA,1999-09,Hurricane,DR,1999-09-16 00:00:00+00:00
1383,PA,2001-06,Severe Storm,DR,2001-06-15 00:00:00+00:00
3180,PA,2003-02,Severe Storm,EM,2003-02-14 00:00:00+00:00
1485,PA,2003-07,Severe Storm,DR,2003-07-21 00:00:00+00:00
1497,PA,2003-09,Severe Storm,DR,2003-09-15 00:00:00+00:00
1538,PA,2004-07,Severe Storm,DR,2004-07-27 00:00:00+00:00
1557,PA,2004-09,Hurricane,DR,2004-09-17 00:00:00+00:00
1555,PA,2004-09,Severe Storm,DR,2004-09-08 00:00:00+00:00
1587,PA,2005-04,Severe Storm,DR,2005-04-02 00:00:00+00:00
3235,PA,2005-08,Hurricane,EM,2005-08-29 00:00:00+00:00
1649,PA,2006-06,Severe Storm,DR,2006-06-23 00:00:00+00:00
1684,PA,2006-11,Severe Storm,DR,2006-11-16 00:00:00+00:00
1898,PA,2010-02,Snowstorm,DR,2010-02-05 00:00:00+00:00
4003,PA,2011-04,Severe Storm,DR,2011-04-25 00:00:00+00:00
4025,PA,2011-08,Hurricane,DR,2011-08-26 00:00:00+00:00
3339,PA,2011-08,Hurricane,EM,2011-08-26 00:00:00+00:00
4030,PA,2011-09,Flood,DR,2011-09-03 00:00:00+00:00
3340,PA,2011-09,Flood,EM,2011-09-03 00:00:00+00:00
4099,PA,2012-10,Hurricane,DR,2012-10-26 00:00:00+00:00
3356,PA,2012-10,Hurricane,EM,2012-10-26 00:00:00+00:00
4149,PA,2013-06,Severe Storm,DR,2013-06-26 00:00:00+00:00
3367,PA,2014-02,Severe Ice Storm,EM,2014-02-04 00:00:00+00:00
4267,PA,2016-01,Snowstorm,DR,2016-01-22 00:00:00+00:00
4292,PA,2016-10,Flood,DR,2016-10-20 00:00:00+00:00
4408,PA,2018-08,Severe Storm,DR,2018-08-10 00:00:00+00:00
4506,PA,2020-01,Biological,DR,2020-01-20 00:00:00+00:00
3441,PA,2020-01,Biological,EM,2020-01-20 00:00:00+00:00
4618,PA,2021-08,Hurricane,DR,2021-08-31 00:00:00+00:00
4815,PA,2024-08,Tropical Storm,DR,2024-08-09 00:00:00+00:00
23,RI,1954-09,Hurricane,DR,1954-09-02 00:00:00+00:00
39,RI,1955-08,Hurricane,DR,1955-08-20 00:00:00+00:00
3058,RI,1978-02,Snowstorm,EM,1978-02-07 00:00:00+00:00
548,RI,1978-02,Snowstorm,DR,1978-02-16 00:00:00+00:00
748,RI,1985-09,Hurricane,DR,1985-09-27 00:00:00+00:00
913,RI,1991-08,Hurricane,DR,1991-08-19 00:00:00+00:00
3094,RI,1992-08,Toxic Substances,EM,1992-08-03 00:00:00+00:00
3102,RI,1993-03,Snowstorm,EM,1993-03-13 00:00:00+00:00
1091,RI,1996-01,Snowstorm,DR,1996-01-07 00:00:00+00:00
3123,RI,1996-11,Other,EM,1996-11-17 00:00:00+00:00
3182,RI,2003-02,Snowstorm,EM,2003-02-17 00:00:00+00:00
3203,RI,2005-01,Snowstorm,EM,2005-01-22 00:00:00+00:00
3255,RI,2005-08,Hurricane,EM,2005-08-29 00:00:00+00:00
1704,RI,2007-04,Severe Storm,DR,2007-04-15 00:00:00+00:00
3311,RI,2010-03,Severe Storm,EM,2010-03-12 00:00:00+00:00
1894,RI,2010-03,Severe Storm,DR,2010-03-12 00:00:00+00:00
4027,RI,2011-08,Hurricane,DR,2011-08-27 00:00:00+00:00
3334,RI,2011-08,Hurricane,EM,2011-08-26 00:00:00+00:00
3355,RI,2012-10,Hurricane,EM,2012-10-26 00:00:00+00:00
4089,RI,2012-10,Hurricane,DR,2012-10-26 00:00:00+00:00
4107,RI,2013-02,Severe Storm,DR,2013-02-08 00:00:00+00:00
4212,RI,2015-01,Severe Storm,DR,2015-01-26 00:00:00+00:00
4505,RI,2020-01,Biological,DR,2020-01-20 00:00:00+00:00
3515,RI,2020-01,Biological,EM,2020-01-20 00:00:00+00:00
3440,RI,2020-01,Biological,EM,2020-01-20 00:00:00+00:00
3563,RI,2021-08,Hurricane,EM,2021-08-20 00:00:00+00:00
4653,RI,2022-01,Snowstorm,DR,2022-01-28 00:00:00+00:00
5464,RI,2023-04,Fire,FM,2023-04-14 00:00:00+00:00
4753,RI,2023-09,Severe Storm,DR,2023-09-10 00:00:00+00:00
4765,RI,2023-12,Severe Storm,DR,2023-12-17 00:00:00+00:00
4766,RI,2024-01,Severe Storm,DR,2024-01-09 00:00:00+00:00
29,SC,1954-10,Hurricane,DR,1954-10-17 00:00:00+00:00
44,SC,1955-08,Hurricane,DR,1955-08-20 00:00:00+00:00
3047,SC,1977-08,Drought,EM,1977-08-04 00:00:00+00:00
700,SC,1984-03,Tornado,DR,1984-03-28 00:00:00+00:00
843,SC,1989-09,Hurricane,DR,1989-09-21 00:00:00+00:00
881,SC,1990-10,Flood,DR,1990-10-11 00:00:00+00:00
1140,SC,1996-09,Flood,DR,1996-09-05 00:00:00+00:00
1243,SC,1998-08,Hurricane,DR,1998-08-25 00:00:00+00:00
3145,SC,1999-09,Hurricane,EM,1999-09-14 00:00:00+00:00
1299,SC,1999-09,Hurricane,DR,1999-09-14 00:00:00+00:00
1313,SC,2000-01,Severe Storm,DR,2000-01-22 00:00:00+00:00
2388,SC,2001-11,Fire,FM,2001-11-07 00:00:00+00:00
2426,SC,2002-06,Fire,FM,2002-06-17 00:00:00+00:00
1451,SC,2002-12,Severe Ice Storm,DR,2002-12-04 00:00:00+00:00
1509,SC,2004-01,Severe Ice Storm,DR,2004-01-26 00:00:00+00:00
1547,SC,2004-08,Severe Storm,DR,2004-08-28 00:00:00+00:00
1543,SC,2004-08,Hurricane,DR,2004-08-14 00:00:00+00:00
1566,SC,2004-09,Hurricane,DR,2004-09-06 00:00:00+00:00
3233,SC,2005-08,Hurricane,EM,2005-08-29 00:00:00+00:00
1625,SC,2005-12,Severe Ice Storm,DR,2005-12-15 00:00:00+00:00
2816,SC,2009-04,Fire,FM,2009-04-23 00:00:00+00:00
4166,SC,2014-02,Severe Ice Storm,DR,2014-02-10 00:00:00+00:00
3369,SC,2014-02,Severe Ice Storm,EM,2014-02-10 00:00:00+00:00
4241,SC,2015-10,Flood,DR,2015-10-01 00:00:00+00:00
3373,SC,2015-10,Severe Storm,EM,2015-10-01 00:00:00+00:00
4286,SC,2016-10,Hurricane,DR,2016-10-04 00:00:00+00:00
3378,SC,2016-10,Hurricane,EM,2016-10-04 00:00:00+00:00
5162,SC,2016-11,Fire,FM,2016-11-12 00:00:00+00:00
4346,SC,2017-09,Hurricane,DR,2017-09-06 00:00:00+00:00
3386,SC,2017-09,Hurricane,EM,2017-09-06 00:00:00+00:00
4394,SC,2018-09,Hurricane,DR,2018-09-08 00:00:00+00:00
3400,SC,2018-09,Hurricane,EM,2018-09-08 00:00:00+00:00
4464,SC,2019-08,Hurricane,DR,2019-08-31 00:00:00+00:00
3421,SC,2019-08,Hurricane,EM,2019-08-31 00:00:00+00:00
4492,SC,2020-01,Biological,DR,2020-01-20 00:00:00+00:00
3470,SC,2020-01,Biological,EM,2020-01-20 00:00:00+00:00
4479,SC,2020-02,Severe Storm,DR,2020-02-06 00:00:00+00:00
4542,SC,2020-04,Severe Storm,DR,2020-04-12 00:00:00+00:00
4677,SC,2022-09,Hurricane,DR,2022-09-25 00:00:00+00:00
3585,SC,2022-09,Hurricane,EM,2022-09-25 00:00:00+00:00
3597,SC,2023-08,Hurricane,EM,2023-08-29 00:00:00+00:00
4835,SC,2024-08,Tropical Storm,DR,2024-08-04 00:00:00+00:00
3606,SC,2024-08,Tropical Storm,EM,2024-08-04 00:00:00+00:00
4829,SC,2024-09,Hurricane,DR,2024-09-25 00:00:00+00:00
3619,SC,2024-09,Tropical Storm,EM,2024-09-25 00:00:00+00:00
4858,SC,2024-11,Flood,DR,2024-11-06 00:00:00+00:00
5575,SC,2025-03,Fire,FM,2025-03-21 00:00:00+00:00
5576,SC,2025-03,Fire,FM,2025-03-23 00:00:00+00:00
5554,SC,2025-03,Fire,FM,2025-03-01 00:00:00+00:00
3632,SC,2026-01,Winter Storm,EM,2026-01-21 00:00:00+00:00
4908,SC,2026-01,Winter Storm,DR,2026-01-21 00:00:00+00:00
20,SD,1954-07,Flood,DR,1954-07-31 00:00:00+00:00
99,SD,1960-04,Flood,DR,1960-04-08 00:00:00+00:00
132,SD,1962-07,Flood,DR,1962-07-27 00:00:00+00:00
197,SD,1965-05,Flood,DR,1965-05-26 00:00:00+00:00
257,SD,1969-04,Flood,DR,1969-04-18 00:00:00+00:00
336,SD,1972-06,Flood,DR,1972-06-10 00:00:00+00:00
2016,SD,1974-07,Fire,FM,1974-07-08 00:00:00+00:00
2017,SD,1975-07,Fire,FM,1975-07-29 00:00:00+00:00
3015,SD,1976-06,Drought,EM,1976-06-17 00:00:00+00:00
511,SD,1976-06,Flood,DR,1976-06-25 00:00:00+00:00
717,SD,1984-06,Flood,DR,1984-06-11 00:00:00+00:00
2057,SD,1985-07,Fire,FM,1985-07-15 00:00:00+00:00
2056,SD,1985-07,Fire,FM,1985-07-15 00:00:00+00:00
764,SD,1986-03,Flood,DR,1986-03-22 00:00:00+00:00
2061,SD,1987-07,Fire,FM,1987-07-22 00:00:00+00:00
2068,SD,1988-07,Fire,FM,1988-07-26 00:00:00+00:00
2076,SD,1988-09,Fire,FM,1988-09-14 00:00:00+00:00
948,SD,1992-06,Severe Storm,DR,1992-06-13 00:00:00+00:00
999,SD,1993-05,Severe Storm,DR,1993-05-06 00:00:00+00:00
1031,SD,1994-03,Severe Storm,DR,1994-03-01 00:00:00+00:00
2109,SD,1994-08,Fire,FM,1994-08-14 00:00:00+00:00
1045,SD,1995-01,Snowstorm,DR,1995-01-13 00:00:00+00:00
1052,SD,1995-03,Flood,DR,1995-03-01 00:00:00+00:00
1075,SD,1995-10,Snowstorm,DR,1995-10-22 00:00:00+00:00
1161,SD,1996-11,Severe Storm,DR,1996-11-13 00:00:00+00:00
1156,SD,1997-01,Severe Storm,DR,1997-01-03 00:00:00+00:00
1173,SD,1997-02,Flood,DR,1997-02-03 00:00:00+00:00
1218,SD,1998-04,Flood,DR,1998-04-25 00:00:00+00:00
1280,SD,1999-06,Tornado,DR,1999-06-04 00:00:00+00:00
1330,SD,2000-04,Severe Storm,DR,2000-04-18 00:00:00+00:00
2324,SD,2000-08,Fire,FM,2000-08-24 00:00:00+00:00
2319,SD,2000-08,Fire,FM,2000-08-11 00:00:00+00:00
1375,SD,2001-03,Flood,DR,2001-03-01 00:00:00+00:00
2369,SD,2001-07,Fire,FM,2001-07-30 00:00:00+00:00
2434,SD,2002-06,Fire,FM,2002-06-29 00:00:00+00:00
2458,SD,2002-08,Fire,FM,2002-08-16 00:00:00+00:00
2513,SD,2003-11,Fire,FM,2003-11-20 00:00:00+00:00
1531,SD,2004-05,Severe Storm,DR,2004-05-28 00:00:00+00:00
2557,SD,2005-04,Fire,FM,2005-04-17 00:00:00+00:00
1596,SD,2005-06,Severe Storm,DR,2005-06-07 00:00:00+00:00
2569,SD,2005-07,Fire,FM,2005-07-16 00:00:00+00:00
2565,SD,2005-07,Fire,FM,2005-07-09 00:00:00+00:00
3234,SD,2005-09,Coastal Storm,EM,2005-09-06 00:00:00+00:00
1620,SD,2005-11,Severe Storm,DR,2005-11-27 00:00:00+00:00
1647,SD,2006-04,Severe Storm,DR,2006-04-18 00:00:00+00:00
2658,SD,2006-07,Fire,FM,2006-07-27 00:00:00+00:00
1702,SD,2007-05,Severe Storm,DR,2007-05-04 00:00:00+00:00
2716,SD,2007-07,Fire,FM,2007-07-19 00:00:00+00:00
2710,SD,2007-07,Fire,FM,2007-07-07 00:00:00+00:00
1759,SD,2008-05,Snowstorm,DR,2008-05-01 00:00:00+00:00
1774,SD,2008-06,Severe Storm,DR,2008-06-02 00:00:00+00:00
1811,SD,2008-11,Snowstorm,DR,2008-11-05 00:00:00+00:00
1844,SD,2009-03,Severe Storm,DR,2009-03-11 00:00:00+00:00
1886,SD,2009-12,Severe Storm,DR,2009-12-23 00:00:00+00:00
1887,SD,2010-01,Severe Storm,DR,2010-01-20 00:00:00+00:00
1915,SD,2010-03,Flood,DR,2010-03-10 00:00:00+00:00
1914,SD,2010-04,Severe Storm,DR,2010-04-02 00:00:00+00:00
1929,SD,2010-06,Severe Storm,DR,2010-06-16 00:00:00+00:00
1938,SD,2010-07,Severe Storm,DR,2010-07-21 00:00:00+00:00
1947,SD,2010-09,Severe Storm,DR,2010-09-22 00:00:00+00:00
1984,SD,2011-03,Flood,DR,2011-03-11 00:00:00+00:00
2996,SD,2012-07,Fire,FM,2012-07-19 00:00:00+00:00
5010,SD,2012-08,Fire,FM,2012-08-31 00:00:00+00:00
4115,SD,2013-04,Severe Storm,DR,2013-04-08 00:00:00+00:00
4125,SD,2013-05,Severe Storm,DR,2013-05-24 00:00:00+00:00
4137,SD,2013-06,Severe Storm,DR,2013-06-19 00:00:00+00:00
4155,SD,2013-10,Severe Storm,DR,2013-10-03 00:00:00+00:00
4186,SD,2014-06,Flood,DR,2014-06-13 00:00:00+00:00
4237,SD,2015-05,Severe Storm,DR,2015-05-08 00:00:00+00:00
4233,SD,2015-06,Severe Storm,DR,2015-06-17 00:00:00+00:00
4298,SD,2016-12,Severe Storm,DR,2016-12-24 00:00:00+00:00
5229,SD,2017-12,Fire,FM,2017-12-12 00:00:00+00:00
5272,SD,2018-08,Fire,FM,2018-08-11 00:00:00+00:00
4448,SD,2019-03,Severe Storm,DR,2019-03-13 00:00:00+00:00
4440,SD,2019-03,Flood,DR,2019-03-13 00:00:00+00:00
4463,SD,2019-05,Flood,DR,2019-05-21 00:00:00+00:00
4467,SD,2019-06,Severe Storm,DR,2019-06-30 00:00:00+00:00
4469,SD,2019-09,Severe Storm,DR,2019-09-09 00:00:00+00:00
4527,SD,2020-01,Biological,DR,2020-01-20 00:00:00+00:00
3513,SD,2020-01,Biological,EM,2020-01-20 00:00:00+00:00
3526,SD,2020-01,Biological,EM,2020-01-20 00:00:00+00:00
3475,SD,2020-01,Biological,EM,2020-01-20 00:00:00+00:00
3536,SD,2020-01,Biological,EM,2020-01-20 00:00:00+00:00
5384,SD,2021-03,Fire,FM,2021-03-29 00:00:00+00:00
5418,SD,2021-10,Fire,FM,2021-10-04 00:00:00+00:00
4656,SD,2022-05,Severe Storm,DR,2022-05-12 00:00:00+00:00
4664,SD,2022-06,Severe Storm,DR,2022-06-11 00:00:00+00:00
4689,SD,2022-12,Winter Storm,DR,2022-12-12 00:00:00+00:00
4688,SD,2022-12,Winter Storm,DR,2022-12-12 00:00:00+00:00
4687,SD,2022-12,Winter Storm,DR,2022-12-12 00:00:00+00:00
4718,SD,2023-04,Flood,DR,2023-04-09 00:00:00+00:00
4807,SD,2024-06,Flood,DR,2024-06-16 00:00:00+00:00
4842,SD,2024-07,Severe Storm,DR,2024-07-13 00:00:00+00:00
4890,SD,2025-06,Flood,DR,2025-06-12 00:00:00+00:00
4903,SD,2025-12,Straight-Line Winds,DR,2025-12-17 00:00:00+00:00
5622,SD,2026-03,Fire,FM,2026-03-12 00:00:00+00:00
151,TN,1963-03,Flood,DR,1963-03-27 00:00:00+00:00
263,TN,1969-07,Flood,DR,1969-07-11 00:00:00+00:00
306,TN,1971-05,Tornado,DR,1971-05-18 00:00:00+00:00
331,TN,1972-05,Flood,DR,1972-05-15 00:00:00+00:00
366,TN,1973-03,Flood,DR,1973-03-21 00:00:00+00:00
382,TN,1973-05,Flood,DR,1973-05-11 00:00:00+00:00
395,TN,1973-06,Flood,DR,1973-06-28 00:00:00+00:00
424,TN,1974-04,Tornado,DR,1974-04-04 00:00:00+00:00
459,TN,1975-03,Flood,DR,1975-03-22 00:00:00+00:00
533,TN,1977-04,Flood,DR,1977-04-29 00:00:00+00:00
544,TN,1977-11,Flood,DR,1977-11-12 00:00:00+00:00
585,TN,1979-05,Severe Storm,DR,1979-05-07 00:00:00+00:00
666,TN,1982-08,Flood,DR,1982-08-24 00:00:00+00:00
668,TN,1982-09,Flood,DR,1982-09-22 00:00:00+00:00
708,TN,1984-05,Flood,DR,1984-05-06 00:00:00+00:00
858,TN,1990-02,Flood,DR,1990-02-15 00:00:00+00:00
889,TN,1990-12,Flood,DR,1990-12-19 00:00:00+00:00
910,TN,1991-05,Flood,DR,1991-05-24 00:00:00+00:00
3095,TN,1993-03,Snowstorm,EM,1993-03-13 00:00:00+00:00
1010,TN,1994-02,Severe Storm,DR,1994-02-09 00:00:00+00:00
1022,TN,1994-03,Flood,DR,1994-03-25 00:00:00+00:00
1057,TN,1995-05,Tornado,DR,1995-05-14 00:00:00+00:00
1167,TN,1997-02,Tornado,DR,1997-02-28 00:00:00+00:00
1171,TN,1997-03,Severe Storm,DR,1997-03-28 00:00:00+00:00
1197,TN,1998-01,Severe Storm,DR,1998-01-06 00:00:00+00:00
1215,TN,1998-04,Severe Storm,DR,1998-04-16 00:00:00+00:00
1235,TN,1998-07,Severe Storm,DR,1998-07-13 00:00:00+00:00
1260,TN,1998-12,Severe Storm,DR,1998-12-23 00:00:00+00:00
1262,TN,1999-01,Severe Storm,DR,1999-01-17 00:00:00+00:00
2250,TN,1999-04,Fire,FM,1999-04-13 00:00:00+00:00
1275,TN,1999-05,Severe Storm,DR,1999-05-05 00:00:00+00:00
1331,TN,2000-05,Severe Storm,DR,2000-05-23 00:00:00+00:00
2348,TN,2000-10,Fire,FM,2000-10-30 00:00:00+00:00
2346,TN,2000-10,Fire,FM,2000-10-30 00:00:00+00:00
2347,TN,2000-11,Fire,FM,2000-11-01 00:00:00+00:00
1387,TN,2001-07,Severe Storm,DR,2001-07-27 00:00:00+00:00
2389,TN,2001-11,Fire,FM,2001-11-12 00:00:00+00:00
2387,TN,2001-11,Fire,FM,2001-11-03 00:00:00+00:00
1408,TN,2002-01,Severe Storm,DR,2002-01-23 00:00:00+00:00
1441,TN,2002-11,Severe Storm,DR,2002-11-09 00:00:00+00:00
1456,TN,2003-02,Severe Storm,DR,2003-02-14 00:00:00+00:00
1464,TN,2003-05,Severe Storm,DR,2003-05-04 00:00:00+00:00
1482,TN,2003-07,Severe Storm,DR,2003-07-21 00:00:00+00:00
1568,TN,2004-09,Severe Storm,DR,2004-09-16 00:00:00+00:00
3217,TN,2005-08,Hurricane,EM,2005-08-29 00:00:00+00:00
1634,TN,2006-04,Severe Storm,DR,2006-04-02 00:00:00+00:00
1745,TN,2008-02,Severe Storm,DR,2008-02-05 00:00:00+00:00
1821,TN,2009-01,Severe Ice Storm,DR,2009-01-27 00:00:00+00:00
1839,TN,2009-04,Severe Storm,DR,2009-04-10 00:00:00+00:00
1851,TN,2009-06,Severe Storm,DR,2009-06-12 00:00:00+00:00
1856,TN,2009-07,Severe Storm,DR,2009-07-15 00:00:00+00:00
1909,TN,2010-04,Severe Storm,DR,2010-04-30 00:00:00+00:00
1937,TN,2010-08,Severe Storm,DR,2010-08-17 00:00:00+00:00
1965,TN,2011-02,Severe Storm,DR,2011-02-28 00:00:00+00:00
3321,TN,2011-04,Flood,EM,2011-04-26 00:00:00+00:00
1979,TN,2011-04,Severe Storm,DR,2011-04-19 00:00:00+00:00
1978,TN,2011-04,Severe Storm,DR,2011-04-04 00:00:00+00:00
1974,TN,2011-04,Severe Storm,DR,2011-04-25 00:00:00+00:00
4005,TN,2011-06,Severe Storm,DR,2011-06-18 00:00:00+00:00
4060,TN,2012-02,Severe Storm,DR,2012-02-29 00:00:00+00:00
4171,TN,2014-03,Severe Ice Storm,DR,2014-03-02 00:00:00+00:00
4189,TN,2014-06,Severe Storm,DR,2014-06-05 00:00:00+00:00
4211,TN,2015-02,Severe Ice Storm,DR,2015-02-15 00:00:00+00:00
5167,TN,2016-11,Fire,FM,2016-11-28 00:00:00+00:00
5165,TN,2016-11,Fire,FM,2016-11-17 00:00:00+00:00
5160,TN,2016-11,Fire,FM,2016-11-11 00:00:00+00:00
5159,TN,2016-11,Fire,FM,2016-11-05 00:00:00+00:00
4293,TN,2016-11,Fire,DR,2016-11-28 00:00:00+00:00
4320,TN,2017-05,Severe Storm,DR,2017-05-27 00:00:00+00:00
4427,TN,2019-02,Flood,DR,2019-02-19 00:00:00+00:00
4471,TN,2019-10,Severe Storm,DR,2019-10-26 00:00:00+00:00
4514,TN,2020-01,Biological,DR,2020-01-20 00:00:00+00:00
3473,TN,2020-01,Biological,EM,2020-01-20 00:00:00+00:00
4476,TN,2020-03,Tornado,DR,2020-03-03 00:00:00+00:00
4541,TN,2020-04,Severe Storm,DR,2020-04-12 00:00:00+00:00
4550,TN,2020-05,Severe Storm,DR,2020-05-03 00:00:00+00:00
3552,TN,2020-12,Other,EM,2020-12-25 00:00:00+00:00
4594,TN,2021-02,Severe Ice Storm,DR,2021-02-11 00:00:00+00:00
4601,TN,2021-03,Tornado,DR,2021-03-25 00:00:00+00:00
4609,TN,2021-08,Flood,DR,2021-08-21 00:00:00+00:00
4637,TN,2021-12,Tornado,DR,2021-12-10 00:00:00+00:00
3576,TN,2021-12,Tornado,EM,2021-12-10 00:00:00+00:00
4645,TN,2022-02,Severe Storm,DR,2022-02-03 00:00:00+00:00
4691,TN,2022-12,Winter Storm,DR,2022-12-22 00:00:00+00:00
4712,TN,2023-03,Severe Storm,DR,2023-03-01 00:00:00+00:00
4701,TN,2023-03,Severe Storm,DR,2023-03-31 00:00:00+00:00
4729,TN,2023-06,Severe Storm,DR,2023-06-25 00:00:00+00:00
4735,TN,2023-07,Severe Storm,DR,2023-07-18 00:00:00+00:00
4742,TN,2023-08,Severe Storm,DR,2023-08-07 00:00:00+00:00
4751,TN,2023-12,Severe Storm,DR,2023-12-09 00:00:00+00:00
4792,TN,2024-05,Severe Storm,DR,2024-05-08 00:00:00+00:00
4832,TN,2024-09,Tropical Storm,DR,2024-09-26 00:00:00+00:00
3620,TN,2024-09,Tropical Storm,EM,2024-09-26 00:00:00+00:00
4878,TN,2025-04,Severe Storm,DR,2025-04-02 00:00:00+00:00
3625,TN,2025-04,Severe Storm,EM,2025-04-02 00:00:00+00:00
3635,TN,2026-01,Winter Storm,EM,2026-01-22 00:00:00+00:00
4898,TN,2026-01,Winter Storm,DR,2026-01-22 00:00:00+00:00
2,TX,1953-05,Tornado,DR,1953-05-15 00:00:00+00:00
9,TX,1953-06,Flood,DR,1953-06-19 00:00:00+00:00
18,TX,1954-07,Flood,DR,1954-07-01 00:00:00+00:00
72,TX,1957-04,Hurricane,DR,1957-04-29 00:00:00+00:00
85,TX,1958-06,Tornado,DR,1958-06-06 00:00:00+00:00
93,TX,1959-07,Flood,DR,1959-07-08 00:00:00+00:00
103,TX,1960-07,Severe Storm,DR,1960-07-15 00:00:00+00:00
118,TX,1961-09,Hurricane,DR,1961-09-16 00:00:00+00:00
159,TX,1963-09,Hurricane,DR,1963-09-24 00:00:00+00:00
199,TX,1965-06,Tornado,DR,1965-06-19 00:00:00+00:00
218,TX,1966-05,Flood,DR,1966-05-12 00:00:00+00:00
222,TX,1966-09,Flood,DR,1966-09-27 00:00:00+00:00
232,TX,1967-09,Hurricane,DR,1967-09-28 00:00:00+00:00
244,TX,1968-06,Flood,DR,1968-06-10 00:00:00+00:00
246,TX,1968-07,Flood,DR,1968-07-05 00:00:00+00:00
286,TX,1970-05,Tornado,DR,1970-05-13 00:00:00+00:00
292,TX,1970-08,Hurricane,DR,1970-08-04 00:00:00+00:00
313,TX,1971-09,Flood,DR,1971-09-18 00:00:00+00:00
320,TX,1972-01,Flood,DR,1972-01-27 00:00:00+00:00
333,TX,1972-05,Flood,DR,1972-05-20 00:00:00+00:00
365,TX,1973-03,Severe Storm,DR,1973-03-12 00:00:00+00:00
393,TX,1973-06,Flood,DR,1973-06-25 00:00:00+00:00
398,TX,1973-07,Flood,DR,1973-07-11 00:00:00+00:00
454,TX,1974-11,Flood,DR,1974-11-30 00:00:00+00:00
457,TX,1975-02,Flood,DR,1975-02-15 00:00:00+00:00
462,TX,1975-04,Tornado,DR,1975-04-01 00:00:00+00:00
510,TX,1976-06,Flood,DR,1976-06-19 00:00:00+00:00
561,TX,1978-08,Flood,DR,1978-08-03 00:00:00+00:00
580,TX,1979-04,Severe Storm,DR,1979-04-26 00:00:00+00:00
575,TX,1979-04,Tornado,DR,1979-04-11 00:00:00+00:00
587,TX,1979-06,Flood,DR,1979-06-14 00:00:00+00:00
595,TX,1979-07,Flood,DR,1979-07-28 00:00:00+00:00
603,TX,1979-09,Flood,DR,1979-09-25 00:00:00+00:00
627,TX,1980-08,Hurricane,DR,1980-08-11 00:00:00+00:00
632,TX,1980-09,Flood,DR,1980-09-26 00:00:00+00:00
646,TX,1981-09,Flood,DR,1981-09-21 00:00:00+00:00
648,TX,1981-10,Flood,DR,1981-10-23 00:00:00+00:00
655,TX,1982-04,Tornado,DR,1982-04-08 00:00:00+00:00
659,TX,1982-05,Flood,DR,1982-05-25 00:00:00+00:00
689,TX,1983-08,Hurricane,DR,1983-08-18 00:00:00+00:00
696,TX,1983-12,Freezing,DR,1983-12-22 00:00:00+00:00
726,TX,1984-09,Flood,DR,1984-09-16 00:00:00+00:00
727,TX,1984-10,Flood,DR,1984-10-30 00:00:00+00:00
763,TX,1986-04,Tornado,DR,1986-04-19 00:00:00+00:00
772,TX,1986-05,Tornado,DR,1986-05-01 00:00:00+00:00
793,TX,1987-05,Tornado,DR,1987-05-22 00:00:00+00:00
802,TX,1987-11,Tornado,DR,1987-11-15 00:00:00+00:00
2067,TX,1988-03,Fire,FM,1988-03-12 00:00:00+00:00
816,TX,1988-09,Hurricane,DR,1988-09-15 00:00:00+00:00
823,TX,1989-03,Flood,DR,1989-03-28 00:00:00+00:00
828,TX,1989-05,Severe Storm,DR,1989-05-04 00:00:00+00:00
836,TX,1989-06,Flood,DR,1989-06-25 00:00:00+00:00
850,TX,1989-12,Freezing,DR,1989-12-21 00:00:00+00:00
863,TX,1990-04,Severe Storm,DR,1990-04-15 00:00:00+00:00
900,TX,1991-04,Severe Storm,DR,1991-04-05 00:00:00+00:00
930,TX,1991-12,Flood,DR,1991-12-20 00:00:00+00:00
937,TX,1992-03,Flood,DR,1992-03-04 00:00:00+00:00
960,TX,1992-05,Severe Storm,DR,1992-05-01 00:00:00+00:00
949,TX,1992-06,Tornado,DR,1992-06-27 00:00:00+00:00
970,TX,1992-11,Tornado,DR,1992-11-21 00:00:00+00:00
2092,TX,1993-04,Fire,FM,1993-04-02 00:00:00+00:00
2091,TX,1993-05,Fire,FM,1993-05-22 00:00:00+00:00
3113,TX,1993-08,Drought,EM,1993-08-30 00:00:00+00:00
2090,TX,1993-08,Fire,FM,1993-08-21 00:00:00+00:00
1026,TX,1994-04,Severe Storm,DR,1994-04-25 00:00:00+00:00
2100,TX,1994-07,Fire,FM,1994-07-01 00:00:00+00:00
1041,TX,1994-10,Flood,DR,1994-10-14 00:00:00+00:00
1056,TX,1995-05,Severe Storm,DR,1995-05-28 00:00:00+00:00
3117,TX,1996-02,Fire,EM,1996-02-23 00:00:00+00:00
2152,TX,1996-02,Fire,FM,1996-02-22 00:00:00+00:00
2121,TX,1996-02,Fire,FM,1996-02-26 00:00:00+00:00
2117,TX,1996-02,Fire,FM,1996-02-21 00:00:00+00:00
2163,TX,1996-03,Fire,FM,1996-03-31 00:00:00+00:00
2162,TX,1996-03,Fire,FM,1996-03-03 00:00:00+00:00
2161,TX,1996-03,Fire,FM,1996-03-30 00:00:00+00:00
2160,TX,1996-03,Fire,FM,1996-03-30 00:00:00+00:00
2159,TX,1996-03,Fire,FM,1996-03-24 00:00:00+00:00
2158,TX,1996-03,Fire,FM,1996-03-24 00:00:00+00:00
2157,TX,1996-03,Fire,FM,1996-03-24 00:00:00+00:00
2156,TX,1996-03,Fire,FM,1996-03-24 00:00:00+00:00
2155,TX,1996-03,Fire,FM,1996-03-23 00:00:00+00:00
2154,TX,1996-03,Fire,FM,1996-03-23 00:00:00+00:00
2153,TX,1996-03,Fire,FM,1996-03-23 00:00:00+00:00
2151,TX,1996-03,Fire,FM,1996-03-19 00:00:00+00:00
2150,TX,1996-03,Fire,FM,1996-03-19 00:00:00+00:00
2149,TX,1996-03,Fire,FM,1996-03-19 00:00:00+00:00
2148,TX,1996-03,Fire,FM,1996-03-19 00:00:00+00:00
2147,TX,1996-03,Fire,FM,1996-03-19 00:00:00+00:00
2146,TX,1996-03,Fire,FM,1996-03-14 00:00:00+00:00
2145,TX,1996-03,Fire,FM,1996-03-14 00:00:00+00:00
2143,TX,1996-03,Fire,FM,1996-03-14 00:00:00+00:00
2142,TX,1996-03,Fire,FM,1996-03-14 00:00:00+00:00
2141,TX,1996-03,Fire,FM,1996-03-12 00:00:00+00:00
2139,TX,1996-03,Fire,FM,1996-03-12 00:00:00+00:00
2138,TX,1996-03,Fire,FM,1996-03-12 00:00:00+00:00
2137,TX,1996-03,Fire,FM,1996-03-12 00:00:00+00:00
2135,TX,1996-03,Fire,FM,1996-03-11 00:00:00+00:00
2134,TX,1996-03,Fire,FM,1996-03-11 00:00:00+00:00
2133,TX,1996-03,Fire,FM,1996-03-11 00:00:00+00:00
2132,TX,1996-03,Fire,FM,1996-03-10 00:00:00+00:00
2131,TX,1996-03,Fire,FM,1996-03-10 00:00:00+00:00
2130,TX,1996-03,Fire,FM,1996-03-07 00:00:00+00:00
2129,TX,1996-03,Fire,FM,1996-03-07 00:00:00+00:00
2128,TX,1996-03,Fire,FM,1996-03-07 00:00:00+00:00
2127,TX,1996-03,Fire,FM,1996-03-07 00:00:00+00:00
2126,TX,1996-03,Fire,FM,1996-03-06 00:00:00+00:00
2125,TX,1996-03,Fire,FM,1996-03-05 00:00:00+00:00
2124,TX,1996-03,Fire,FM,1996-03-04 00:00:00+00:00
2123,TX,1996-03,Fire,FM,1996-03-03 00:00:00+00:00
2122,TX,1996-03,Fire,FM,1996-03-02 00:00:00+00:00
2174,TX,1996-04,Fire,FM,1996-04-25 00:00:00+00:00
2172,TX,1996-04,Fire,FM,1996-04-16 00:00:00+00:00
2171,TX,1996-04,Fire,FM,1996-04-16 00:00:00+00:00
2170,TX,1996-04,Fire,FM,1996-04-15 00:00:00+00:00
2169,TX,1996-04,Fire,FM,1996-04-14 00:00:00+00:00
2168,TX,1996-04,Fire,FM,1996-04-03 00:00:00+00:00
2167,TX,1996-04,Fire,FM,1996-04-02 00:00:00+00:00
2166,TX,1996-04,Fire,FM,1996-04-02 00:00:00+00:00
2165,TX,1996-04,Fire,FM,1996-04-02 00:00:00+00:00
2164,TX,1996-04,Fire,FM,1996-04-01 00:00:00+00:00
2179,TX,1996-05,Fire,FM,1996-05-24 00:00:00+00:00
2175,TX,1996-05,Fire,FM,1996-05-01 00:00:00+00:00
2184,TX,1996-07,Fire,FM,1996-07-07 00:00:00+00:00
1179,TX,1997-06,Flood,DR,1997-06-21 00:00:00+00:00
2199,TX,1998-05,Fire,FM,1998-05-20 00:00:00+00:00
2198,TX,1998-05,Fire,FM,1998-05-10 00:00:00+00:00
3127,TX,1998-06,Fire,EM,1998-06-04 00:00:00+00:00
2216,TX,1998-06,Fire,FM,1998-06-29 00:00:00+00:00
2210,TX,1998-06,Fire,FM,1998-06-20 00:00:00+00:00
2202,TX,1998-06,Fire,FM,1998-06-22 00:00:00+00:00
2285,TX,1998-07,Fire,FM,1998-07-27 00:00:00+00:00
2284,TX,1998-07,Fire,FM,1998-07-07 00:00:00+00:00
2229,TX,1998-07,Fire,FM,1998-07-31 00:00:00+00:00
2228,TX,1998-07,Fire,FM,1998-07-31 00:00:00+00:00
2227,TX,1998-07,Fire,FM,1998-07-30 00:00:00+00:00
2224,TX,1998-07,Fire,FM,1998-07-26 00:00:00+00:00
2223,TX,1998-07,Fire,FM,1998-07-26 00:00:00+00:00
2222,TX,1998-07,Fire,FM,1998-07-23 00:00:00+00:00
2221,TX,1998-07,Fire,FM,1998-07-23 00:00:00+00:00
2220,TX,1998-07,Fire,FM,1998-07-15 00:00:00+00:00
2219,TX,1998-07,Fire,FM,1998-07-12 00:00:00+00:00
2218,TX,1998-07,Fire,FM,1998-07-10 00:00:00+00:00
2217,TX,1998-07,Fire,FM,1998-07-02 00:00:00+00:00
2235,TX,1998-08,Fire,FM,1998-08-05 00:00:00+00:00
2234,TX,1998-08,Fire,FM,1998-08-03 00:00:00+00:00
2233,TX,1998-08,Fire,FM,1998-08-03 00:00:00+00:00
2232,TX,1998-08,Fire,FM,1998-08-02 00:00:00+00:00
2231,TX,1998-08,Fire,FM,1998-08-02 00:00:00+00:00
2230,TX,1998-08,Fire,FM,1998-08-01 00:00:00+00:00
1239,TX,1998-08,Severe Storm,DR,1998-08-22 00:00:00+00:00
2246,TX,1998-09,Fire,FM,1998-09-09 00:00:00+00:00
2245,TX,1998-09,Fire,FM,1998-09-08 00:00:00+00:00
2244,TX,1998-09,Fire,FM,1998-09-05 00:00:00+00:00
2242,TX,1998-09,Fire,FM,1998-09-04 00:00:00+00:00
2241,TX,1998-09,Fire,FM,1998-09-04 00:00:00+00:00
2240,TX,1998-09,Fire,FM,1998-09-04 00:00:00+00:00
2239,TX,1998-09,Fire,FM,1998-09-04 00:00:00+00:00
2238,TX,1998-09,Fire,FM,1998-09-02 00:00:00+00:00
1245,TX,1998-09,Severe Storm,DR,1998-09-09 00:00:00+00:00
1257,TX,1998-10,Flood,DR,1998-10-17 00:00:00+00:00
2249,TX,1999-03,Fire,FM,1999-03-03 00:00:00+00:00
1274,TX,1999-05,Tornado,DR,1999-05-04 00:00:00+00:00
3142,TX,1999-08,Fire,EM,1999-08-01 00:00:00+00:00
2274,TX,1999-08,Fire,FM,1999-08-31 00:00:00+00:00
2273,TX,1999-08,Fire,FM,1999-08-31 00:00:00+00:00
2272,TX,1999-08,Fire,FM,1999-08-26 00:00:00+00:00
2270,TX,1999-08,Fire,FM,1999-08-21 00:00:00+00:00
1287,TX,1999-08,Hurricane,DR,1999-08-21 00:00:00+00:00
2282,TX,1999-09,Fire,FM,1999-09-19 00:00:00+00:00
2275,TX,1999-09,Fire,FM,1999-09-16 00:00:00+00:00
2286,TX,1999-10,Fire,FM,1999-10-26 00:00:00+00:00
2287,TX,1999-11,Fire,FM,1999-11-22 00:00:00+00:00
2291,TX,2000-01,Fire,FM,2000-01-05 00:00:00+00:00
2290,TX,2000-01,Fire,FM,2000-01-04 00:00:00+00:00
2289,TX,2000-01,Fire,FM,2000-01-03 00:00:00+00:00
1323,TX,2000-03,Tornado,DR,2000-03-28 00:00:00+00:00
2351,TX,2000-08,Fire,FM,2000-08-28 00:00:00+00:00
2327,TX,2000-08,Fire,FM,2000-08-30 00:00:00+00:00
2325,TX,2000-08,Fire,FM,2000-08-26 00:00:00+00:00
2322,TX,2000-08,Fire,FM,2000-08-23 00:00:00+00:00
2352,TX,2000-09,Fire,FM,2000-09-04 00:00:00+00:00
2340,TX,2000-09,Fire,FM,2000-09-17 00:00:00+00:00
2336,TX,2000-09,Fire,FM,2000-09-09 00:00:00+00:00
2335,TX,2000-09,Fire,FM,2000-09-08 00:00:00+00:00
2334,TX,2000-09,Fire,FM,2000-09-06 00:00:00+00:00
2333,TX,2000-09,Fire,FM,2000-09-06 00:00:00+00:00
2332,TX,2000-09,Fire,FM,2000-09-04 00:00:00+00:00
2331,TX,2000-09,Fire,FM,2000-09-04 00:00:00+00:00
2330,TX,2000-09,Fire,FM,2000-09-04 00:00:00+00:00
2329,TX,2000-09,Fire,FM,2000-09-04 00:00:00+00:00
2328,TX,2000-09,Fire,FM,2000-09-03 00:00:00+00:00
2344,TX,2000-10,Fire,FM,2000-10-02 00:00:00+00:00
1356,TX,2000-12,Severe Ice Storm,DR,2000-12-12 00:00:00+00:00
1379,TX,2001-06,Coastal Storm,DR,2001-06-05 00:00:00+00:00
1425,TX,2002-06,Flood,DR,2002-06-29 00:00:00+00:00
1434,TX,2002-09,Coastal Storm,DR,2002-09-06 00:00:00+00:00
1439,TX,2002-10,Severe Storm,DR,2002-10-24 00:00:00+00:00
3171,TX,2003-02,Other,EM,2003-02-01 00:00:00+00:00
1479,TX,2003-07,Hurricane,DR,2003-07-15 00:00:00+00:00
3216,TX,2005-08,Hurricane,EM,2005-08-29 00:00:00+00:00
3261,TX,2005-09,Hurricane,EM,2005-09-20 00:00:00+00:00
1606,TX,2005-09,Hurricane,DR,2005-09-23 00:00:00+00:00
1624,TX,2005-11,Fire,DR,2005-11-27 00:00:00+00:00
2593,TX,2005-12,Fire,FM,2005-12-27 00:00:00+00:00
2591,TX,2005-12,Fire,FM,2005-12-27 00:00:00+00:00
2610,TX,2006-01,Fire,FM,2006-01-05 00:00:00+00:00
2622,TX,2006-01,Fire,FM,2006-01-19 00:00:00+00:00
2621,TX,2006-01,Fire,FM,2006-01-17 00:00:00+00:00
2620,TX,2006-01,Fire,FM,2006-01-14 00:00:00+00:00
2619,TX,2006-01,Fire,FM,2006-01-13 00:00:00+00:00
2617,TX,2006-01,Fire,FM,2006-01-11 00:00:00+00:00
2614,TX,2006-01,Fire,FM,2006-01-08 00:00:00+00:00
2612,TX,2006-01,Fire,FM,2006-01-07 00:00:00+00:00
2611,TX,2006-01,Fire,FM,2006-01-05 00:00:00+00:00
2609,TX,2006-01,Fire,FM,2006-01-05 00:00:00+00:00
2598,TX,2006-01,Fire,FM,2006-01-01 00:00:00+00:00
2596,TX,2006-01,Fire,FM,2006-01-01 00:00:00+00:00
2629,TX,2006-02,Fire,FM,2006-02-05 00:00:00+00:00
2639,TX,2006-05,Fire,FM,2006-05-26 00:00:00+00:00
2651,TX,2006-06,Fire,FM,2006-06-27 00:00:00+00:00
1658,TX,2006-07,Severe Storm,DR,2006-07-27 00:00:00+00:00
2667,TX,2006-08,Fire,FM,2006-08-18 00:00:00+00:00
2666,TX,2006-08,Fire,FM,2006-08-16 00:00:00+00:00
2675,TX,2006-09,Fire,FM,2006-09-14 00:00:00+00:00
2680,TX,2006-11,Fire,FM,2006-11-15 00:00:00+00:00
1697,TX,2007-04,Severe Storm,DR,2007-04-21 00:00:00+00:00
1709,TX,2007-06,Severe Storm,DR,2007-06-16 00:00:00+00:00
3277,TX,2007-08,Hurricane,EM,2007-08-17 00:00:00+00:00
1730,TX,2007-08,Severe Storm,DR,2007-08-14 00:00:00+00:00
2748,TX,2008-02,Fire,FM,2008-02-25 00:00:00+00:00
2747,TX,2008-02,Fire,FM,2008-02-25 00:00:00+00:00
2745,TX,2008-02,Fire,FM,2008-02-25 00:00:00+00:00
2744,TX,2008-02,Fire,FM,2008-02-23 00:00:00+00:00
2743,TX,2008-02,Fire,FM,2008-02-13 00:00:00+00:00
2742,TX,2008-02,Fire,FM,2008-02-08 00:00:00+00:00
3284,TX,2008-03,Fire,EM,2008-03-14 00:00:00+00:00
2758,TX,2008-03,Fire,FM,2008-03-31 00:00:00+00:00
2757,TX,2008-03,Fire,FM,2008-03-27 00:00:00+00:00
2755,TX,2008-03,Fire,FM,2008-03-19 00:00:00+00:00
2754,TX,2008-03,Fire,FM,2008-03-18 00:00:00+00:00
2753,TX,2008-03,Fire,FM,2008-03-15 00:00:00+00:00
2752,TX,2008-03,Fire,FM,2008-03-14 00:00:00+00:00
2751,TX,2008-03,Fire,FM,2008-03-14 00:00:00+00:00
2750,TX,2008-03,Fire,FM,2008-03-11 00:00:00+00:00
2749,TX,2008-03,Fire,FM,2008-03-03 00:00:00+00:00
2761,TX,2008-04,Fire,FM,2008-04-16 00:00:00+00:00
2759,TX,2008-04,Fire,FM,2008-04-10 00:00:00+00:00
2764,TX,2008-05,Fire,FM,2008-05-01 00:00:00+00:00
2774,TX,2008-06,Fire,FM,2008-06-16 00:00:00+00:00
2768,TX,2008-06,Fire,FM,2008-06-04 00:00:00+00:00
2767,TX,2008-06,Fire,FM,2008-06-03 00:00:00+00:00
1780,TX,2008-07,Hurricane,DR,2008-07-22 00:00:00+00:00
3290,TX,2008-08,Hurricane,EM,2008-08-27 00:00:00+00:00
2785,TX,2008-08,Fire,FM,2008-08-07 00:00:00+00:00
3294,TX,2008-09,Hurricane,EM,2008-09-07 00:00:00+00:00
1791,TX,2008-09,Hurricane,DR,2008-09-07 00:00:00+00:00
2796,TX,2009-02,Fire,FM,2009-02-28 00:00:00+00:00
2795,TX,2009-02,Fire,FM,2009-02-27 00:00:00+00:00
2794,TX,2009-02,Fire,FM,2009-02-25 00:00:00+00:00
2800,TX,2009-03,Fire,FM,2009-03-20 00:00:00+00:00
2798,TX,2009-03,Fire,FM,2009-03-05 00:00:00+00:00
2797,TX,2009-03,Fire,FM,2009-03-03 00:00:00+00:00
2815,TX,2009-04,Fire,FM,2009-04-09 00:00:00+00:00
2814,TX,2009-04,Fire,FM,2009-04-09 00:00:00+00:00
2810,TX,2009-04,Fire,FM,2009-04-09 00:00:00+00:00
2807,TX,2009-04,Fire,FM,2009-04-09 00:00:00+00:00
2806,TX,2009-04,Fire,FM,2009-04-09 00:00:00+00:00
2805,TX,2009-04,Fire,FM,2009-04-09 00:00:00+00:00
2804,TX,2009-04,Fire,FM,2009-04-07 00:00:00+00:00
2803,TX,2009-04,Fire,FM,2009-04-05 00:00:00+00:00
2802,TX,2009-04,Fire,FM,2009-04-04 00:00:00+00:00
2801,TX,2009-04,Fire,FM,2009-04-02 00:00:00+00:00
3313,TX,2010-06,Hurricane,EM,2010-06-27 00:00:00+00:00
1931,TX,2010-06,Hurricane,DR,2010-06-30 00:00:00+00:00
2865,TX,2011-02,Fire,FM,2011-02-27 00:00:00+00:00
2864,TX,2011-02,Fire,FM,2011-02-27 00:00:00+00:00
2863,TX,2011-02,Fire,FM,2011-02-27 00:00:00+00:00
2862,TX,2011-02,Fire,FM,2011-02-27 00:00:00+00:00
2870,TX,2011-03,Fire,FM,2011-03-11 00:00:00+00:00
2867,TX,2011-03,Fire,FM,2011-03-11 00:00:00+00:00
2905,TX,2011-04,Fire,FM,2011-04-29 00:00:00+00:00
2904,TX,2011-04,Fire,FM,2011-04-29 00:00:00+00:00
2903,TX,2011-04,Fire,FM,2011-04-26 00:00:00+00:00
2901,TX,2011-04,Fire,FM,2011-04-26 00:00:00+00:00
2899,TX,2011-04,Fire,FM,2011-04-14 00:00:00+00:00
2898,TX,2011-04,Fire,FM,2011-04-17 00:00:00+00:00
2896,TX,2011-04,Fire,FM,2011-04-15 00:00:00+00:00
2895,TX,2011-04,Fire,FM,2011-04-16 00:00:00+00:00
2894,TX,2011-04,Fire,FM,2011-04-15 00:00:00+00:00
2893,TX,2011-04,Fire,FM,2011-04-09 00:00:00+00:00
2892,TX,2011-04,Fire,FM,2011-04-11 00:00:00+00:00
2891,TX,2011-04,Fire,FM,2011-04-15 00:00:00+00:00
2889,TX,2011-04,Fire,FM,2011-04-11 00:00:00+00:00
2888,TX,2011-04,Fire,FM,2011-04-13 00:00:00+00:00
2886,TX,2011-04,Fire,FM,2011-04-09 00:00:00+00:00
2885,TX,2011-04,Fire,FM,2011-04-09 00:00:00+00:00
2884,TX,2011-04,Fire,FM,2011-04-06 00:00:00+00:00
2882,TX,2011-04,Fire,FM,2011-04-04 00:00:00+00:00
2881,TX,2011-04,Fire,FM,2011-04-03 00:00:00+00:00
1999,TX,2011-04,Fire,DR,2011-04-06 00:00:00+00:00
2913,TX,2011-05,Fire,FM,2011-05-29 00:00:00+00:00
2912,TX,2011-05,Fire,FM,2011-05-29 00:00:00+00:00
2911,TX,2011-05,Fire,FM,2011-05-29 00:00:00+00:00
2910,TX,2011-05,Fire,FM,2011-05-24 00:00:00+00:00
2908,TX,2011-05,Fire,FM,2011-05-09 00:00:00+00:00
2906,TX,2011-05,Fire,FM,2011-05-08 00:00:00+00:00
2931,TX,2011-06,Fire,FM,2011-06-20 00:00:00+00:00
2930,TX,2011-06,Fire,FM,2011-06-20 00:00:00+00:00
2929,TX,2011-06,Fire,FM,2011-06-19 00:00:00+00:00
2928,TX,2011-06,Fire,FM,2011-06-19 00:00:00+00:00
2927,TX,2011-06,Fire,FM,2011-06-19 00:00:00+00:00
2926,TX,2011-06,Fire,FM,2011-06-18 00:00:00+00:00
2925,TX,2011-06,Fire,FM,2011-06-18 00:00:00+00:00
2924,TX,2011-06,Fire,FM,2011-06-17 00:00:00+00:00
2922,TX,2011-06,Fire,FM,2011-06-16 00:00:00+00:00
2916,TX,2011-06,Fire,FM,2011-06-03 00:00:00+00:00
2914,TX,2011-06,Fire,FM,2011-06-02 00:00:00+00:00
2937,TX,2011-07,Fire,FM,2011-07-11 00:00:00+00:00
4029,TX,2011-08,Fire,DR,2011-08-30 00:00:00+00:00
2952,TX,2011-08,Fire,FM,2011-08-30 00:00:00+00:00
2949,TX,2011-08,Fire,FM,2011-08-15 00:00:00+00:00
2968,TX,2011-09,Fire,FM,2011-09-09 00:00:00+00:00
2967,TX,2011-09,Fire,FM,2011-09-08 00:00:00+00:00
2965,TX,2011-09,Fire,FM,2011-09-04 00:00:00+00:00
2964,TX,2011-09,Fire,FM,2011-09-05 00:00:00+00:00
2963,TX,2011-09,Fire,FM,2011-09-05 00:00:00+00:00
2962,TX,2011-09,Fire,FM,2011-09-05 00:00:00+00:00
2960,TX,2011-09,Fire,FM,2011-09-04 00:00:00+00:00
2959,TX,2011-09,Fire,FM,2011-09-04 00:00:00+00:00
2958,TX,2011-09,Fire,FM,2011-09-04 00:00:00+00:00
2957,TX,2011-09,Fire,FM,2011-09-04 00:00:00+00:00
2976,TX,2012-04,Fire,FM,2012-04-24 00:00:00+00:00
4136,TX,2013-04,Other,DR,2013-04-17 00:00:00+00:00
3363,TX,2013-04,Other,EM,2013-04-17 00:00:00+00:00
4159,TX,2013-10,Severe Storm,DR,2013-10-30 00:00:00+00:00
5053,TX,2014-05,Fire,FM,2014-05-11 00:00:00+00:00
4223,TX,2015-05,Severe Storm,DR,2015-05-04 00:00:00+00:00
5116,TX,2015-10,Fire,FM,2015-10-13 00:00:00+00:00
4245,TX,2015-10,Severe Storm,DR,2015-10-22 00:00:00+00:00
4255,TX,2015-12,Severe Storm,DR,2015-12-26 00:00:00+00:00
4266,TX,2016-03,Flood,DR,2016-03-07 00:00:00+00:00
4269,TX,2016-04,Flood,DR,2016-04-17 00:00:00+00:00
4272,TX,2016-05,Flood,DR,2016-05-22 00:00:00+00:00
4332,TX,2017-08,Hurricane,DR,2017-08-23 00:00:00+00:00
5235,TX,2018-04,Fire,FM,2018-04-17 00:00:00+00:00
5234,TX,2018-04,Fire,FM,2018-04-13 00:00:00+00:00
5233,TX,2018-04,Fire,FM,2018-04-13 00:00:00+00:00
5237,TX,2018-05,Fire,FM,2018-05-02 00:00:00+00:00
4377,TX,2018-06,Flood,DR,2018-06-19 00:00:00+00:00
5264,TX,2018-07,Fire,FM,2018-07-29 00:00:00+00:00
5258,TX,2018-07,Fire,FM,2018-07-23 00:00:00+00:00
4416,TX,2018-09,Flood,DR,2018-09-10 00:00:00+00:00
4454,TX,2019-06,Flood,DR,2019-06-24 00:00:00+00:00
5288,TX,2019-08,Fire,FM,2019-08-16 00:00:00+00:00
4466,TX,2019-09,Flood,DR,2019-09-17 00:00:00+00:00
4485,TX,2020-01,Biological,DR,2020-01-20 00:00:00+00:00
3501,TX,2020-01,Biological,EM,2020-01-20 00:00:00+00:00
3458,TX,2020-01,Biological,EM,2020-01-20 00:00:00+00:00
3530,TX,2020-07,Hurricane,EM,2020-07-25 00:00:00+00:00
4572,TX,2020-08,Hurricane,DR,2020-08-23 00:00:00+00:00
3540,TX,2020-08,Hurricane,EM,2020-08-23 00:00:00+00:00
4586,TX,2021-02,Severe Ice Storm,DR,2021-02-11 00:00:00+00:00
3554,TX,2021-02,Severe Ice Storm,EM,2021-02-11 00:00:00+00:00
5420,TX,2021-12,Fire,FM,2021-12-10 00:00:00+00:00
5422,TX,2021-12,Fire,FM,2021-12-15 00:00:00+00:00
5427,TX,2022-03,Fire,FM,2022-03-17 00:00:00+00:00
5429,TX,2022-03,Fire,FM,2022-03-20 00:00:00+00:00
5428,TX,2022-03,Fire,FM,2022-03-17 00:00:00+00:00
5440,TX,2022-05,Fire,FM,2022-05-18 00:00:00+00:00
5443,TX,2022-07,Fire,FM,2022-07-07 00:00:00+00:00
5444,TX,2022-07,Fire,FM,2022-07-18 00:00:00+00:00
4705,TX,2023-01,Winter Storm,DR,2023-01-30 00:00:00+00:00
5488,TX,2024-02,Fire,FM,2024-02-27 00:00:00+00:00
5487,TX,2024-02,Fire,FM,2024-02-27 00:00:00+00:00
4781,TX,2024-04,Flood,DR,2024-04-26 00:00:00+00:00
4798,TX,2024-07,Hurricane,DR,2024-07-05 00:00:00+00:00
5573,TX,2025-03,Fire,FM,2025-03-19 00:00:00+00:00
5571,TX,2025-03,Fire,FM,2025-03-18 00:00:00+00:00
5570,TX,2025-03,Fire,FM,2025-03-15 00:00:00+00:00
5555,TX,2025-03,Fire,FM,2025-03-14 00:00:00+00:00
5553,TX,2025-03,Fire,FM,2025-03-04 00:00:00+00:00
5552,TX,2025-03,Fire,FM,2025-03-04 00:00:00+00:00
4871,TX,2025-03,Flood,DR,2025-03-26 00:00:00+00:00
4879,TX,2025-07,Flood,DR,2025-07-02 00:00:00+00:00
5619,TX,2026-02,Fire,FM,2026-02-17 00:00:00+00:00
5625,TX,2026-03,Fire,FM,2026-03-15 00:00:00+00:00
5634,TX,2026-05,Fire,FM,2026-05-18 00:00:00+00:00
5633,TX,2026-05,Fire,FM,2026-05-14 00:00:00+00:00
3024,UT,1977-01,Drought,EM,1977-01-20 00:00:00+00:00
680,UT,1983-04,Flood,DR,1983-04-13 00:00:00+00:00
720,UT,1984-08,Flood,DR,1984-08-17 00:00:00+00:00
760,UT,1986-02,Flood,DR,1986-02-12 00:00:00+00:00
820,UT,1989-01,Flood,DR,1989-01-01 00:00:00+00:00
2108,UT,1994-08,Fire,FM,1994-08-04 00:00:00+00:00
2107,UT,1994-08,Fire,FM,1994-08-06 00:00:00+00:00
1285,UT,1999-08,Tornado,DR,1999-08-11 00:00:00+00:00
2381,UT,2001-08,Fire,FM,2001-08-18 00:00:00+00:00
2437,UT,2002-06,Fire,FM,2002-06-30 00:00:00+00:00
2480,UT,2003-07,Fire,FM,2003-07-14 00:00:00+00:00
2521,UT,2004-06,Fire,FM,2004-06-16 00:00:00+00:00
1576,UT,2005-01,Severe Storm,DR,2005-01-08 00:00:00+00:00
1598,UT,2005-04,Flood,DR,2005-04-28 00:00:00+00:00
2564,UT,2005-06,Fire,FM,2005-06-27 00:00:00+00:00
3223,UT,2005-08,Coastal Storm,EM,2005-08-29 00:00:00+00:00
2703,UT,2007-06,Fire,FM,2007-06-30 00:00:00+00:00
2715,UT,2007-07,Fire,FM,2007-07-21 00:00:00+00:00
2707,UT,2007-07,Fire,FM,2007-07-06 00:00:00+00:00
2831,UT,2009-07,Fire,FM,2009-07-25 00:00:00+00:00
2859,UT,2010-09,Fire,FM,2010-09-19 00:00:00+00:00
1955,UT,2010-12,Flood,DR,2010-12-20 00:00:00+00:00
4011,UT,2011-04,Flood,DR,2011-04-18 00:00:00+00:00
4053,UT,2011-11,Severe Storm,DR,2011-11-30 00:00:00+00:00
2991,UT,2012-06,Fire,FM,2012-06-29 00:00:00+00:00
2990,UT,2012-06,Fire,FM,2012-06-27 00:00:00+00:00
2986,UT,2012-06,Fire,FM,2012-06-24 00:00:00+00:00
2983,UT,2012-06,Fire,FM,2012-06-22 00:00:00+00:00
2994,UT,2012-07,Fire,FM,2012-07-02 00:00:00+00:00
4088,UT,2012-09,Flood,DR,2012-09-11 00:00:00+00:00
5044,UT,2013-08,Fire,FM,2013-08-13 00:00:00+00:00
5065,UT,2014-07,Fire,FM,2014-07-21 00:00:00+00:00
5130,UT,2016-06,Fire,FM,2016-06-21 00:00:00+00:00
4311,UT,2017-02,Flood,DR,2017-02-07 00:00:00+00:00
5185,UT,2017-06,Fire,FM,2017-06-17 00:00:00+00:00
5206,UT,2017-09,Fire,FM,2017-09-05 00:00:00+00:00
5248,UT,2018-07,Fire,FM,2018-07-02 00:00:00+00:00
5267,UT,2018-08,Fire,FM,2018-08-06 00:00:00+00:00
5277,UT,2018-09,Fire,FM,2018-09-21 00:00:00+00:00
5292,UT,2019-08,Fire,FM,2019-08-30 00:00:00+00:00
4525,UT,2020-01,Biological,DR,2020-01-20 00:00:00+00:00
3478,UT,2020-01,Biological,EM,2020-01-20 00:00:00+00:00
4548,UT,2020-03,Earthquake,DR,2020-03-18 00:00:00+00:00
5317,UT,2020-06,Fire,FM,2020-06-28 00:00:00+00:00
5318,UT,2020-06,Fire,FM,2020-06-28 00:00:00+00:00
5321,UT,2020-07,Fire,FM,2020-07-13 00:00:00+00:00
4578,UT,2020-09,Severe Storm,DR,2020-09-07 00:00:00+00:00
5353,UT,2020-09,Fire,FM,2020-09-07 00:00:00+00:00
5388,UT,2021-06,Fire,FM,2021-06-05 00:00:00+00:00
5391,UT,2021-06,Fire,FM,2021-06-10 00:00:00+00:00
5408,UT,2021-08,Fire,FM,2021-08-14 00:00:00+00:00
4752,UT,2023-05,Flood,DR,2023-05-01 00:00:00+00:00
5504,UT,2024-07,Fire,FM,2024-07-07 00:00:00+00:00
5591,UT,2025-06,Fire,FM,2025-06-19 00:00:00+00:00
5598,UT,2025-07,Fire,FM,2025-07-10 00:00:00+00:00
5600,UT,2025-07,Fire,FM,2025-07-13 00:00:00+00:00
5639,UT,2026-06,Fire,FM,2026-06-19 00:00:00+00:00
5640,UT,2026-06,Fire,FM,2026-06-22 00:00:00+00:00
5641,UT,2026-06,Fire,FM,2026-06-27 00:00:00+00:00
68,VA,1957-02,Flood,DR,1957-02-01 00:00:00+00:00
123,VA,1962-03,Flood,DR,1962-03-09 00:00:00+00:00
149,VA,1963-03,Flood,DR,1963-03-21 00:00:00+00:00
274,VA,1969-08,Hurricane,DR,1969-08-23 00:00:00+00:00
339,VA,1972-06,Flood,DR,1972-06-23 00:00:00+00:00
359,VA,1972-10,Flood,DR,1972-10-10 00:00:00+00:00
358,VA,1972-10,Flood,DR,1972-10-07 00:00:00+00:00
3018,VA,1976-10,Drought,EM,1976-10-15 00:00:00+00:00
525,VA,1977-01,Freezing,DR,1977-01-26 00:00:00+00:00
530,VA,1977-04,Flood,DR,1977-04-07 00:00:00+00:00
3046,VA,1977-07,Drought,EM,1977-07-23 00:00:00+00:00
543,VA,1977-11,Flood,DR,1977-11-12 00:00:00+00:00
593,VA,1979-07,Flood,DR,1979-07-20 00:00:00+00:00
606,VA,1979-09,Flood,DR,1979-09-29 00:00:00+00:00
707,VA,1984-05,Flood,DR,1984-05-23 00:00:00+00:00
755,VA,1985-11,Flood,DR,1985-11-09 00:00:00+00:00
847,VA,1989-10,Flood,DR,1989-10-16 00:00:00+00:00
944,VA,1992-04,Flood,DR,1992-04-21 00:00:00+00:00
3112,VA,1993-03,Snowstorm,EM,1993-03-13 00:00:00+00:00
1007,VA,1993-08,Severe Storm,DR,1993-08-06 00:00:00+00:00
1014,VA,1994-02,Snowstorm,DR,1994-02-08 00:00:00+00:00
1021,VA,1994-03,Severe Storm,DR,1994-03-01 00:00:00+00:00
1059,VA,1995-06,Severe Storm,DR,1995-06-22 00:00:00+00:00
1098,VA,1996-01,Flood,DR,1996-01-19 00:00:00+00:00
1086,VA,1996-01,Snowstorm,DR,1996-01-06 00:00:00+00:00
1135,VA,1996-09,Hurricane,DR,1996-09-05 00:00:00+00:00
1242,VA,1998-08,Hurricane,DR,1998-08-25 00:00:00+00:00
1290,VA,1999-08,Hurricane,DR,1999-08-27 00:00:00+00:00
3147,VA,1999-09,Hurricane,EM,1999-09-13 00:00:00+00:00
1293,VA,1999-09,Hurricane,DR,1999-09-13 00:00:00+00:00
1318,VA,2000-01,Severe Storm,DR,2000-01-25 00:00:00+00:00
1386,VA,2001-07,Severe Storm,DR,2001-07-08 00:00:00+00:00
3168,VA,2001-09,Fire,EM,2001-09-11 00:00:00+00:00
1392,VA,2001-09,Terrorist,DR,2001-09-11 00:00:00+00:00
2394,VA,2001-11,Fire,FM,2001-11-19 00:00:00+00:00
2393,VA,2001-11,Fire,FM,2001-11-19 00:00:00+00:00
2390,VA,2001-11,Fire,FM,2001-11-14 00:00:00+00:00
2397,VA,2002-02,Fire,FM,2002-02-27 00:00:00+00:00
1406,VA,2002-03,Severe Storm,DR,2002-03-17 00:00:00+00:00
1411,VA,2002-04,Severe Storm,DR,2002-04-28 00:00:00+00:00
1458,VA,2003-02,Severe Storm,DR,2003-02-15 00:00:00+00:00
1491,VA,2003-09,Hurricane,DR,2003-09-18 00:00:00+00:00
1502,VA,2003-11,Severe Storm,DR,2003-11-18 00:00:00+00:00
1525,VA,2004-05,Severe Storm,DR,2004-05-24 00:00:00+00:00
1544,VA,2004-08,Severe Storm,DR,2004-08-30 00:00:00+00:00
1570,VA,2004-09,Severe Storm,DR,2004-09-27 00:00:00+00:00
3240,VA,2005-08,Hurricane,EM,2005-08-29 00:00:00+00:00
2637,VA,2006-04,Fire,FM,2006-04-15 00:00:00+00:00
1655,VA,2006-06,Severe Storm,DR,2006-06-23 00:00:00+00:00
1661,VA,2006-08,Severe Storm,DR,2006-08-29 00:00:00+00:00
1862,VA,2009-11,Severe Storm,DR,2009-11-11 00:00:00+00:00
1874,VA,2009-12,Snowstorm,DR,2009-12-18 00:00:00+00:00
1905,VA,2010-02,Snowstorm,DR,2010-02-05 00:00:00+00:00
2861,VA,2011-02,Fire,FM,2011-02-19 00:00:00+00:00
2860,VA,2011-02,Fire,FM,2011-02-19 00:00:00+00:00
4042,VA,2011-08,Earthquake,DR,2011-08-23 00:00:00+00:00
4024,VA,2011-08,Hurricane,DR,2011-08-26 00:00:00+00:00
3329,VA,2011-08,Hurricane,EM,2011-08-26 00:00:00+00:00
4045,VA,2011-09,Severe Storm,DR,2011-09-08 00:00:00+00:00
4072,VA,2012-06,Severe Storm,DR,2012-06-29 00:00:00+00:00
4092,VA,2012-10,Hurricane,DR,2012-10-26 00:00:00+00:00
3359,VA,2012-10,Hurricane,EM,2012-10-26 00:00:00+00:00
4262,VA,2016-01,Snowstorm,DR,2016-01-22 00:00:00+00:00
4291,VA,2016-10,Hurricane,DR,2016-10-07 00:00:00+00:00
4401,VA,2018-09,Hurricane,DR,2018-09-08 00:00:00+00:00
3403,VA,2018-09,Hurricane,EM,2018-09-13 00:00:00+00:00
4411,VA,2018-10,Hurricane,DR,2018-10-09 00:00:00+00:00
4512,VA,2020-01,Biological,DR,2020-01-20 00:00:00+00:00
3448,VA,2020-01,Biological,EM,2020-01-20 00:00:00+00:00
4602,VA,2021-02,Severe Ice Storm,DR,2021-02-11 00:00:00+00:00
4628,VA,2021-08,Flood,DR,2021-08-30 00:00:00+00:00
4644,VA,2022-01,Severe Storm,DR,2022-01-02 00:00:00+00:00
4674,VA,2022-07,Severe Storm,DR,2022-07-13 00:00:00+00:00
4831,VA,2024-09,Tropical Storm,DR,2024-09-25 00:00:00+00:00
3621,VA,2024-09,Tropical Storm,EM,2024-09-25 00:00:00+00:00
4863,VA,2025-02,Severe Storm,DR,2025-02-10 00:00:00+00:00
3631,VA,2026-01,Winter Storm,EM,2026-01-22 00:00:00+00:00
160,VT,1963-11,Drought,DR,1963-11-27 00:00:00+00:00
164,VT,1964-03,Flood,DR,1964-03-17 00:00:00+00:00
277,VT,1969-08,Flood,DR,1969-08-30 00:00:00+00:00
397,VT,1973-07,Flood,DR,1973-07-06 00:00:00+00:00
518,VT,1976-08,Flood,DR,1976-08-05 00:00:00+00:00
3053,VT,1977-09,Drought,EM,1977-09-06 00:00:00+00:00
712,VT,1984-06,Flood,DR,1984-06-06 00:00:00+00:00
840,VT,1989-08,Flood,DR,1989-08-04 00:00:00+00:00
875,VT,1990-07,Flood,DR,1990-07-04 00:00:00+00:00
938,VT,1992-03,Flood,DR,1992-03-11 00:00:00+00:00
990,VT,1993-04,Flood,DR,1993-04-24 00:00:00+00:00
1063,VT,1995-08,Severe Storm,DR,1995-08-04 00:00:00+00:00
1101,VT,1996-01,Flood,DR,1996-01-19 00:00:00+00:00
1124,VT,1996-06,Flood,DR,1996-06-12 00:00:00+00:00
1184,VT,1997-07,Flood,DR,1997-07-15 00:00:00+00:00
1201,VT,1998-01,Severe Storm,DR,1998-01-06 00:00:00+00:00
1228,VT,1998-06,Severe Storm,DR,1998-06-17 00:00:00+00:00
1307,VT,1999-09,Severe Storm,DR,1999-09-16 00:00:00+00:00
1336,VT,2000-07,Severe Storm,DR,2000-07-14 00:00:00+00:00
1358,VT,2000-12,Severe Storm,DR,2000-12-16 00:00:00+00:00
3167,VT,2001-03,Snowstorm,EM,2001-03-05 00:00:00+00:00
1428,VT,2002-06,Severe Storm,DR,2002-06-05 00:00:00+00:00
1488,VT,2003-07,Severe Storm,DR,2003-07-21 00:00:00+00:00
1559,VT,2004-08,Severe Storm,DR,2004-08-12 00:00:00+00:00
1698,VT,2007-04,Severe Storm,DR,2007-04-15 00:00:00+00:00
1715,VT,2007-07,Severe Storm,DR,2007-07-09 00:00:00+00:00
1778,VT,2008-06,Severe Storm,DR,2008-06-14 00:00:00+00:00
1790,VT,2008-07,Severe Storm,DR,2008-07-21 00:00:00+00:00
1784,VT,2008-07,Severe Storm,DR,2008-07-18 00:00:00+00:00
1816,VT,2008-12,Severe Ice Storm,DR,2008-12-11 00:00:00+00:00
1951,VT,2010-12,Severe Storm,DR,2010-12-01 00:00:00+00:00
1995,VT,2011-04,Severe Storm,DR,2011-04-23 00:00:00+00:00
4043,VT,2011-05,Severe Storm,DR,2011-05-20 00:00:00+00:00
4001,VT,2011-05,Severe Storm,DR,2011-05-26 00:00:00+00:00
4022,VT,2011-08,Hurricane,DR,2011-08-27 00:00:00+00:00
3338,VT,2011-08,Hurricane,EM,2011-08-26 00:00:00+00:00
4066,VT,2012-05,Severe Storm,DR,2012-05-29 00:00:00+00:00
4120,VT,2013-05,Flood,DR,2013-05-22 00:00:00+00:00
4140,VT,2013-06,Flood,DR,2013-06-25 00:00:00+00:00
4163,VT,2013-12,Severe Ice Storm,DR,2013-12-20 00:00:00+00:00
4178,VT,2014-04,Flood,DR,2014-04-15 00:00:00+00:00
4207,VT,2014-12,Severe Storm,DR,2014-12-09 00:00:00+00:00
4232,VT,2015-06,Severe Storm,DR,2015-06-09 00:00:00+00:00
4330,VT,2017-06,Severe Storm,DR,2017-06-29 00:00:00+00:00
4356,VT,2017-10,Severe Storm,DR,2017-10-29 00:00:00+00:00
4380,VT,2018-05,Severe Storm,DR,2018-05-04 00:00:00+00:00
4445,VT,2019-04,Flood,DR,2019-04-15 00:00:00+00:00
4474,VT,2019-10,Severe Storm,DR,2019-10-31 00:00:00+00:00
4532,VT,2020-01,Biological,DR,2020-01-20 00:00:00+00:00
3437,VT,2020-01,Biological,EM,2020-01-20 00:00:00+00:00
4621,VT,2021-07,Flood,DR,2021-07-29 00:00:00+00:00
3567,VT,2021-08,Hurricane,EM,2021-08-22 00:00:00+00:00
4695,VT,2022-12,Severe Storm,DR,2022-12-22 00:00:00+00:00
3595,VT,2023-07,Flood,EM,2023-07-09 00:00:00+00:00
4720,VT,2023-07,Flood,DR,2023-07-07 00:00:00+00:00
4744,VT,2023-08,Flood,DR,2023-08-03 00:00:00+00:00
4762,VT,2023-12,Severe Storm,DR,2023-12-18 00:00:00+00:00
4770,VT,2024-01,Severe Storm,DR,2024-01-09 00:00:00+00:00
4826,VT,2024-07,Flood,DR,2024-07-29 00:00:00+00:00
4810,VT,2024-07,Severe Storm,DR,2024-07-09 00:00:00+00:00
3609,VT,2024-08,Tropical Storm,EM,2024-08-08 00:00:00+00:00
4816,VT,2024-08,Flood,DR,2024-08-22 00:00:00+00:00
50,WA,1956-02,Flood,DR,1956-02-25 00:00:00+00:00
70,WA,1957-03,Flood,DR,1957-03-06 00:00:00+00:00
137,WA,1962-10,Severe Storm,DR,1962-10-20 00:00:00+00:00
146,WA,1963-03,Flood,DR,1963-03-02 00:00:00+00:00
185,WA,1964-12,Flood,DR,1964-12-29 00:00:00+00:00
196,WA,1965-05,Earthquake,DR,1965-05-11 00:00:00+00:00
2002,WA,1970-07,Fire,FM,1970-07-18 00:00:00+00:00
300,WA,1971-02,Flood,DR,1971-02-09 00:00:00+00:00
322,WA,1972-02,Flood,DR,1972-02-01 00:00:00+00:00
328,WA,1972-03,Flood,DR,1972-03-24 00:00:00+00:00
334,WA,1972-06,Flood,DR,1972-06-10 00:00:00+00:00
414,WA,1974-01,Flood,DR,1974-01-25 00:00:00+00:00
492,WA,1975-12,Flood,DR,1975-12-13 00:00:00+00:00
3037,WA,1977-03,Drought,EM,1977-03-31 00:00:00+00:00
545,WA,1977-12,Flood,DR,1977-12-10 00:00:00+00:00
3070,WA,1979-03,Flood,EM,1979-03-12 00:00:00+00:00
2033,WA,1979-07,Fire,FM,1979-07-23 00:00:00+00:00
612,WA,1979-12,Flood,DR,1979-12-31 00:00:00+00:00
623,WA,1980-05,Volcanic Eruption,DR,1980-05-21 00:00:00+00:00
3086,WA,1982-08,Flood,EM,1982-08-19 00:00:00+00:00
676,WA,1983-01,Flood,DR,1983-01-27 00:00:00+00:00
2058,WA,1985-08,Fire,FM,1985-08-30 00:00:00+00:00
757,WA,1986-01,Flood,DR,1986-01-16 00:00:00+00:00
762,WA,1986-02,Flood,DR,1986-02-22 00:00:00+00:00
769,WA,1986-05,Flood,DR,1986-05-20 00:00:00+00:00
784,WA,1986-11,Flood,DR,1986-11-22 00:00:00+00:00
2070,WA,1988-09,Fire,FM,1988-09-06 00:00:00+00:00
822,WA,1989-03,Flood,DR,1989-03-08 00:00:00+00:00
852,WA,1990-01,Flood,DR,1990-01-06 00:00:00+00:00
883,WA,1990-11,Flood,DR,1990-11-09 00:00:00+00:00
896,WA,1990-12,Flood,DR,1990-12-20 00:00:00+00:00
2079,WA,1991-10,Fire,FM,1991-10-16 00:00:00+00:00
922,WA,1991-10,Fire,DR,1991-10-16 00:00:00+00:00
2085,WA,1992-08,Fire,FM,1992-08-04 00:00:00+00:00
981,WA,1993-01,Severe Storm,DR,1993-01-20 00:00:00+00:00
1037,WA,1994-05,Fishing Losses,DR,1994-05-01 00:00:00+00:00
2105,WA,1994-07,Fire,FM,1994-07-26 00:00:00+00:00
2104,WA,1994-07,Fire,FM,1994-07-26 00:00:00+00:00
2103,WA,1994-07,Fire,FM,1994-07-24 00:00:00+00:00
2101,WA,1994-07,Fire,FM,1994-07-11 00:00:00+00:00
1079,WA,1995-11,Severe Storm,DR,1995-11-07 00:00:00+00:00
1100,WA,1996-01,Flood,DR,1996-01-26 00:00:00+00:00
2186,WA,1996-08,Fire,FM,1996-08-11 00:00:00+00:00
1152,WA,1996-11,Severe Ice Storm,DR,1996-11-19 00:00:00+00:00
1159,WA,1996-12,Severe Storm,DR,1996-12-26 00:00:00+00:00
1172,WA,1997-03,Flood,DR,1997-03-18 00:00:00+00:00
1182,WA,1997-04,Flood,DR,1997-04-10 00:00:00+00:00
2192,WA,1997-07,Fire,FM,1997-07-21 00:00:00+00:00
2193,WA,1997-08,Fire,FM,1997-08-14 00:00:00+00:00
2194,WA,1997-09,Fire,FM,1997-09-26 00:00:00+00:00
1255,WA,1998-03,Mud/Landslide,DR,1998-03-06 00:00:00+00:00
1252,WA,1998-05,Severe Storm,DR,1998-05-26 00:00:00+00:00
2225,WA,1998-07,Fire,FM,1998-07-28 00:00:00+00:00
2248,WA,1998-09,Fire,FM,1998-09-25 00:00:00+00:00
2237,WA,1998-09,Fire,FM,1998-09-03 00:00:00+00:00
2311,WA,2000-06,Fire,FM,2000-06-28 00:00:00+00:00
2313,WA,2000-07,Fire,FM,2000-07-22 00:00:00+00:00
2323,WA,2000-08,Fire,FM,2000-08-23 00:00:00+00:00
1361,WA,2001-02,Earthquake,DR,2001-02-28 00:00:00+00:00
2368,WA,2001-07,Fire,FM,2001-07-28 00:00:00+00:00
2379,WA,2001-08,Fire,FM,2001-08-13 00:00:00+00:00
2378,WA,2001-08,Fire,FM,2001-08-16 00:00:00+00:00
2377,WA,2001-08,Fire,FM,2001-08-15 00:00:00+00:00
2376,WA,2001-08,Fire,FM,2001-08-14 00:00:00+00:00
2374,WA,2001-08,Fire,FM,2001-08-14 00:00:00+00:00
2373,WA,2001-08,Fire,FM,2001-08-13 00:00:00+00:00
2372,WA,2001-08,Fire,FM,2001-08-13 00:00:00+00:00
2451,WA,2002-07,Fire,FM,2002-07-24 00:00:00+00:00
2449,WA,2002-07,Fire,FM,2002-07-20 00:00:00+00:00
2481,WA,2003-07,Fire,FM,2003-07-15 00:00:00+00:00
2477,WA,2003-07,Fire,FM,2003-07-11 00:00:00+00:00
2498,WA,2003-09,Fire,FM,2003-09-05 00:00:00+00:00
1499,WA,2003-10,Severe Storm,DR,2003-10-15 00:00:00+00:00
2538,WA,2004-07,Fire,FM,2004-07-30 00:00:00+00:00
2537,WA,2004-07,Fire,FM,2004-07-30 00:00:00+00:00
2527,WA,2004-07,Fire,FM,2004-07-05 00:00:00+00:00
2546,WA,2004-08,Fire,FM,2004-08-12 00:00:00+00:00
2543,WA,2004-08,Fire,FM,2004-08-11 00:00:00+00:00
2572,WA,2005-07,Fire,FM,2005-07-31 00:00:00+00:00
3227,WA,2005-08,Coastal Storm,EM,2005-08-29 00:00:00+00:00
2575,WA,2005-08,Fire,FM,2005-08-07 00:00:00+00:00
1641,WA,2006-01,Severe Storm,DR,2006-01-27 00:00:00+00:00
2668,WA,2006-08,Fire,FM,2006-08-21 00:00:00+00:00
2663,WA,2006-08,Fire,FM,2006-08-08 00:00:00+00:00
2674,WA,2006-09,Fire,FM,2006-09-09 00:00:00+00:00
1671,WA,2006-11,Severe Storm,DR,2006-11-02 00:00:00+00:00
1682,WA,2006-12,Severe Storm,DR,2006-12-14 00:00:00+00:00
2714,WA,2007-07,Fire,FM,2007-07-16 00:00:00+00:00
2711,WA,2007-07,Fire,FM,2007-07-08 00:00:00+00:00
2731,WA,2007-09,Fire,FM,2007-09-20 00:00:00+00:00
1734,WA,2007-12,Severe Storm,DR,2007-12-01 00:00:00+00:00
2784,WA,2008-07,Fire,FM,2008-07-10 00:00:00+00:00
2783,WA,2008-07,Fire,FM,2008-07-10 00:00:00+00:00
1825,WA,2008-12,Severe Storm,DR,2008-12-12 00:00:00+00:00
1817,WA,2009-01,Flood,DR,2009-01-06 00:00:00+00:00
2823,WA,2009-07,Fire,FM,2009-07-28 00:00:00+00:00
2827,WA,2009-08,Fire,FM,2009-08-21 00:00:00+00:00
2826,WA,2009-08,Fire,FM,2009-08-21 00:00:00+00:00
2848,WA,2010-07,Fire,FM,2010-07-18 00:00:00+00:00
2854,WA,2010-08,Fire,FM,2010-08-26 00:00:00+00:00
1963,WA,2011-01,Severe Storm,DR,2011-01-11 00:00:00+00:00
2966,WA,2011-09,Fire,FM,2011-09-08 00:00:00+00:00
4056,WA,2012-01,Severe Storm,DR,2012-01-14 00:00:00+00:00
4083,WA,2012-07,Severe Storm,DR,2012-07-20 00:00:00+00:00
5005,WA,2012-08,Fire,FM,2012-08-13 00:00:00+00:00
5020,WA,2012-09,Fire,FM,2012-09-19 00:00:00+00:00
5018,WA,2012-09,Fire,FM,2012-09-12 00:00:00+00:00
5017,WA,2012-09,Fire,FM,2012-09-12 00:00:00+00:00
5015,WA,2012-09,Fire,FM,2012-09-10 00:00:00+00:00
5013,WA,2012-09,Fire,FM,2012-09-09 00:00:00+00:00
5012,WA,2012-09,Fire,FM,2012-09-09 00:00:00+00:00
5011,WA,2012-09,Fire,FM,2012-09-05 00:00:00+00:00
5038,WA,2013-07,Fire,FM,2013-07-27 00:00:00+00:00
5048,WA,2013-08,Fire,FM,2013-08-20 00:00:00+00:00
5042,WA,2013-08,Fire,FM,2013-08-10 00:00:00+00:00
4168,WA,2014-03,Mud/Landslide,DR,2014-03-22 00:00:00+00:00
3370,WA,2014-03,Mud/Landslide,EM,2014-03-22 00:00:00+00:00
5064,WA,2014-07,Fire,FM,2014-07-19 00:00:00+00:00
5063,WA,2014-07,Fire,FM,2014-07-19 00:00:00+00:00
5062,WA,2014-07,Fire,FM,2014-07-15 00:00:00+00:00
5061,WA,2014-07,Fire,FM,2014-07-15 00:00:00+00:00
5059,WA,2014-07,Fire,FM,2014-07-10 00:00:00+00:00
5058,WA,2014-07,Fire,FM,2014-07-09 00:00:00+00:00
4188,WA,2014-07,Fire,DR,2014-07-09 00:00:00+00:00
3371,WA,2014-07,Fire,EM,2014-07-09 00:00:00+00:00
5072,WA,2014-08,Fire,FM,2014-08-05 00:00:00+00:00
5071,WA,2014-08,Fire,FM,2014-08-02 00:00:00+00:00
5087,WA,2015-06,Fire,FM,2015-06-28 00:00:00+00:00
5090,WA,2015-07,Fire,FM,2015-07-20 00:00:00+00:00
5109,WA,2015-08,Fire,FM,2015-08-19 00:00:00+00:00
5108,WA,2015-08,Fire,FM,2015-08-21 00:00:00+00:00
5106,WA,2015-08,Fire,FM,2015-08-19 00:00:00+00:00
5104,WA,2015-08,Fire,FM,2015-08-14 00:00:00+00:00
5103,WA,2015-08,Fire,FM,2015-08-14 00:00:00+00:00
5101,WA,2015-08,Fire,FM,2015-08-14 00:00:00+00:00
5100,WA,2015-08,Fire,FM,2015-08-14 00:00:00+00:00
5098,WA,2015-08,Fire,FM,2015-08-13 00:00:00+00:00
5094,WA,2015-08,Fire,FM,2015-08-04 00:00:00+00:00
4242,WA,2015-08,Severe Storm,DR,2015-08-29 00:00:00+00:00
4243,WA,2015-08,Fire,DR,2015-08-09 00:00:00+00:00
3372,WA,2015-08,Fire,EM,2015-08-13 00:00:00+00:00
5113,WA,2015-09,Fire,FM,2015-09-13 00:00:00+00:00
4249,WA,2015-11,Severe Storm,DR,2015-11-12 00:00:00+00:00
4253,WA,2015-12,Flood,DR,2015-12-01 00:00:00+00:00
5142,WA,2016-07,Fire,FM,2016-07-31 00:00:00+00:00
5152,WA,2016-08,Fire,FM,2016-08-27 00:00:00+00:00
5149,WA,2016-08,Fire,FM,2016-08-21 00:00:00+00:00
5148,WA,2016-08,Fire,FM,2016-08-21 00:00:00+00:00
4309,WA,2017-01,Flood,DR,2017-01-30 00:00:00+00:00
5182,WA,2017-05,Fire,FM,2017-05-23 00:00:00+00:00
5187,WA,2017-06,Fire,FM,2017-06-27 00:00:00+00:00
5200,WA,2017-09,Fire,FM,2017-09-02 00:00:00+00:00
4384,WA,2018-05,Flood,DR,2018-05-05 00:00:00+00:00
5261,WA,2018-07,Fire,FM,2018-07-27 00:00:00+00:00
5257,WA,2018-07,Fire,FM,2018-07-19 00:00:00+00:00
5254,WA,2018-07,Fire,FM,2018-07-17 00:00:00+00:00
5253,WA,2018-07,Fire,FM,2018-07-09 00:00:00+00:00
5273,WA,2018-08,Fire,FM,2018-08-11 00:00:00+00:00
5271,WA,2018-08,Fire,FM,2018-08-11 00:00:00+00:00
5270,WA,2018-08,Fire,FM,2018-08-10 00:00:00+00:00
5269,WA,2018-08,Fire,FM,2018-08-10 00:00:00+00:00
5266,WA,2018-08,Fire,FM,2018-08-02 00:00:00+00:00
4418,WA,2018-12,Severe Storm,DR,2018-12-10 00:00:00+00:00
4539,WA,2020-01,Flood,DR,2020-01-20 00:00:00+00:00
4481,WA,2020-01,Biological,DR,2020-01-20 00:00:00+00:00
3507,WA,2020-01,Biological,EM,2020-01-20 00:00:00+00:00
3427,WA,2020-01,Biological,EM,2020-01-20 00:00:00+00:00
5323,WA,2020-07,Fire,FM,2020-07-27 00:00:00+00:00
5320,WA,2020-07,Fire,FM,2020-07-11 00:00:00+00:00
5337,WA,2020-08,Fire,FM,2020-08-18 00:00:00+00:00
5330,WA,2020-08,Fire,FM,2020-08-16 00:00:00+00:00
5360,WA,2020-09,Fire,FM,2020-09-08 00:00:00+00:00
5359,WA,2020-09,Fire,FM,2020-09-08 00:00:00+00:00
5355,WA,2020-09,Fire,FM,2020-09-07 00:00:00+00:00
5352,WA,2020-09,Fire,FM,2020-09-07 00:00:00+00:00
5351,WA,2020-09,Fire,FM,2020-09-07 00:00:00+00:00
5342,WA,2020-09,Fire,FM,2020-09-01 00:00:00+00:00
4584,WA,2020-09,Fire,DR,2020-09-01 00:00:00+00:00
4593,WA,2020-12,Severe Storm,DR,2020-12-29 00:00:00+00:00
5401,WA,2021-07,Fire,FM,2021-07-19 00:00:00+00:00
5398,WA,2021-07,Fire,FM,2021-07-13 00:00:00+00:00
5397,WA,2021-07,Fire,FM,2021-07-12 00:00:00+00:00
5395,WA,2021-07,Fire,FM,2021-07-05 00:00:00+00:00
4631,WA,2021-07,Fire,DR,2021-07-12 00:00:00+00:00
5415,WA,2021-08,Fire,FM,2021-08-19 00:00:00+00:00
5414,WA,2021-08,Fire,FM,2021-08-17 00:00:00+00:00
5411,WA,2021-08,Fire,FM,2021-08-16 00:00:00+00:00
5410,WA,2021-08,Fire,FM,2021-08-15 00:00:00+00:00
4635,WA,2021-11,Flood,DR,2021-11-05 00:00:00+00:00
4650,WA,2021-12,Flood,DR,2021-12-26 00:00:00+00:00
5447,WA,2022-08,Fire,FM,2022-08-04 00:00:00+00:00
5455,WA,2022-09,Fire,FM,2022-09-10 00:00:00+00:00
5456,WA,2022-10,Fire,FM,2022-10-16 00:00:00+00:00
4682,WA,2022-11,Severe Storm,DR,2022-11-03 00:00:00+00:00
5472,WA,2023-07,Fire,FM,2023-07-29 00:00:00+00:00
5470,WA,2023-07,Fire,FM,2023-07-21 00:00:00+00:00
5469,WA,2023-07,Fire,FM,2023-07-10 00:00:00+00:00
5468,WA,2023-07,Fire,FM,2023-07-04 00:00:00+00:00
5467,WA,2023-07,Fire,FM,2023-07-02 00:00:00+00:00
5481,WA,2023-08,Fire,FM,2023-08-19 00:00:00+00:00
5479,WA,2023-08,Fire,FM,2023-08-18 00:00:00+00:00
4759,WA,2023-08,Fire,DR,2023-08-18 00:00:00+00:00
4775,WA,2024-01,Severe Storm,DR,2024-01-05 00:00:00+00:00
5499,WA,2024-06,Fire,FM,2024-06-22 00:00:00+00:00
4823,WA,2024-06,Fire,DR,2024-06-22 00:00:00+00:00
5518,WA,2024-07,Fire,FM,2024-07-17 00:00:00+00:00
5517,WA,2024-07,Fire,FM,2024-07-22 00:00:00+00:00
5521,WA,2024-07,Fire,FM,2024-07-25 00:00:00+00:00
4849,WA,2024-07,Fire,DR,2024-07-17 00:00:00+00:00
5601,WA,2025-07,Fire,FM,2025-07-18 00:00:00+00:00
5614,WA,2025-09,Fire,FM,2025-09-25 00:00:00+00:00
4906,WA,2025-12,Flood,DR,2025-12-05 00:00:00+00:00
3629,WA,2025-12,Flood,EM,2025-12-09 00:00:00+00:00
5638,WA,2026-06,Fire,FM,2026-06-16 00:00:00+00:00
192,WI,1965-04,Tornado,DR,1965-04-21 00:00:00+00:00
260,WI,1969-05,Flood,DR,1969-05-01 00:00:00+00:00
264,WI,1969-07,Flood,DR,1969-07-11 00:00:00+00:00
352,WI,1972-09,Flood,DR,1972-09-10 00:00:00+00:00
376,WI,1973-04,Flood,DR,1973-04-27 00:00:00+00:00
431,WI,1974-04,Tornado,DR,1974-04-26 00:00:00+00:00
482,WI,1975-09,Severe Storm,DR,1975-09-15 00:00:00+00:00
496,WI,1976-03,Flood,DR,1976-03-23 00:00:00+00:00
3014,WI,1976-06,Drought,EM,1976-06-17 00:00:00+00:00
3048,WI,1977-08,Severe Storm,EM,1977-08-05 00:00:00+00:00
559,WI,1978-07,Severe Storm,DR,1978-07-07 00:00:00+00:00
3069,WI,1979-01,Snowstorm,EM,1979-01-19 00:00:00+00:00
2039,WI,1980-04,Fire,FM,1980-04-24 00:00:00+00:00
626,WI,1980-07,Flood,DR,1980-07-24 00:00:00+00:00
710,WI,1984-06,Tornado,DR,1984-06-08 00:00:00+00:00
3091,WI,1984-07,Flood,EM,1984-07-10 00:00:00+00:00
770,WI,1986-08,Flood,DR,1986-08-06 00:00:00+00:00
775,WI,1986-09,Flood,DR,1986-09-10 00:00:00+00:00
874,WI,1990-06,Severe Storm,DR,1990-06-22 00:00:00+00:00
877,WI,1990-08,Flood,DR,1990-08-17 00:00:00+00:00
912,WI,1991-07,Severe Storm,DR,1991-07-07 00:00:00+00:00
963,WI,1992-06,Tornado,DR,1992-06-17 00:00:00+00:00
959,WI,1992-08,Tornado,DR,1992-08-29 00:00:00+00:00
964,WI,1992-09,Flood,DR,1992-09-14 00:00:00+00:00
994,WI,1993-06,Severe Storm,DR,1993-06-07 00:00:00+00:00
1131,WI,1996-07,Flood,DR,1996-07-17 00:00:00+00:00
1180,WI,1997-06,Severe Storm,DR,1997-06-21 00:00:00+00:00
1236,WI,1998-06,Severe Storm,DR,1998-06-18 00:00:00+00:00
1238,WI,1998-08,Severe Storm,DR,1998-08-05 00:00:00+00:00
1284,WI,1999-07,Flood,DR,1999-07-04 00:00:00+00:00
1332,WI,2000-05,Severe Storm,DR,2000-05-26 00:00:00+00:00
3163,WI,2000-12,Snowstorm,EM,2000-12-11 00:00:00+00:00
1369,WI,2001-04,Flood,DR,2001-04-10 00:00:00+00:00
1429,WI,2002-06,Severe Storm,DR,2002-06-21 00:00:00+00:00
1432,WI,2002-09,Tornado,DR,2002-09-02 00:00:00+00:00
1526,WI,2004-05,Severe Storm,DR,2004-05-07 00:00:00+00:00
3249,WI,2005-08,Hurricane,EM,2005-08-29 00:00:00+00:00
1719,WI,2007-08,Severe Storm,DR,2007-08-18 00:00:00+00:00
3285,WI,2008-02,Snowstorm,EM,2008-02-05 00:00:00+00:00
1768,WI,2008-06,Severe Storm,DR,2008-06-05 00:00:00+00:00
1933,WI,2010-07,Severe Storm,DR,2010-07-20 00:00:00+00:00
1944,WI,2010-09,Severe Storm,DR,2010-09-22 00:00:00+00:00
1966,WI,2011-01,Snowstorm,DR,2011-01-31 00:00:00+00:00
4076,WI,2012-06,Severe Storm,DR,2012-06-19 00:00:00+00:00
4141,WI,2013-06,Severe Storm,DR,2013-06-20 00:00:00+00:00
4276,WI,2016-07,Severe Storm,DR,2016-07-11 00:00:00+00:00
4288,WI,2016-09,Flood,DR,2016-09-21 00:00:00+00:00
4343,WI,2017-07,Severe Storm,DR,2017-07-19 00:00:00+00:00
4383,WI,2018-06,Flood,DR,2018-06-15 00:00:00+00:00
4402,WI,2018-08,Flood,DR,2018-08-17 00:00:00+00:00
4459,WI,2019-07,Flood,DR,2019-07-18 00:00:00+00:00
4520,WI,2020-01,Biological,DR,2020-01-20 00:00:00+00:00
4477,WI,2020-01,Flood,DR,2020-01-10 00:00:00+00:00
3454,WI,2020-01,Biological,EM,2020-01-20 00:00:00+00:00
4892,WI,2025-08,Flood,DR,2025-08-09 00:00:00+00:00
4923,WI,2026-04,Flood,DR,2026-04-13 00:00:00+00:00
21,WV,1954-08,Flood,DR,1954-08-04 00:00:00+00:00
67,WV,1957-01,Flood,DR,1957-01-31 00:00:00+00:00
117,WV,1961-07,Flood,DR,1961-07-23 00:00:00+00:00
125,WV,1962-03,Flood,DR,1962-03-09 00:00:00+00:00
147,WV,1963-03,Flood,DR,1963-03-13 00:00:00+00:00
165,WV,1964-03,Flood,DR,1964-03-20 00:00:00+00:00
224,WV,1967-03,Flood,DR,1967-03-13 00:00:00+00:00
279,WV,1969-09,Flood,DR,1969-09-24 00:00:00+00:00
278,WV,1969-09,Hurricane,DR,1969-09-03 00:00:00+00:00
323,WV,1972-02,Flood,DR,1972-02-27 00:00:00+00:00
344,WV,1972-07,Flood,DR,1972-07-03 00:00:00+00:00
349,WV,1972-08,Flood,DR,1972-08-23 00:00:00+00:00
416,WV,1974-01,Flood,DR,1974-01-29 00:00:00+00:00
426,WV,1974-04,Flood,DR,1974-04-11 00:00:00+00:00
481,WV,1975-09,Flood,DR,1975-09-12 00:00:00+00:00
3021,WV,1977-01,Drought,EM,1977-01-19 00:00:00+00:00
531,WV,1977-04,Flood,DR,1977-04-07 00:00:00+00:00
3052,WV,1977-08,Flood,EM,1977-08-24 00:00:00+00:00
3051,WV,1977-08,Drought,EM,1977-08-24 00:00:00+00:00
569,WV,1978-12,Flood,DR,1978-12-14 00:00:00+00:00
628,WV,1980-08,Flood,DR,1980-08-15 00:00:00+00:00
706,WV,1984-05,Flood,DR,1984-05-15 00:00:00+00:00
753,WV,1985-11,Flood,DR,1985-11-03 00:00:00+00:00
3109,WV,1993-03,Snowstorm,EM,1993-03-13 00:00:00+00:00
1060,WV,1995-06,Severe Storm,DR,1995-06-23 00:00:00+00:00
1096,WV,1996-01,Flood,DR,1996-01-19 00:00:00+00:00
1084,WV,1996-01,Snowstorm,DR,1996-01-06 00:00:00+00:00
1115,WV,1996-05,Flood,DR,1996-05-15 00:00:00+00:00
1132,WV,1996-07,Fire,DR,1996-07-18 00:00:00+00:00
1137,WV,1996-09,Severe Storm,DR,1996-09-05 00:00:00+00:00
1168,WV,1997-02,Flood,DR,1997-02-28 00:00:00+00:00
1229,WV,1998-06,Severe Storm,DR,1998-06-26 00:00:00+00:00
1319,WV,2000-02,Flood,DR,2000-02-18 00:00:00+00:00
1378,WV,2001-05,Severe Storm,DR,2001-05-15 00:00:00+00:00
2392,WV,2001-11,Fire,FM,2001-11-16 00:00:00+00:00
2391,WV,2001-11,Fire,FM,2001-11-16 00:00:00+00:00
1410,WV,2002-05,Severe Storm,DR,2002-05-02 00:00:00+00:00
1455,WV,2003-02,Severe Storm,DR,2003-02-16 00:00:00+00:00
1474,WV,2003-06,Severe Storm,DR,2003-06-11 00:00:00+00:00
1496,WV,2003-09,Hurricane,DR,2003-09-18 00:00:00+00:00
1500,WV,2003-11,Severe Storm,DR,2003-11-11 00:00:00+00:00
1522,WV,2004-05,Severe Storm,DR,2004-05-27 00:00:00+00:00
1536,WV,2004-07,Severe Storm,DR,2004-07-22 00:00:00+00:00
1558,WV,2004-09,Severe Storm,DR,2004-09-16 00:00:00+00:00
1574,WV,2005-01,Severe Storm,DR,2005-01-04 00:00:00+00:00
3221,WV,2005-08,Hurricane,EM,2005-08-29 00:00:00+00:00
1696,WV,2007-04,Severe Storm,DR,2007-04-14 00:00:00+00:00
1769,WV,2008-06,Severe Storm,DR,2008-06-03 00:00:00+00:00
1838,WV,2009-05,Severe Storm,DR,2009-05-03 00:00:00+00:00
1881,WV,2009-12,Snowstorm,DR,2009-12-18 00:00:00+00:00
1903,WV,2010-02,Snowstorm,DR,2010-02-05 00:00:00+00:00
1893,WV,2010-03,Severe Storm,DR,2010-03-12 00:00:00+00:00
1918,WV,2010-06,Flood,DR,2010-06-12 00:00:00+00:00
4059,WV,2012-02,Severe Storm,DR,2012-02-29 00:00:00+00:00
4061,WV,2012-03,Severe Storm,DR,2012-03-15 00:00:00+00:00
4071,WV,2012-06,Severe Storm,DR,2012-06-29 00:00:00+00:00
3345,WV,2012-06,Severe Storm,EM,2012-06-29 00:00:00+00:00
4093,WV,2012-10,Hurricane,DR,2012-10-29 00:00:00+00:00
3358,WV,2012-10,Hurricane,EM,2012-10-29 00:00:00+00:00
4132,WV,2013-06,Flood,DR,2013-06-13 00:00:00+00:00
3366,WV,2014-01,Chemical,EM,2014-01-09 00:00:00+00:00
4210,WV,2015-03,Severe Storm,DR,2015-03-03 00:00:00+00:00
4221,WV,2015-04,Flood,DR,2015-04-13 00:00:00+00:00
4220,WV,2015-04,Flood,DR,2015-04-08 00:00:00+00:00
4219,WV,2015-04,Severe Storm,DR,2015-04-03 00:00:00+00:00
4236,WV,2015-07,Severe Storm,DR,2015-07-10 00:00:00+00:00
4273,WV,2016-06,Flood,DR,2016-06-22 00:00:00+00:00
4331,WV,2017-07,Severe Storm,DR,2017-07-28 00:00:00+00:00
4359,WV,2018-02,Mud/Landslide,DR,2018-02-14 00:00:00+00:00
4378,WV,2018-05,Severe Storm,DR,2018-05-28 00:00:00+00:00
4455,WV,2019-06,Flood,DR,2019-06-29 00:00:00+00:00
4517,WV,2020-01,Biological,DR,2020-01-20 00:00:00+00:00
3450,WV,2020-01,Biological,EM,2020-01-20 00:00:00+00:00
4605,WV,2021-02,Flood,DR,2021-02-27 00:00:00+00:00
4603,WV,2021-02,Severe Ice Storm,DR,2021-02-10 00:00:00+00:00
4678,WV,2022-07,Flood,DR,2022-07-12 00:00:00+00:00
4679,WV,2022-08,Severe Storm,DR,2022-08-14 00:00:00+00:00
4756,WV,2023-08,Flood,DR,2023-08-28 00:00:00+00:00
4787,WV,2024-04,Flood,DR,2024-04-11 00:00:00+00:00
4783,WV,2024-04,Severe Storm,DR,2024-04-02 00:00:00+00:00
4851,WV,2024-09,Tropical Storm,DR,2024-09-25 00:00:00+00:00
4861,WV,2025-02,Severe Storm,DR,2025-02-15 00:00:00+00:00
4884,WV,2025-06,Flood,DR,2025-06-14 00:00:00+00:00
3639,WV,2026-01,Winter Storm,EM,2026-01-23 00:00:00+00:00
155,WY,1963-07,Flood,DR,1963-07-04 00:00:00+00:00
3043,WY,1977-06,Drought,EM,1977-06-15 00:00:00+00:00
557,WY,1978-05,Flood,DR,1978-05-29 00:00:00+00:00
591,WY,1979-07,Tornado,DR,1979-07-19 00:00:00+00:00
740,WY,1985-08,Flood,DR,1985-08-07 00:00:00+00:00
3092,WY,1987-02,Toxic Substances,EM,1987-02-10 00:00:00+00:00
1268,WY,1998-10,Severe Ice Storm,DR,1998-10-05 00:00:00+00:00
2315,WY,2000-07,Fire,FM,2000-07-30 00:00:00+00:00
1351,WY,2000-10,Severe Storm,DR,2000-10-31 00:00:00+00:00
2370,WY,2001-07,Fire,FM,2001-07-31 00:00:00+00:00
2367,WY,2001-07,Fire,FM,2001-07-26 00:00:00+00:00
2382,WY,2001-09,Fire,FM,2001-09-05 00:00:00+00:00
2436,WY,2002-06,Fire,FM,2002-06-29 00:00:00+00:00
2427,WY,2002-06,Fire,FM,2002-06-18 00:00:00+00:00
2460,WY,2002-08,Fire,FM,2002-08-29 00:00:00+00:00
2512,WY,2003-11,Fire,FM,2003-11-19 00:00:00+00:00
1599,WY,2005-08,Tornado,DR,2005-08-12 00:00:00+00:00
2654,WY,2006-07,Fire,FM,2006-07-13 00:00:00+00:00
2665,WY,2006-08,Fire,FM,2006-08-14 00:00:00+00:00
2719,WY,2007-08,Fire,FM,2007-08-12 00:00:00+00:00
1923,WY,2010-06,Flood,DR,2010-06-04 00:00:00+00:00
4007,WY,2011-05,Severe Storm,DR,2011-05-18 00:00:00+00:00
2992,WY,2012-06,Fire,FM,2012-06-29 00:00:00+00:00
2995,WY,2012-07,Fire,FM,2012-07-01 00:00:00+00:00
2993,WY,2012-07,Fire,FM,2012-07-01 00:00:00+00:00
5014,WY,2012-09,Fire,FM,2012-09-09 00:00:00+00:00
4227,WY,2015-05,Flood,DR,2015-05-24 00:00:00+00:00
5115,WY,2015-10,Fire,FM,2015-10-11 00:00:00+00:00
5139,WY,2016-07,Fire,FM,2016-07-28 00:00:00+00:00
5136,WY,2016-07,Fire,FM,2016-07-25 00:00:00+00:00
4306,WY,2017-02,Severe Storm,DR,2017-02-06 00:00:00+00:00
4327,WY,2017-06,Flood,DR,2017-06-07 00:00:00+00:00
5241,WY,2018-06,Fire,FM,2018-06-11 00:00:00+00:00
5276,WY,2018-09,Fire,FM,2018-09-18 00:00:00+00:00
4535,WY,2020-01,Biological,DR,2020-01-20 00:00:00+00:00
3479,WY,2020-01,Biological,EM,2020-01-20 00:00:00+00:00
5375,WY,2020-09,Fire,FM,2020-09-25 00:00:00+00:00
5347,WY,2020-09,Fire,FM,2020-09-05 00:00:00+00:00
4739,WY,2023-06,Flood,DR,2023-06-15 00:00:00+00:00
5490,WY,2024-03,Fire,FM,2024-03-01 00:00:00+00:00
5523,WY,2024-07,Fire,FM,2024-07-30 00:00:00+00:00
4845,WY,2024-08,Fire,DR,2024-08-21 00:00:00+00:00
5531,WY,2024-08,Fire,FM,2024-08-22 00:00:00+00:00
5539,WY,2024-09,Fire,FM,2024-09-28 00:00:00+00:00
5608,WY,2025-08,Fire,FM,2025-08-15 00:00:00+00:00
