state,year_month,business_applications,disclosure_flag,disaster_count
AK,2004-07,324.0,valid,1
AK,2004-08,306.0,valid,1
AK,2004-09,289.0,valid,0
AK,2004-10,312.0,valid,1
AK,2004-11,340.0,valid,0
AK,2004-12,369.0,valid,0
AK,2005-01,339.0,valid,1
AK,2005-02,405.0,valid,0
AK,2005-03,496.0,valid,0
AK,2005-04,463.0,valid,0
AK,2005-05,446.0,valid,0
AK,2005-06,478.0,valid,0
AK,2005-07,311.0,valid,0
AK,2005-08,304.0,valid,0
AK,2005-09,286.0,valid,1
AK,2005-10,353.0,valid,0
AK,2005-11,445.0,valid,0
AK,2005-12,396.0,valid,0
AK,2006-01,396.0,valid,0
AK,2006-02,480.0,valid,0
AK,2006-03,576.0,valid,0
AK,2006-04,543.0,valid,0
AK,2006-05,620.0,valid,1
AK,2006-06,385.0,valid,1
AK,2006-07,358.0,valid,0
AK,2006-08,444.0,valid,2
AK,2006-09,326.0,valid,0
AK,2006-10,313.0,valid,1
AK,2006-11,398.0,valid,0
AK,2006-12,369.0,valid,0
AK,2007-01,343.0,valid,0
AK,2007-02,490.0,valid,0
AK,2007-03,535.0,valid,0
AK,2007-04,414.0,valid,0
AK,2007-05,472.0,valid,0
AK,2007-06,500.0,valid,1
AK,2007-07,334.0,valid,0
AK,2007-08,488.0,valid,0
AK,2007-09,355.0,valid,0
AK,2007-10,379.0,valid,0
AK,2007-11,412.0,valid,0
AK,2007-12,410.0,valid,0
AK,2008-01,391.0,valid,0
AK,2008-02,553.0,valid,0
AK,2008-03,464.0,valid,0
AK,2008-04,453.0,valid,0
AK,2008-05,554.0,valid,0
AK,2008-06,363.0,valid,0
AK,2008-07,456.0,valid,1
AK,2008-08,363.0,valid,0
AK,2008-09,298.0,valid,0
AK,2008-10,409.0,valid,0
AK,2008-11,326.0,valid,0
AK,2008-12,344.0,valid,0
AK,2009-01,379.0,valid,0
AK,2009-02,382.0,valid,0
AK,2009-03,404.0,valid,0
AK,2009-04,465.0,valid,1
AK,2009-05,394.0,valid,1
AK,2009-06,338.0,valid,0
AK,2009-07,393.0,valid,0
AK,2009-08,312.0,valid,0
AK,2009-09,378.0,valid,0
AK,2009-10,336.0,valid,1
AK,2009-11,274.0,valid,0
AK,2009-12,334.0,valid,0
AK,2010-01,355.0,valid,0
AK,2010-02,411.0,valid,0
AK,2010-03,407.0,valid,0
AK,2010-04,565.0,valid,0
AK,2010-05,403.0,valid,0
AK,2010-06,363.0,valid,0
AK,2010-07,383.0,valid,0
AK,2010-08,303.0,valid,0
AK,2010-09,413.0,valid,0
AK,2010-10,358.0,valid,0
AK,2010-11,310.0,valid,0
AK,2010-12,381.0,valid,0
AK,2011-01,464.0,valid,0
AK,2011-02,532.0,valid,0
AK,2011-03,456.0,valid,0
AK,2011-04,569.0,valid,0
AK,2011-05,352.0,valid,2
AK,2011-06,411.0,valid,0
AK,2011-07,454.0,valid,0
AK,2011-08,367.0,valid,0
AK,2011-09,361.0,valid,0
AK,2011-10,368.0,valid,0
AK,2011-11,338.0,valid,2
AK,2011-12,399.0,valid,0
AK,2012-01,392.0,valid,0
AK,2012-02,431.0,valid,0
AK,2012-03,655.0,valid,0
AK,2012-04,495.0,valid,0
AK,2012-05,423.0,valid,0
AK,2012-06,490.0,valid,0
AK,2012-07,364.0,valid,0
AK,2012-08,420.0,valid,0
AK,2012-09,345.0,valid,1
AK,2012-10,358.0,valid,0
AK,2012-11,425.0,valid,0
AK,2012-12,401.0,valid,0
AK,2013-01,624.0,valid,0
AK,2013-02,474.0,valid,0
AK,2013-03,479.0,valid,0
AK,2013-04,521.0,valid,0
AK,2013-05,608.0,valid,1
AK,2013-06,397.0,valid,0
AK,2013-07,419.0,valid,0
AK,2013-08,377.0,valid,0
AK,2013-09,322.0,valid,0
AK,2013-10,458.0,valid,1
AK,2013-11,379.0,valid,1
AK,2013-12,322.0,valid,0
AK,2014-01,592.0,valid,0
AK,2014-02,454.0,valid,0
AK,2014-03,516.0,valid,0
AK,2014-04,502.0,valid,0
AK,2014-05,526.0,valid,0
AK,2014-06,432.0,valid,0
AK,2014-07,442.0,valid,0
AK,2014-08,386.0,valid,0
AK,2014-09,349.0,valid,0
AK,2014-10,474.0,valid,0
AK,2014-11,376.0,valid,0
AK,2014-12,392.0,valid,0
AK,2015-01,594.0,valid,0
AK,2015-02,509.0,valid,0
AK,2015-03,532.0,valid,0
AK,2015-04,652.0,valid,0
AK,2015-05,456.0,valid,0
AK,2015-06,457.0,valid,2
AK,2015-07,510.0,valid,0
AK,2015-08,409.0,valid,1
AK,2015-09,506.0,valid,0
AK,2015-10,493.0,valid,0
AK,2015-11,357.0,valid,0
AK,2015-12,410.0,valid,1
AK,2016-01,612.0,valid,0
AK,2016-02,559.0,valid,0
AK,2016-03,756.0,valid,0
AK,2016-04,577.0,valid,0
AK,2016-05,550.0,valid,0
AK,2016-06,594.0,valid,0
AK,2016-07,476.0,valid,0
AK,2016-08,525.0,valid,0
AK,2016-09,412.0,valid,0
AK,2016-10,431.0,valid,0
AK,2016-11,479.0,valid,0
AK,2016-12,386.0,valid,0
AK,2017-01,545.0,valid,0
AK,2017-02,559.0,valid,0
AK,2017-03,730.0,valid,0
AK,2017-04,637.0,valid,0
AK,2017-05,791.0,valid,0
AK,2017-06,533.0,valid,0
AK,2017-07,542.0,valid,0
AK,2017-08,654.0,valid,0
AK,2017-09,458.0,valid,1
AK,2017-10,473.0,valid,0
AK,2017-11,716.0,valid,0
AK,2017-12,621.0,valid,1
AK,2018-01,776.0,valid,0
AK,2018-02,794.0,valid,0
AK,2018-03,1047.0,valid,0
AK,2018-04,869.0,valid,0
AK,2018-05,990.0,valid,1
AK,2018-06,857.0,valid,0
AK,2018-07,685.0,valid,0
AK,2018-08,932.0,valid,0
AK,2018-09,474.0,valid,0
AK,2018-10,493.0,valid,0
AK,2018-11,809.0,valid,2
AK,2018-12,531.0,valid,0
AK,2019-01,872.0,valid,0
AK,2019-02,777.0,valid,0
AK,2019-03,747.0,valid,0
AK,2019-04,647.0,valid,0
AK,2019-05,721.0,valid,0
AK,2019-06,513.0,valid,1
AK,2019-07,520.0,valid,0
AK,2019-08,689.0,valid,2
AK,2019-09,635.0,valid,0
AK,2019-10,930.0,valid,0
AK,2019-11,486.0,valid,0
AK,2019-12,550.0,valid,0
AK,2020-01,819.0,valid,2
AK,2020-02,729.0,valid,0
AK,2020-03,668.0,valid,0
AK,2020-04,713.0,valid,0
AK,2020-05,684.0,valid,0
AK,2020-06,716.0,valid,0
AK,2020-07,823.0,valid,0
AK,2020-08,667.0,valid,0
AK,2020-09,670.0,valid,0
AK,2020-10,549.0,valid,0
AK,2020-11,457.0,valid,1
AK,2020-12,561.0,valid,0
AK,2021-01,741.0,valid,0
AK,2021-02,713.0,valid,0
AK,2021-03,947.0,valid,0
AK,2021-04,711.0,valid,0
AK,2021-05,619.0,valid,0
AK,2021-06,744.0,valid,0
AK,2021-07,526.0,valid,0
AK,2021-08,577.0,valid,0
AK,2021-09,687.0,valid,0
AK,2021-10,594.0,valid,1
AK,2021-11,567.0,valid,0
AK,2021-12,655.0,valid,1
AK,2022-01,761.0,valid,1
AK,2022-02,761.0,valid,0
AK,2022-03,966.0,valid,0
AK,2022-04,771.0,valid,0
AK,2022-05,706.0,valid,2
AK,2022-06,721.0,valid,1
AK,2022-07,582.0,valid,0
AK,2022-08,702.0,valid,0
AK,2022-09,619.0,valid,1
AK,2022-10,624.0,valid,0
AK,2022-11,744.0,valid,0
AK,2022-12,518.0,valid,0
AK,2023-01,823.0,valid,0
AK,2023-02,790.0,valid,0
AK,2023-03,1017.0,valid,0
AK,2023-04,740.0,valid,0
AK,2023-05,915.0,valid,1
AK,2023-06,694.0,valid,0
AK,2023-07,667.0,valid,0
AK,2023-08,807.0,valid,1
AK,2023-09,568.0,valid,0
AK,2023-10,644.0,valid,0
AK,2023-11,730.0,valid,2
AK,2023-12,513.0,valid,0
AK,2024-01,991.0,valid,0
AK,2024-02,740.0,valid,0
AK,2024-03,836.0,valid,0
AK,2024-04,780.0,valid,0
AK,2024-05,936.0,valid,0
AK,2024-06,687.0,valid,0
AK,2024-07,798.0,valid,0
AK,2024-08,640.0,valid,4
AK,2024-09,666.0,valid,0
AK,2024-10,874.0,valid,1
AK,2024-11,609.0,valid,0
AK,2024-12,573.0,valid,0
AK,2025-01,876.0,valid,0
AK,2025-02,769.0,valid,0
AK,2025-03,1028.0,valid,0
AK,2025-04,1343.0,valid,0
AK,2025-05,806.0,valid,0
AK,2025-06,690.0,valid,2
AK,2025-07,728.0,valid,1
AK,2025-08,734.0,valid,0
AK,2025-09,690.0,valid,0
AK,2025-10,906.0,valid,2
AK,2025-11,1107.0,valid,0
AK,2025-12,854.0,valid,1
AK,2026-01,952.0,valid,0
AK,2026-02,1180.0,valid,0
AK,2026-03,899.0,valid,0
AK,2026-04,1290.0,valid,0
AK,2026-05,1437.0,valid,0
AK,2026-06,1236.0,valid,0
AK,2026-07,,missing,0
AK,2026-08,,missing,0
AK,2026-09,,missing,0
AK,2026-10,,missing,0
AK,2026-11,,missing,0
AK,2026-12,,missing,0
AL,2004-07,2040.0,valid,0
AL,2004-08,2054.0,valid,0
AL,2004-09,2145.0,valid,1
AL,2004-10,2477.0,valid,0
AL,2004-11,2221.0,valid,0
AL,2004-12,2198.0,valid,0
AL,2005-01,2175.0,valid,0
AL,2005-02,2869.0,valid,0
AL,2005-03,3402.0,valid,0
AL,2005-04,2657.0,valid,0
AL,2005-05,2385.0,valid,0
AL,2005-06,2873.0,valid,0
AL,2005-07,2112.0,valid,1
AL,2005-08,2433.0,valid,3
AL,2005-09,2228.0,valid,0
AL,2005-10,2615.0,valid,0
AL,2005-11,3101.0,valid,0
AL,2005-12,2200.0,valid,0
AL,2006-01,2468.0,valid,0
AL,2006-02,3190.0,valid,0
AL,2006-03,3962.0,valid,0
AL,2006-04,2850.0,valid,0
AL,2006-05,3511.0,valid,0
AL,2006-06,2454.0,valid,0
AL,2006-07,2426.0,valid,0
AL,2006-08,3248.0,valid,0
AL,2006-09,2396.0,valid,0
AL,2006-10,2273.0,valid,0
AL,2006-11,2639.0,valid,0
AL,2006-12,2343.0,valid,0
AL,2007-01,2297.0,valid,0
AL,2007-02,3206.0,valid,0
AL,2007-03,3896.0,valid,1
AL,2007-04,2725.0,valid,0
AL,2007-05,2804.0,valid,0
AL,2007-06,3128.0,valid,0
AL,2007-07,2389.0,valid,0
AL,2007-08,3123.0,valid,0
AL,2007-09,2586.0,valid,0
AL,2007-10,2558.0,valid,0
AL,2007-11,2726.0,valid,0
AL,2007-12,2218.0,valid,0
AL,2008-01,2453.0,valid,0
AL,2008-02,3598.0,valid,0
AL,2008-03,2913.0,valid,0
AL,2008-04,2871.0,valid,0
AL,2008-05,3385.0,valid,0
AL,2008-06,2315.0,valid,0
AL,2008-07,2724.0,valid,0
AL,2008-08,2486.0,valid,2
AL,2008-09,2439.0,valid,1
AL,2008-10,2805.0,valid,0
AL,2008-11,2112.0,valid,0
AL,2008-12,2078.0,valid,0
AL,2009-01,2521.0,valid,0
AL,2009-02,2646.0,valid,0
AL,2009-03,2566.0,valid,1
AL,2009-04,3096.0,valid,1
AL,2009-05,2335.0,valid,1
AL,2009-06,2191.0,valid,0
AL,2009-07,2559.0,valid,0
AL,2009-08,2206.0,valid,0
AL,2009-09,2691.0,valid,0
AL,2009-10,2180.0,valid,0
AL,2009-11,2062.0,valid,1
AL,2009-12,2123.0,valid,1
AL,2010-01,2434.0,valid,0
AL,2010-02,2708.0,valid,0
AL,2010-03,2676.0,valid,0
AL,2010-04,3151.0,valid,1
AL,2010-05,2391.0,valid,0
AL,2010-06,2216.0,valid,0
AL,2010-07,2618.0,valid,0
AL,2010-08,2143.0,valid,0
AL,2010-09,2750.0,valid,0
AL,2010-10,2326.0,valid,0
AL,2010-11,2207.0,valid,0
AL,2010-12,2236.0,valid,0
AL,2011-01,2465.0,valid,0
AL,2011-02,2887.0,valid,0
AL,2011-03,2456.0,valid,0
AL,2011-04,3011.0,valid,2
AL,2011-05,1816.0,valid,0
AL,2011-06,2269.0,valid,0
AL,2011-07,2679.0,valid,0
AL,2011-08,2244.0,valid,0
AL,2011-09,2730.0,valid,0
AL,2011-10,2031.0,valid,0
AL,2011-11,2019.0,valid,0
AL,2011-12,2372.0,valid,0
AL,2012-01,2494.0,valid,1
AL,2012-02,2819.0,valid,0
AL,2012-03,3360.0,valid,0
AL,2012-04,2534.0,valid,0
AL,2012-05,2495.0,valid,0
AL,2012-06,2694.0,valid,0
AL,2012-07,2115.0,valid,0
AL,2012-08,2794.0,valid,1
AL,2012-09,1916.0,valid,0
AL,2012-10,2045.0,valid,0
AL,2012-11,2203.0,valid,0
AL,2012-12,2206.0,valid,0
AL,2013-01,3345.0,valid,0
AL,2013-02,2751.0,valid,0
AL,2013-03,2555.0,valid,0
AL,2013-04,2415.0,valid,0
AL,2013-05,2521.0,valid,0
AL,2013-06,2261.0,valid,0
AL,2013-07,2485.0,valid,0
AL,2013-08,2227.0,valid,0
AL,2013-09,2184.0,valid,0
AL,2013-10,2795.0,valid,0
AL,2013-11,1953.0,valid,0
AL,2013-12,1813.0,valid,0
AL,2014-01,3003.0,valid,0
AL,2014-02,2867.0,valid,0
AL,2014-03,2704.0,valid,0
AL,2014-04,2524.0,valid,1
AL,2014-05,2784.0,valid,0
AL,2014-06,2253.0,valid,0
AL,2014-07,2626.0,valid,0
AL,2014-08,2234.0,valid,0
AL,2014-09,2115.0,valid,0
AL,2014-10,2762.0,valid,0
AL,2014-11,1857.0,valid,0
AL,2014-12,1840.0,valid,0
AL,2015-01,3212.0,valid,0
AL,2015-02,2859.0,valid,0
AL,2015-03,2703.0,valid,0
AL,2015-04,3212.0,valid,0
AL,2015-05,2249.0,valid,0
AL,2015-06,2345.0,valid,0
AL,2015-07,2855.0,valid,0
AL,2015-08,2490.0,valid,0
AL,2015-09,3004.0,valid,0
AL,2015-10,2325.0,valid,0
AL,2015-11,2011.0,valid,0
AL,2015-12,2234.0,valid,1
AL,2016-01,3195.0,valid,0
AL,2016-02,3058.0,valid,0
AL,2016-03,3594.0,valid,0
AL,2016-04,2835.0,valid,0
AL,2016-05,2705.0,valid,0
AL,2016-06,2945.0,valid,0
AL,2016-07,2679.0,valid,0
AL,2016-08,3282.0,valid,0
AL,2016-09,2529.0,valid,0
AL,2016-10,2406.0,valid,0
AL,2016-11,2892.0,valid,0
AL,2016-12,2137.0,valid,0
AL,2017-01,3201.0,valid,0
AL,2017-02,3480.0,valid,0
AL,2017-03,4112.0,valid,0
AL,2017-04,3029.0,valid,0
AL,2017-05,3473.0,valid,0
AL,2017-06,2881.0,valid,0
AL,2017-07,2584.0,valid,0
AL,2017-08,3499.0,valid,0
AL,2017-09,2637.0,valid,1
AL,2017-10,2656.0,valid,2
AL,2017-11,3171.0,valid,0
AL,2017-12,2095.0,valid,0
AL,2018-01,3557.0,valid,0
AL,2018-02,3746.0,valid,0
AL,2018-03,4810.0,valid,1
AL,2018-04,3556.0,valid,0
AL,2018-05,4201.0,valid,0
AL,2018-06,3393.0,valid,0
AL,2018-07,3079.0,valid,0
AL,2018-08,4206.0,valid,0
AL,2018-09,2809.0,valid,0
AL,2018-10,2818.0,valid,2
AL,2018-11,3462.0,valid,0
AL,2018-12,2378.0,valid,0
AL,2019-01,4862.0,valid,0
AL,2019-02,4296.0,valid,1
AL,2019-03,4096.0,valid,1
AL,2019-04,3517.0,valid,0
AL,2019-05,3740.0,valid,0
AL,2019-06,3002.0,valid,0
AL,2019-07,2921.0,valid,0
AL,2019-08,3637.0,valid,0
AL,2019-09,2884.0,valid,0
AL,2019-10,3696.0,valid,0
AL,2019-11,2589.0,valid,0
AL,2019-12,2265.0,valid,0
AL,2020-01,4396.0,valid,4
AL,2020-02,3828.0,valid,1
AL,2020-03,3120.0,valid,0
AL,2020-04,3636.0,valid,2
AL,2020-05,3973.0,valid,0
AL,2020-06,4911.0,valid,0
AL,2020-07,9146.0,valid,0
AL,2020-08,6057.0,valid,0
AL,2020-09,5688.0,valid,2
AL,2020-10,4595.0,valid,1
AL,2020-11,4129.0,valid,0
AL,2020-12,5109.0,valid,0
AL,2021-01,7506.0,valid,0
AL,2021-02,6579.0,valid,0
AL,2021-03,8898.0,valid,1
AL,2021-04,8126.0,valid,0
AL,2021-05,6968.0,valid,0
AL,2021-06,7335.0,valid,0
AL,2021-07,5453.0,valid,0
AL,2021-08,5163.0,valid,0
AL,2021-09,5938.0,valid,0
AL,2021-10,4777.0,valid,1
AL,2021-11,4136.0,valid,0
AL,2021-12,4639.0,valid,0
AL,2022-01,6501.0,valid,0
AL,2022-02,6307.0,valid,0
AL,2022-03,8298.0,valid,0
AL,2022-04,7377.0,valid,0
AL,2022-05,5774.0,valid,0
AL,2022-06,6259.0,valid,0
AL,2022-07,5260.0,valid,0
AL,2022-08,6702.0,valid,0
AL,2022-09,4874.0,valid,0
AL,2022-10,4893.0,valid,0
AL,2022-11,5161.0,valid,0
AL,2022-12,3573.0,valid,0
AL,2023-01,6680.0,valid,1
AL,2023-02,6764.0,valid,0
AL,2023-03,8119.0,valid,1
AL,2023-04,5914.0,valid,0
AL,2023-05,7090.0,valid,0
AL,2023-06,5872.0,valid,0
AL,2023-07,5478.0,valid,0
AL,2023-08,6844.0,valid,0
AL,2023-09,5017.0,valid,0
AL,2023-10,4882.0,valid,0
AL,2023-11,5353.0,valid,0
AL,2023-12,3548.0,valid,0
AL,2024-01,9144.0,valid,0
AL,2024-02,7230.0,valid,0
AL,2024-03,6104.0,valid,0
AL,2024-04,5492.0,valid,0
AL,2024-05,5837.0,valid,0
AL,2024-06,4675.0,valid,0
AL,2024-07,5396.0,valid,0
AL,2024-08,4784.0,valid,0
AL,2024-09,4225.0,valid,1
AL,2024-10,5465.0,valid,0
AL,2024-11,3703.0,valid,0
AL,2024-12,3269.0,valid,0
AL,2025-01,5765.0,valid,0
AL,2025-02,5245.0,valid,0
AL,2025-03,5956.0,valid,0
AL,2025-04,6818.0,valid,0
AL,2025-05,5107.0,valid,0
AL,2025-06,5285.0,valid,0
AL,2025-07,6707.0,valid,0
AL,2025-08,4857.0,valid,0
AL,2025-09,5790.0,valid,0
AL,2025-10,7006.0,valid,0
AL,2025-11,6325.0,valid,0
AL,2025-12,5605.0,valid,0
AL,2026-01,7690.0,valid,0
AL,2026-02,6177.0,valid,0
AL,2026-03,6234.0,valid,0
AL,2026-04,7266.0,valid,0
AL,2026-05,5523.0,valid,0
AL,2026-06,6187.0,valid,0
AL,2026-07,,missing,0
AL,2026-08,,missing,0
AL,2026-09,,missing,0
AL,2026-10,,missing,0
AL,2026-11,,missing,0
AL,2026-12,,missing,0
AR,2004-07,1271.0,valid,0
AR,2004-08,1342.0,valid,0
AR,2004-09,1275.0,valid,0
AR,2004-10,1599.0,valid,0
AR,2004-11,1279.0,valid,0
AR,2004-12,1375.0,valid,0
AR,2005-01,1430.0,valid,0
AR,2005-02,1775.0,valid,0
AR,2005-03,2248.0,valid,0
AR,2005-04,1607.0,valid,0
AR,2005-05,1534.0,valid,0
AR,2005-06,1834.0,valid,0
AR,2005-07,1295.0,valid,0
AR,2005-08,1528.0,valid,1
AR,2005-09,1388.0,valid,0
AR,2005-10,1434.0,valid,0
AR,2005-11,1753.0,valid,0
AR,2005-12,1256.0,valid,0
AR,2006-01,1548.0,valid,0
AR,2006-02,1947.0,valid,0
AR,2006-03,2342.0,valid,0
AR,2006-04,1859.0,valid,1
AR,2006-05,2100.0,valid,0
AR,2006-06,1390.0,valid,0
AR,2006-07,1479.0,valid,0
AR,2006-08,1875.0,valid,0
AR,2006-09,1394.0,valid,0
AR,2006-10,1298.0,valid,0
AR,2006-11,1453.0,valid,0
AR,2006-12,1431.0,valid,0
AR,2007-01,1350.0,valid,0
AR,2007-02,1767.0,valid,0
AR,2007-03,2236.0,valid,0
AR,2007-04,1674.0,valid,0
AR,2007-05,1616.0,valid,0
AR,2007-06,1764.0,valid,0
AR,2007-07,1385.0,valid,0
AR,2007-08,1790.0,valid,0
AR,2007-09,1580.0,valid,0
AR,2007-10,1449.0,valid,0
AR,2007-11,1570.0,valid,0
AR,2007-12,1438.0,valid,0
AR,2008-01,1464.0,valid,0
AR,2008-02,2060.0,valid,1
AR,2008-03,1670.0,valid,1
AR,2008-04,1669.0,valid,0
AR,2008-05,1879.0,valid,1
AR,2008-06,1336.0,valid,0
AR,2008-07,1661.0,valid,0
AR,2008-08,1460.0,valid,0
AR,2008-09,1386.0,valid,2
AR,2008-10,1539.0,valid,0
AR,2008-11,1256.0,valid,0
AR,2008-12,1299.0,valid,0
AR,2009-01,1471.0,valid,2
AR,2009-02,1505.0,valid,0
AR,2009-03,1822.0,valid,0
AR,2009-04,1957.0,valid,2
AR,2009-05,1431.0,valid,0
AR,2009-06,1386.0,valid,0
AR,2009-07,1624.0,valid,0
AR,2009-08,1381.0,valid,0
AR,2009-09,1604.0,valid,0
AR,2009-10,1278.0,valid,1
AR,2009-11,1136.0,valid,0
AR,2009-12,1338.0,valid,1
AR,2010-01,1428.0,valid,0
AR,2010-02,1547.0,valid,0
AR,2010-03,1658.0,valid,0
AR,2010-04,1919.0,valid,0
AR,2010-05,1544.0,valid,0
AR,2010-06,1256.0,valid,0
AR,2010-07,1544.0,valid,0
AR,2010-08,1382.0,valid,0
AR,2010-09,1722.0,valid,0
AR,2010-10,1240.0,valid,0
AR,2010-11,1255.0,valid,0
AR,2010-12,1330.0,valid,0
AR,2011-01,1543.0,valid,0
AR,2011-02,1675.0,valid,0
AR,2011-03,1589.0,valid,0
AR,2011-04,1956.0,valid,1
AR,2011-05,1200.0,valid,1
AR,2011-06,1434.0,valid,0
AR,2011-07,1523.0,valid,0
AR,2011-08,1353.0,valid,0
AR,2011-09,1702.0,valid,0
AR,2011-10,1195.0,valid,0
AR,2011-11,1269.0,valid,0
AR,2011-12,1488.0,valid,0
AR,2012-01,1309.0,valid,0
AR,2012-02,1718.0,valid,0
AR,2012-03,1934.0,valid,0
AR,2012-04,1577.0,valid,0
AR,2012-05,1460.0,valid,0
AR,2012-06,1631.0,valid,0
AR,2012-07,1256.0,valid,0
AR,2012-08,1656.0,valid,0
AR,2012-09,1305.0,valid,0
AR,2012-10,1228.0,valid,0
AR,2012-11,1393.0,valid,0
AR,2012-12,1337.0,valid,1
AR,2013-01,1920.0,valid,0
AR,2013-02,1675.0,valid,0
AR,2013-03,1614.0,valid,0
AR,2013-04,1495.0,valid,0
AR,2013-05,1577.0,valid,1
AR,2013-06,1296.0,valid,0
AR,2013-07,1646.0,valid,0
AR,2013-08,1370.0,valid,1
AR,2013-09,1182.0,valid,0
AR,2013-10,1601.0,valid,0
AR,2013-11,1167.0,valid,0
AR,2013-12,1006.0,valid,1
AR,2014-01,1948.0,valid,0
AR,2014-02,1641.0,valid,0
AR,2014-03,1677.0,valid,0
AR,2014-04,1607.0,valid,1
AR,2014-05,1851.0,valid,0
AR,2014-06,1447.0,valid,0
AR,2014-07,1647.0,valid,0
AR,2014-08,1440.0,valid,0
AR,2014-09,1283.0,valid,0
AR,2014-10,1583.0,valid,0
AR,2014-11,1124.0,valid,0
AR,2014-12,1214.0,valid,0
AR,2015-01,1840.0,valid,0
AR,2015-02,1733.0,valid,0
AR,2015-03,1589.0,valid,0
AR,2015-04,1969.0,valid,0
AR,2015-05,1502.0,valid,1
AR,2015-06,1469.0,valid,0
AR,2015-07,1740.0,valid,0
AR,2015-08,1469.0,valid,0
AR,2015-09,1736.0,valid,0
AR,2015-10,1372.0,valid,0
AR,2015-11,1304.0,valid,0
AR,2015-12,1305.0,valid,1
AR,2016-01,1975.0,valid,0
AR,2016-02,1958.0,valid,0
AR,2016-03,2246.0,valid,1
AR,2016-04,1704.0,valid,0
AR,2016-05,1624.0,valid,0
AR,2016-06,1686.0,valid,0
AR,2016-07,1600.0,valid,0
AR,2016-08,1884.0,valid,0
AR,2016-09,1494.0,valid,0
AR,2016-10,1385.0,valid,0
AR,2016-11,1630.0,valid,0
AR,2016-12,1272.0,valid,0
AR,2017-01,2024.0,valid,0
AR,2017-02,2029.0,valid,0
AR,2017-03,2600.0,valid,0
AR,2017-04,1874.0,valid,1
AR,2017-05,2281.0,valid,0
AR,2017-06,1801.0,valid,0
AR,2017-07,1722.0,valid,0
AR,2017-08,2300.0,valid,0
AR,2017-09,1675.0,valid,0
AR,2017-10,1578.0,valid,0
AR,2017-11,1891.0,valid,0
AR,2017-12,1373.0,valid,0
AR,2018-01,2193.0,valid,0
AR,2018-02,2185.0,valid,0
AR,2018-03,2960.0,valid,0
AR,2018-04,2210.0,valid,0
AR,2018-05,2613.0,valid,0
AR,2018-06,2029.0,valid,0
AR,2018-07,1914.0,valid,0
AR,2018-08,2612.0,valid,0
AR,2018-09,1772.0,valid,0
AR,2018-10,1717.0,valid,0
AR,2018-11,1992.0,valid,0
AR,2018-12,1527.0,valid,0
AR,2019-01,2928.0,valid,0
AR,2019-02,2430.0,valid,0
AR,2019-03,2449.0,valid,0
AR,2019-04,2161.0,valid,0
AR,2019-05,2473.0,valid,2
AR,2019-06,1922.0,valid,1
AR,2019-07,1661.0,valid,0
AR,2019-08,2400.0,valid,0
AR,2019-09,1849.0,valid,0
AR,2019-10,2182.0,valid,0
AR,2019-11,1595.0,valid,0
AR,2019-12,1455.0,valid,0
AR,2020-01,2674.0,valid,2
AR,2020-02,2300.0,valid,0
AR,2020-03,1946.0,valid,1
AR,2020-04,2288.0,valid,1
AR,2020-05,2299.0,valid,0
AR,2020-06,2625.0,valid,0
AR,2020-07,4535.0,valid,0
AR,2020-08,3224.0,valid,1
AR,2020-09,3480.0,valid,0
AR,2020-10,2524.0,valid,0
AR,2020-11,2262.0,valid,0
AR,2020-12,2204.0,valid,0
AR,2021-01,4203.0,valid,0
AR,2021-02,3453.0,valid,0
AR,2021-03,4814.0,valid,0
AR,2021-04,4392.0,valid,0
AR,2021-05,3920.0,valid,0
AR,2021-06,3892.0,valid,0
AR,2021-07,2999.0,valid,0
AR,2021-08,2872.0,valid,0
AR,2021-09,3401.0,valid,0
AR,2021-10,2556.0,valid,0
AR,2021-11,2427.0,valid,0
AR,2021-12,2768.0,valid,1
AR,2022-01,3378.0,valid,0
AR,2022-02,3369.0,valid,0
AR,2022-03,4295.0,valid,0
AR,2022-04,3826.0,valid,0
AR,2022-05,3213.0,valid,0
AR,2022-06,3392.0,valid,0
AR,2022-07,2521.0,valid,0
AR,2022-08,3329.0,valid,0
AR,2022-09,2697.0,valid,0
AR,2022-10,2626.0,valid,0
AR,2022-11,2996.0,valid,0
AR,2022-12,2109.0,valid,0
AR,2023-01,3226.0,valid,1
AR,2023-02,3250.0,valid,0
AR,2023-03,4265.0,valid,1
AR,2023-04,3101.0,valid,0
AR,2023-05,3721.0,valid,0
AR,2023-06,3198.0,valid,1
AR,2023-07,3106.0,valid,0
AR,2023-08,4143.0,valid,0
AR,2023-09,2813.0,valid,0
AR,2023-10,2934.0,valid,0
AR,2023-11,3035.0,valid,0
AR,2023-12,2141.0,valid,0
AR,2024-01,3778.0,valid,0
AR,2024-02,3170.0,valid,0
AR,2024-03,3311.0,valid,0
AR,2024-04,2971.0,valid,0
AR,2024-05,3424.0,valid,1
AR,2024-06,3073.0,valid,0
AR,2024-07,3528.0,valid,0
AR,2024-08,2955.0,valid,0
AR,2024-09,2565.0,valid,0
AR,2024-10,3178.0,valid,0
AR,2024-11,2320.0,valid,0
AR,2024-12,2092.0,valid,0
AR,2025-01,3010.0,valid,0
AR,2025-02,2914.0,valid,0
AR,2025-03,3533.0,valid,1
AR,2025-04,4070.0,valid,2
AR,2025-05,2964.0,valid,0
AR,2025-06,3419.0,valid,0
AR,2025-07,3465.0,valid,0
AR,2025-08,3157.0,valid,0
AR,2025-09,2931.0,valid,0
AR,2025-10,3694.0,valid,0
AR,2025-11,3412.0,valid,0
AR,2025-12,2943.0,valid,0
AR,2026-01,4137.0,valid,1
AR,2026-02,3492.0,valid,0
AR,2026-03,3719.0,valid,0
AR,2026-04,4644.0,valid,0
AR,2026-05,3562.0,valid,0
AR,2026-06,3899.0,valid,0
AR,2026-07,,missing,0
AR,2026-08,,missing,0
AR,2026-09,,missing,0
AR,2026-10,,missing,0
AR,2026-11,,missing,0
AR,2026-12,,missing,0
AZ,2004-07,3416.0,valid,0
AZ,2004-08,3591.0,valid,0
AZ,2004-09,3537.0,valid,0
AZ,2004-10,4233.0,valid,0
AZ,2004-11,3608.0,valid,0
AZ,2004-12,4336.0,valid,1
AZ,2005-01,3898.0,valid,0
AZ,2005-02,4284.0,valid,1
AZ,2005-03,5158.0,valid,0
AZ,2005-04,4249.0,valid,0
AZ,2005-05,4215.0,valid,1
AZ,2005-06,5715.0,valid,4
AZ,2005-07,4090.0,valid,1
AZ,2005-08,4504.0,valid,1
AZ,2005-09,4385.0,valid,0
AZ,2005-10,4857.0,valid,0
AZ,2005-11,6372.0,valid,0
AZ,2005-12,4688.0,valid,0
AZ,2006-01,4438.0,valid,0
AZ,2006-02,5375.0,valid,0
AZ,2006-03,6773.0,valid,0
AZ,2006-04,5395.0,valid,0
AZ,2006-05,6555.0,valid,0
AZ,2006-06,4684.0,valid,4
AZ,2006-07,4455.0,valid,1
AZ,2006-08,5920.0,valid,0
AZ,2006-09,4474.0,valid,0
AZ,2006-10,4479.0,valid,0
AZ,2006-11,5114.0,valid,0
AZ,2006-12,5003.0,valid,0
AZ,2007-01,4197.0,valid,0
AZ,2007-02,5549.0,valid,0
AZ,2007-03,6750.0,valid,0
AZ,2007-04,5243.0,valid,0
AZ,2007-05,5354.0,valid,0
AZ,2007-06,6205.0,valid,0
AZ,2007-07,4737.0,valid,0
AZ,2007-08,6004.0,valid,0
AZ,2007-09,5008.0,valid,0
AZ,2007-10,5089.0,valid,0
AZ,2007-11,5609.0,valid,0
AZ,2007-12,4856.0,valid,0
AZ,2008-01,4363.0,valid,0
AZ,2008-02,6424.0,valid,0
AZ,2008-03,5586.0,valid,0
AZ,2008-04,5333.0,valid,0
AZ,2008-05,6492.0,valid,0
AZ,2008-06,4779.0,valid,1
AZ,2008-07,5561.0,valid,0
AZ,2008-08,5051.0,valid,0
AZ,2008-09,4588.0,valid,0
AZ,2008-10,5651.0,valid,0
AZ,2008-11,4425.0,valid,0
AZ,2008-12,4657.0,valid,0
AZ,2009-01,4238.0,valid,0
AZ,2009-02,4962.0,valid,0
AZ,2009-03,5011.0,valid,0
AZ,2009-04,6260.0,valid,0
AZ,2009-05,4750.0,valid,1
AZ,2009-06,4485.0,valid,0
AZ,2009-07,5381.0,valid,0
AZ,2009-08,4609.0,valid,1
AZ,2009-09,5505.0,valid,0
AZ,2009-10,4317.0,valid,1
AZ,2009-11,4095.0,valid,0
AZ,2009-12,4621.0,valid,0
AZ,2010-01,4416.0,valid,2
AZ,2010-02,4979.0,valid,0
AZ,2010-03,4955.0,valid,0
AZ,2010-04,5913.0,valid,0
AZ,2010-05,4904.0,valid,0
AZ,2010-06,4295.0,valid,2
AZ,2010-07,5124.0,valid,1
AZ,2010-08,4380.0,valid,0
AZ,2010-09,5487.0,valid,0
AZ,2010-10,4258.0,valid,1
AZ,2010-11,4444.0,valid,0
AZ,2010-12,4714.0,valid,0
AZ,2011-01,4669.0,valid,0
AZ,2011-02,5558.0,valid,0
AZ,2011-03,5010.0,valid,0
AZ,2011-04,5838.0,valid,0
AZ,2011-05,4112.0,valid,1
AZ,2011-06,4504.0,valid,2
AZ,2011-07,5159.0,valid,0
AZ,2011-08,4418.0,valid,0
AZ,2011-09,5518.0,valid,0
AZ,2011-10,3936.0,valid,0
AZ,2011-11,4202.0,valid,0
AZ,2011-12,4861.0,valid,0
AZ,2012-01,3746.0,valid,0
AZ,2012-02,4971.0,valid,0
AZ,2012-03,6153.0,valid,0
AZ,2012-04,4790.0,valid,0
AZ,2012-05,4507.0,valid,0
AZ,2012-06,5164.0,valid,0
AZ,2012-07,3895.0,valid,0
AZ,2012-08,5048.0,valid,0
AZ,2012-09,3951.0,valid,0
AZ,2012-10,4025.0,valid,0
AZ,2012-11,4542.0,valid,0
AZ,2012-12,4463.0,valid,1
AZ,2013-01,5318.0,valid,0
AZ,2013-02,4722.0,valid,0
AZ,2013-03,4980.0,valid,0
AZ,2013-04,4536.0,valid,0
AZ,2013-05,5088.0,valid,0
AZ,2013-06,4437.0,valid,2
AZ,2013-07,5211.0,valid,1
AZ,2013-08,4394.0,valid,0
AZ,2013-09,4030.0,valid,0
AZ,2013-10,5205.0,valid,0
AZ,2013-11,3811.0,valid,0
AZ,2013-12,3743.0,valid,0
AZ,2014-01,5397.0,valid,0
AZ,2014-02,4841.0,valid,0
AZ,2014-03,4884.0,valid,0
AZ,2014-04,4895.0,valid,0
AZ,2014-05,5721.0,valid,1
AZ,2014-06,4490.0,valid,0
AZ,2014-07,4848.0,valid,0
AZ,2014-08,4338.0,valid,0
AZ,2014-09,4046.0,valid,1
AZ,2014-10,5088.0,valid,0
AZ,2014-11,3798.0,valid,0
AZ,2014-12,4018.0,valid,0
AZ,2015-01,4968.0,valid,0
AZ,2015-02,4934.0,valid,0
AZ,2015-03,4896.0,valid,0
AZ,2015-04,5812.0,valid,0
AZ,2015-05,4236.0,valid,0
AZ,2015-06,4498.0,valid,1
AZ,2015-07,5105.0,valid,0
AZ,2015-08,4482.0,valid,1
AZ,2015-09,5366.0,valid,0
AZ,2015-10,4518.0,valid,0
AZ,2015-11,3959.0,valid,0
AZ,2015-12,4390.0,valid,0
AZ,2016-01,5195.0,valid,0
AZ,2016-02,4930.0,valid,0
AZ,2016-03,6365.0,valid,0
AZ,2016-04,5025.0,valid,0
AZ,2016-05,5035.0,valid,0
AZ,2016-06,5395.0,valid,1
AZ,2016-07,4620.0,valid,0
AZ,2016-08,6045.0,valid,0
AZ,2016-09,4738.0,valid,0
AZ,2016-10,4535.0,valid,0
AZ,2016-11,5459.0,valid,0
AZ,2016-12,4103.0,valid,0
AZ,2017-01,5657.0,valid,0
AZ,2017-02,5534.0,valid,0
AZ,2017-03,7304.0,valid,0
AZ,2017-04,5600.0,valid,0
AZ,2017-05,6598.0,valid,0
AZ,2017-06,5177.0,valid,2
AZ,2017-07,4897.0,valid,1
AZ,2017-08,6655.0,valid,0
AZ,2017-09,5087.0,valid,0
AZ,2017-10,4946.0,valid,0
AZ,2017-11,6074.0,valid,0
AZ,2017-12,4426.0,valid,0
AZ,2018-01,6294.0,valid,0
AZ,2018-02,6049.0,valid,0
AZ,2018-03,7737.0,valid,0
AZ,2018-04,6236.0,valid,1
AZ,2018-05,6704.0,valid,1
AZ,2018-06,5461.0,valid,0
AZ,2018-07,5346.0,valid,1
AZ,2018-08,7178.0,valid,0
AZ,2018-09,5532.0,valid,0
AZ,2018-10,5519.0,valid,1
AZ,2018-11,6556.0,valid,0
AZ,2018-12,5026.0,valid,0
AZ,2019-01,7526.0,valid,0
AZ,2019-02,6823.0,valid,1
AZ,2019-03,6857.0,valid,0
AZ,2019-04,6408.0,valid,0
AZ,2019-05,7449.0,valid,0
AZ,2019-06,5977.0,valid,0
AZ,2019-07,5562.0,valid,1
AZ,2019-08,7348.0,valid,0
AZ,2019-09,5685.0,valid,0
AZ,2019-10,7052.0,valid,0
AZ,2019-11,5079.0,valid,0
AZ,2019-12,4871.0,valid,0
AZ,2020-01,7504.0,valid,3
AZ,2020-02,6716.0,valid,0
AZ,2020-03,5821.0,valid,0
AZ,2020-04,6578.0,valid,0
AZ,2020-05,6060.0,valid,2
AZ,2020-06,7308.0,valid,4
AZ,2020-07,11194.0,valid,0
AZ,2020-08,8920.0,valid,1
AZ,2020-09,9645.0,valid,0
AZ,2020-10,7169.0,valid,0
AZ,2020-11,6692.0,valid,0
AZ,2020-12,6473.0,valid,0
AZ,2021-01,9889.0,valid,0
AZ,2021-02,9312.0,valid,0
AZ,2021-03,12003.0,valid,0
AZ,2021-04,10454.0,valid,1
AZ,2021-05,9915.0,valid,1
AZ,2021-06,10507.0,valid,1
AZ,2021-07,8273.0,valid,1
AZ,2021-08,8448.0,valid,0
AZ,2021-09,10363.0,valid,0
AZ,2021-10,8020.0,valid,0
AZ,2021-11,7650.0,valid,0
AZ,2021-12,8609.0,valid,0
AZ,2022-01,10132.0,valid,0
AZ,2022-02,10212.0,valid,0
AZ,2022-03,12454.0,valid,0
AZ,2022-04,9596.0,valid,2
AZ,2022-05,9242.0,valid,0
AZ,2022-06,10114.0,valid,1
AZ,2022-07,8242.0,valid,1
AZ,2022-08,11140.0,valid,0
AZ,2022-09,8558.0,valid,0
AZ,2022-10,8578.0,valid,1
AZ,2022-11,9947.0,valid,0
AZ,2022-12,7108.0,valid,0
AZ,2023-01,10302.0,valid,1
AZ,2023-02,10567.0,valid,0
AZ,2023-03,13746.0,valid,0
AZ,2023-04,9954.0,valid,0
AZ,2023-05,12296.0,valid,0
AZ,2023-06,10033.0,valid,1
AZ,2023-07,9489.0,valid,0
AZ,2023-08,12733.0,valid,0
AZ,2023-09,9460.0,valid,0
AZ,2023-10,9091.0,valid,0
AZ,2023-11,10323.0,valid,0
AZ,2023-12,7423.0,valid,0
AZ,2024-01,13301.0,valid,0
AZ,2024-02,10032.0,valid,0
AZ,2024-03,10345.0,valid,0
AZ,2024-04,9700.0,valid,0
AZ,2024-05,11633.0,valid,1
AZ,2024-06,9654.0,valid,2
AZ,2024-07,11045.0,valid,3
AZ,2024-08,9310.0,valid,1
AZ,2024-09,8986.0,valid,0
AZ,2024-10,10766.0,valid,0
AZ,2024-11,8624.0,valid,0
AZ,2024-12,7875.0,valid,0
AZ,2025-01,11706.0,valid,0
AZ,2025-02,10256.0,valid,0
AZ,2025-03,11152.0,valid,0
AZ,2025-04,13058.0,valid,0
AZ,2025-05,9555.0,valid,2
AZ,2025-06,10144.0,valid,0
AZ,2025-07,12265.0,valid,0
AZ,2025-08,9941.0,valid,0
AZ,2025-09,12316.0,valid,0
AZ,2025-10,12239.0,valid,1
AZ,2025-11,11380.0,valid,0
AZ,2025-12,11667.0,valid,0
AZ,2026-01,11699.0,valid,0
AZ,2026-02,12323.0,valid,0
AZ,2026-03,12900.0,valid,0
AZ,2026-04,16386.0,valid,0
AZ,2026-05,13443.0,valid,0
AZ,2026-06,14005.0,valid,0
AZ,2026-07,,missing,0
AZ,2026-08,,missing,0
AZ,2026-09,,missing,0
AZ,2026-10,,missing,0
AZ,2026-11,,missing,0
AZ,2026-12,,missing,0
CA,2004-07,18111.0,valid,7
CA,2004-08,18325.0,valid,6
CA,2004-09,17001.0,valid,4
CA,2004-10,22060.0,valid,0
CA,2004-11,18790.0,valid,0
CA,2004-12,20075.0,valid,1
CA,2005-01,20279.0,valid,0
CA,2005-02,24396.0,valid,1
CA,2005-03,29160.0,valid,0
CA,2005-04,23484.0,valid,0
CA,2005-05,21692.0,valid,0
CA,2005-06,26044.0,valid,0
CA,2005-07,19137.0,valid,1
CA,2005-08,21171.0,valid,2
CA,2005-09,19446.0,valid,2
CA,2005-10,21512.0,valid,2
CA,2005-11,25729.0,valid,1
CA,2005-12,19220.0,valid,1
CA,2006-01,21519.0,valid,0
CA,2006-02,26080.0,valid,1
CA,2006-03,31843.0,valid,1
CA,2006-04,25551.0,valid,0
CA,2006-05,30599.0,valid,0
CA,2006-06,21786.0,valid,0
CA,2006-07,20243.0,valid,3
CA,2006-08,26376.0,valid,0
CA,2006-09,19050.0,valid,2
CA,2006-10,19301.0,valid,1
CA,2006-11,22109.0,valid,0
CA,2006-12,20578.0,valid,1
CA,2007-01,21445.0,valid,1
CA,2007-02,26509.0,valid,0
CA,2007-03,31460.0,valid,1
CA,2007-04,23908.0,valid,0
CA,2007-05,23807.0,valid,2
CA,2007-06,27918.0,valid,2
CA,2007-07,20283.0,valid,2
CA,2007-08,26153.0,valid,0
CA,2007-09,20784.0,valid,2
CA,2007-10,21222.0,valid,10
CA,2007-11,23356.0,valid,0
CA,2007-12,19586.0,valid,0
CA,2008-01,20196.0,valid,0
CA,2008-02,30460.0,valid,0
CA,2008-03,26063.0,valid,0
CA,2008-04,24024.0,valid,1
CA,2008-05,28311.0,valid,1
CA,2008-06,20571.0,valid,7
CA,2008-07,23913.0,valid,2
CA,2008-08,21085.0,valid,0
CA,2008-09,19097.0,valid,1
CA,2008-10,23131.0,valid,2
CA,2008-11,16826.0,valid,4
CA,2008-12,17737.0,valid,0
CA,2009-01,20292.0,valid,0
CA,2009-02,21578.0,valid,0
CA,2009-03,22257.0,valid,0
CA,2009-04,26880.0,valid,0
CA,2009-05,20720.0,valid,1
CA,2009-06,18997.0,valid,0
CA,2009-07,23392.0,valid,0
CA,2009-08,18654.0,valid,7
CA,2009-09,22596.0,valid,1
CA,2009-10,18152.0,valid,1
CA,2009-11,17105.0,valid,0
CA,2009-12,18455.0,valid,0
CA,2010-01,18481.0,valid,1
CA,2010-02,22396.0,valid,0
CA,2010-03,22249.0,valid,0
CA,2010-04,28305.0,valid,1
CA,2010-05,21237.0,valid,0
CA,2010-06,18751.0,valid,0
CA,2010-07,23394.0,valid,3
CA,2010-08,20721.0,valid,1
CA,2010-09,23896.0,valid,2
CA,2010-10,18793.0,valid,0
CA,2010-11,19030.0,valid,0
CA,2010-12,19030.0,valid,1
CA,2011-01,21308.0,valid,0
CA,2011-02,24740.0,valid,0
CA,2011-03,23635.0,valid,1
CA,2011-04,30123.0,valid,0
CA,2011-05,19694.0,valid,0
CA,2011-06,21690.0,valid,0
CA,2011-07,24676.0,valid,0
CA,2011-08,20432.0,valid,0
CA,2011-09,24064.0,valid,4
CA,2011-10,18935.0,valid,0
CA,2011-11,19513.0,valid,0
CA,2011-12,21091.0,valid,0
CA,2012-01,16617.0,valid,0
CA,2012-02,23196.0,valid,0
CA,2012-03,29139.0,valid,0
CA,2012-04,24458.0,valid,0
CA,2012-05,23804.0,valid,0
CA,2012-06,26010.0,valid,0
CA,2012-07,20051.0,valid,0
CA,2012-08,24539.0,valid,2
CA,2012-09,18839.0,valid,1
CA,2012-10,19436.0,valid,0
CA,2012-11,22143.0,valid,0
CA,2012-12,19771.0,valid,0
CA,2013-01,25566.0,valid,0
CA,2013-02,21268.0,valid,0
CA,2013-03,25300.0,valid,0
CA,2013-04,23624.0,valid,0
CA,2013-05,29356.0,valid,3
CA,2013-06,23549.0,valid,0
CA,2013-07,25857.0,valid,1
CA,2013-08,21146.0,valid,4
CA,2013-09,19450.0,valid,1
CA,2013-10,26095.0,valid,0
CA,2013-11,18518.0,valid,0
CA,2013-12,18207.0,valid,0
CA,2014-01,29820.0,valid,1
CA,2014-02,26031.0,valid,0
CA,2014-03,27399.0,valid,0
CA,2014-04,25712.0,valid,0
CA,2014-05,28545.0,valid,2
CA,2014-06,22970.0,valid,0
CA,2014-07,26243.0,valid,1
CA,2014-08,22261.0,valid,8
CA,2014-09,20360.0,valid,4
CA,2014-10,26232.0,valid,1
CA,2014-11,18191.0,valid,0
CA,2014-12,19626.0,valid,1
CA,2015-01,29286.0,valid,0
CA,2015-02,26882.0,valid,0
CA,2015-03,27118.0,valid,0
CA,2015-04,32367.0,valid,0
CA,2015-05,23486.0,valid,0
CA,2015-06,24252.0,valid,0
CA,2015-07,27924.0,valid,3
CA,2015-08,22829.0,valid,0
CA,2015-09,26938.0,valid,3
CA,2015-10,22349.0,valid,0
CA,2015-11,18777.0,valid,0
CA,2015-12,21391.0,valid,0
CA,2016-01,29194.0,valid,0
CA,2016-02,28010.0,valid,0
CA,2016-03,34335.0,valid,0
CA,2016-04,26292.0,valid,0
CA,2016-05,25900.0,valid,0
CA,2016-06,27415.0,valid,4
CA,2016-07,23567.0,valid,4
CA,2016-08,29413.0,valid,5
CA,2016-09,22841.0,valid,0
CA,2016-10,22571.0,valid,0
CA,2016-11,25051.0,valid,0
CA,2016-12,18063.0,valid,0
CA,2017-01,27089.0,valid,3
CA,2017-02,29377.0,valid,3
CA,2017-03,36866.0,valid,0
CA,2017-04,28103.0,valid,0
CA,2017-05,31976.0,valid,0
CA,2017-06,26911.0,valid,0
CA,2017-07,24103.0,valid,2
CA,2017-08,30880.0,valid,3
CA,2017-09,23194.0,valid,3
CA,2017-10,23346.0,valid,11
CA,2017-11,26902.0,valid,0
CA,2017-12,18144.0,valid,7
CA,2018-01,31808.0,valid,0
CA,2018-02,31961.0,valid,0
CA,2018-03,40652.0,valid,0
CA,2018-04,30091.0,valid,0
CA,2018-05,38532.0,valid,0
CA,2018-06,30066.0,valid,2
CA,2018-07,26189.0,valid,8
CA,2018-08,34242.0,valid,1
CA,2018-09,26064.0,valid,0
CA,2018-10,25864.0,valid,0
CA,2018-11,28035.0,valid,5
CA,2018-12,21794.0,valid,0
CA,2019-01,36669.0,valid,0
CA,2019-02,33538.0,valid,5
CA,2019-03,33105.0,valid,0
CA,2019-04,31172.0,valid,0
CA,2019-05,36585.0,valid,0
CA,2019-06,29126.0,valid,0
CA,2019-07,24950.0,valid,1
CA,2019-08,33353.0,valid,0
CA,2019-09,25084.0,valid,0
CA,2019-10,32855.0,valid,8
CA,2019-11,23443.0,valid,2
CA,2019-12,25191.0,valid,0
CA,2020-01,40136.0,valid,2
CA,2020-02,37639.0,valid,0
CA,2020-03,31709.0,valid,0
CA,2020-04,31790.0,valid,0
CA,2020-05,28975.0,valid,0
CA,2020-06,33140.0,valid,0
CA,2020-07,53756.0,valid,0
CA,2020-08,43386.0,valid,10
CA,2020-09,46018.0,valid,8
CA,2020-10,35408.0,valid,2
CA,2020-11,28938.0,valid,0
CA,2020-12,27857.0,valid,1
CA,2021-01,49552.0,valid,0
CA,2021-02,45304.0,valid,0
CA,2021-03,59985.0,valid,0
CA,2021-04,46948.0,valid,0
CA,2021-05,45658.0,valid,0
CA,2021-06,50618.0,valid,1
CA,2021-07,36864.0,valid,2
CA,2021-08,37048.0,valid,6
CA,2021-09,45057.0,valid,1
CA,2021-10,35049.0,valid,1
CA,2021-11,31927.0,valid,0
CA,2021-12,35685.0,valid,0
CA,2022-01,45309.0,valid,0
CA,2022-02,44110.0,valid,0
CA,2022-03,50272.0,valid,0
CA,2022-04,30354.0,valid,0
CA,2022-05,38123.0,valid,1
CA,2022-06,53596.0,valid,0
CA,2022-07,35908.0,valid,1
CA,2022-08,46649.0,valid,0
CA,2022-09,36776.0,valid,3
CA,2022-10,38074.0,valid,0
CA,2022-11,39671.0,valid,0
CA,2022-12,28244.0,valid,2
CA,2023-01,43059.0,valid,1
CA,2023-02,51150.0,valid,3
CA,2023-03,68480.0,valid,2
CA,2023-04,44456.0,valid,0
CA,2023-05,56069.0,valid,0
CA,2023-06,49877.0,valid,0
CA,2023-07,46644.0,valid,0
CA,2023-08,51192.0,valid,3
CA,2023-09,38089.0,valid,0
CA,2023-10,36295.0,valid,0
CA,2023-11,43054.0,valid,0
CA,2023-12,30247.0,valid,0
CA,2024-01,53465.0,valid,4
CA,2024-02,43519.0,valid,0
CA,2024-03,45815.0,valid,0
CA,2024-04,43151.0,valid,0
CA,2024-05,53451.0,valid,0
CA,2024-06,40321.0,valid,0
CA,2024-07,45599.0,valid,5
CA,2024-08,40526.0,valid,0
CA,2024-09,38170.0,valid,4
CA,2024-10,47944.0,valid,0
CA,2024-11,34279.0,valid,1
CA,2024-12,30893.0,valid,1
CA,2025-01,52539.0,valid,4
CA,2025-02,44151.0,valid,0
CA,2025-03,50858.0,valid,0
CA,2025-04,59638.0,valid,0
CA,2025-05,42971.0,valid,0
CA,2025-06,42382.0,valid,0
CA,2025-07,47046.0,valid,0
CA,2025-08,39931.0,valid,1
CA,2025-09,41535.0,valid,1
CA,2025-10,52556.0,valid,0
CA,2025-11,38553.0,valid,0
CA,2025-12,41771.0,valid,0
CA,2026-01,57311.0,valid,0
CA,2026-02,51119.0,valid,0
CA,2026-03,51883.0,valid,0
CA,2026-04,62033.0,valid,0
CA,2026-05,51444.0,valid,3
CA,2026-06,50775.0,valid,0
CA,2026-07,,missing,0
CA,2026-08,,missing,0
CA,2026-09,,missing,0
CA,2026-10,,missing,0
CA,2026-11,,missing,0
CA,2026-12,,missing,0
CO,2004-07,3356.0,valid,1
CO,2004-08,3600.0,valid,0
CO,2004-09,3494.0,valid,0
CO,2004-10,4994.0,valid,0
CO,2004-11,4189.0,valid,0
CO,2004-12,4570.0,valid,0
CO,2005-01,4301.0,valid,0
CO,2005-02,5211.0,valid,0
CO,2005-03,6668.0,valid,0
CO,2005-04,4934.0,valid,0
CO,2005-05,4241.0,valid,0
CO,2005-06,5213.0,valid,0
CO,2005-07,3566.0,valid,1
CO,2005-08,4029.0,valid,1
CO,2005-09,3813.0,valid,0
CO,2005-10,4331.0,valid,0
CO,2005-11,5461.0,valid,0
CO,2005-12,4083.0,valid,0
CO,2006-01,4525.0,valid,1
CO,2006-02,5161.0,valid,0
CO,2006-03,6745.0,valid,0
CO,2006-04,5089.0,valid,0
CO,2006-05,6232.0,valid,0
CO,2006-06,4339.0,valid,1
CO,2006-07,4087.0,valid,0
CO,2006-08,5527.0,valid,1
CO,2006-09,4176.0,valid,0
CO,2006-10,4028.0,valid,0
CO,2006-11,4710.0,valid,0
CO,2006-12,4396.0,valid,2
CO,2007-01,4120.0,valid,0
CO,2007-02,5426.0,valid,0
CO,2007-03,6861.0,valid,0
CO,2007-04,5063.0,valid,0
CO,2007-05,4880.0,valid,0
CO,2007-06,5745.0,valid,1
CO,2007-07,4305.0,valid,0
CO,2007-08,5373.0,valid,0
CO,2007-09,4571.0,valid,0
CO,2007-10,4673.0,valid,0
CO,2007-11,5268.0,valid,0
CO,2007-12,4540.0,valid,0
CO,2008-01,4576.0,valid,0
CO,2008-02,6666.0,valid,0
CO,2008-03,5852.0,valid,0
CO,2008-04,5281.0,valid,1
CO,2008-05,6201.0,valid,1
CO,2008-06,4288.0,valid,1
CO,2008-07,4878.0,valid,0
CO,2008-08,4547.0,valid,0
CO,2008-09,4206.0,valid,0
CO,2008-10,5123.0,valid,0
CO,2008-11,4094.0,valid,0
CO,2008-12,4248.0,valid,0
CO,2009-01,4865.0,valid,1
CO,2009-02,4919.0,valid,0
CO,2009-03,5141.0,valid,0
CO,2009-04,5866.0,valid,0
CO,2009-05,4508.0,valid,0
CO,2009-06,4315.0,valid,0
CO,2009-07,4981.0,valid,0
CO,2009-08,4261.0,valid,0
CO,2009-09,5443.0,valid,0
CO,2009-10,4431.0,valid,0
CO,2009-11,4556.0,valid,0
CO,2009-12,5172.0,valid,0
CO,2010-01,5321.0,valid,0
CO,2010-02,5643.0,valid,0
CO,2010-03,5322.0,valid,0
CO,2010-04,6388.0,valid,0
CO,2010-05,5110.0,valid,0
CO,2010-06,4493.0,valid,0
CO,2010-07,5441.0,valid,0
CO,2010-08,4311.0,valid,0
CO,2010-09,5452.0,valid,2
CO,2010-10,4465.0,valid,0
CO,2010-11,4397.0,valid,0
CO,2010-12,4792.0,valid,0
CO,2011-01,5128.0,valid,0
CO,2011-02,5561.0,valid,0
CO,2011-03,5447.0,valid,1
CO,2011-04,6280.0,valid,1
CO,2011-05,4137.0,valid,0
CO,2011-06,4436.0,valid,1
CO,2011-07,5287.0,valid,0
CO,2011-08,4325.0,valid,0
CO,2011-09,5168.0,valid,0
CO,2011-10,4175.0,valid,0
CO,2011-11,4388.0,valid,0
CO,2011-12,4877.0,valid,0
CO,2012-01,4404.0,valid,0
CO,2012-02,5225.0,valid,0
CO,2012-03,7048.0,valid,1
CO,2012-04,5325.0,valid,0
CO,2012-05,4921.0,valid,0
CO,2012-06,5471.0,valid,4
CO,2012-07,4130.0,valid,0
CO,2012-08,5360.0,valid,0
CO,2012-09,4236.0,valid,0
CO,2012-10,4296.0,valid,1
CO,2012-11,4959.0,valid,0
CO,2012-12,5043.0,valid,0
CO,2013-01,7082.0,valid,0
CO,2013-02,5653.0,valid,0
CO,2013-03,5563.0,valid,0
CO,2013-04,5384.0,valid,0
CO,2013-05,5764.0,valid,0
CO,2013-06,4685.0,valid,6
CO,2013-07,5646.0,valid,0
CO,2013-08,4680.0,valid,0
CO,2013-09,4336.0,valid,2
CO,2013-10,6051.0,valid,0
CO,2013-11,4579.0,valid,0
CO,2013-12,4095.0,valid,0
CO,2014-01,6860.0,valid,0
CO,2014-02,5725.0,valid,0
CO,2014-03,6179.0,valid,0
CO,2014-04,5802.0,valid,0
CO,2014-05,6766.0,valid,0
CO,2014-06,5218.0,valid,0
CO,2014-07,6238.0,valid,0
CO,2014-08,5328.0,valid,0
CO,2014-09,5232.0,valid,0
CO,2014-10,6540.0,valid,0
CO,2014-11,4538.0,valid,0
CO,2014-12,4953.0,valid,0
CO,2015-01,6833.0,valid,0
CO,2015-02,6354.0,valid,0
CO,2015-03,6478.0,valid,0
CO,2015-04,7506.0,valid,0
CO,2015-05,5591.0,valid,1
CO,2015-06,5508.0,valid,0
CO,2015-07,6391.0,valid,0
CO,2015-08,5257.0,valid,0
CO,2015-09,6439.0,valid,0
CO,2015-10,5318.0,valid,0
CO,2015-11,4745.0,valid,0
CO,2015-12,5140.0,valid,0
CO,2016-01,6911.0,valid,0
CO,2016-02,6285.0,valid,0
CO,2016-03,8161.0,valid,0
CO,2016-04,6384.0,valid,0
CO,2016-05,6085.0,valid,0
CO,2016-06,6240.0,valid,0
CO,2016-07,5591.0,valid,1
CO,2016-08,7118.0,valid,0
CO,2016-09,5480.0,valid,0
CO,2016-10,5405.0,valid,2
CO,2016-11,6332.0,valid,0
CO,2016-12,4803.0,valid,0
CO,2017-01,7205.0,valid,0
CO,2017-02,6802.0,valid,0
CO,2017-03,8750.0,valid,0
CO,2017-04,6722.0,valid,0
CO,2017-05,7889.0,valid,0
CO,2017-06,6005.0,valid,0
CO,2017-07,5846.0,valid,0
CO,2017-08,7550.0,valid,0
CO,2017-09,5740.0,valid,0
CO,2017-10,5632.0,valid,0
CO,2017-11,7195.0,valid,0
CO,2017-12,4962.0,valid,0
CO,2018-01,8160.0,valid,0
CO,2018-02,7723.0,valid,0
CO,2018-03,9880.0,valid,0
CO,2018-04,7384.0,valid,0
CO,2018-05,8396.0,valid,0
CO,2018-06,6714.0,valid,2
CO,2018-07,6124.0,valid,1
CO,2018-08,8285.0,valid,0
CO,2018-09,6302.0,valid,0
CO,2018-10,6167.0,valid,0
CO,2018-11,7166.0,valid,0
CO,2018-12,5606.0,valid,0
CO,2019-01,9121.0,valid,0
CO,2019-02,7965.0,valid,0
CO,2019-03,7846.0,valid,0
CO,2019-04,7648.0,valid,0
CO,2019-05,8439.0,valid,0
CO,2019-06,6446.0,valid,0
CO,2019-07,5957.0,valid,0
CO,2019-08,7980.0,valid,0
CO,2019-09,6302.0,valid,0
CO,2019-10,7644.0,valid,0
CO,2019-11,5604.0,valid,0
CO,2019-12,5506.0,valid,0
CO,2020-01,9259.0,valid,2
CO,2020-02,7484.0,valid,0
CO,2020-03,6440.0,valid,0
CO,2020-04,7122.0,valid,0
CO,2020-05,6454.0,valid,0
CO,2020-06,7354.0,valid,0
CO,2020-07,10220.0,valid,0
CO,2020-08,8430.0,valid,2
CO,2020-09,9731.0,valid,2
CO,2020-10,7233.0,valid,2
CO,2020-11,6887.0,valid,0
CO,2020-12,6917.0,valid,0
CO,2021-01,10829.0,valid,0
CO,2021-02,9488.0,valid,0
CO,2021-03,12181.0,valid,0
CO,2021-04,9617.0,valid,0
CO,2021-05,8987.0,valid,0
CO,2021-06,10013.0,valid,0
CO,2021-07,7966.0,valid,0
CO,2021-08,8482.0,valid,0
CO,2021-09,9928.0,valid,0
CO,2021-10,7752.0,valid,0
CO,2021-11,7512.0,valid,0
CO,2021-12,8422.0,valid,2
CO,2022-01,10775.0,valid,0
CO,2022-02,10065.0,valid,0
CO,2022-03,12660.0,valid,0
CO,2022-04,9901.0,valid,0
CO,2022-05,8543.0,valid,0
CO,2022-06,9608.0,valid,0
CO,2022-07,8419.0,valid,0
CO,2022-08,11283.0,valid,0
CO,2022-09,8610.0,valid,0
CO,2022-10,8972.0,valid,0
CO,2022-11,10080.0,valid,0
CO,2022-12,7235.0,valid,0
CO,2023-01,10771.0,valid,0
CO,2023-02,10901.0,valid,0
CO,2023-03,14212.0,valid,0
CO,2023-04,11191.0,valid,0
CO,2023-05,13047.0,valid,0
CO,2023-06,10090.0,valid,1
CO,2023-07,9554.0,valid,0
CO,2023-08,13373.0,valid,0
CO,2023-09,10337.0,valid,0
CO,2023-10,9507.0,valid,0
CO,2023-11,11202.0,valid,0
CO,2023-12,15558.0,valid,0
CO,2024-01,14750.0,valid,0
CO,2024-02,10817.0,valid,0
CO,2024-03,11277.0,valid,0
CO,2024-04,11286.0,valid,0
CO,2024-05,12334.0,valid,0
CO,2024-06,9983.0,valid,0
CO,2024-07,11013.0,valid,2
CO,2024-08,9534.0,valid,1
CO,2024-09,9504.0,valid,0
CO,2024-10,11690.0,valid,0
CO,2024-11,9237.0,valid,0
CO,2024-12,9293.0,valid,0
CO,2025-01,13391.0,valid,0
CO,2025-02,11151.0,valid,0
CO,2025-03,12569.0,valid,0
CO,2025-04,14723.0,valid,0
CO,2025-05,11169.0,valid,0
CO,2025-06,12841.0,valid,0
CO,2025-07,12775.0,valid,0
CO,2025-08,10794.0,valid,3
CO,2025-09,10596.0,valid,0
CO,2025-10,12478.0,valid,0
CO,2025-11,9926.0,valid,0
CO,2025-12,11394.0,valid,0
CO,2026-01,14603.0,valid,0
CO,2026-02,12634.0,valid,0
CO,2026-03,14600.0,valid,0
CO,2026-04,19148.0,valid,0
CO,2026-05,14173.0,valid,0
CO,2026-06,14841.0,valid,2
CO,2026-07,,missing,1
CO,2026-08,,missing,0
CO,2026-09,,missing,0
CO,2026-10,,missing,0
CO,2026-11,,missing,0
CO,2026-12,,missing,0
CT,2004-07,1900.0,valid,0
CT,2004-08,2170.0,valid,0
CT,2004-09,1870.0,valid,0
CT,2004-10,2461.0,valid,0
CT,2004-11,2136.0,valid,0
CT,2004-12,2199.0,valid,0
CT,2005-01,2030.0,valid,1
CT,2005-02,2455.0,valid,0
CT,2005-03,3028.0,valid,0
CT,2005-04,2468.0,valid,0
CT,2005-05,2335.0,valid,0
CT,2005-06,2691.0,valid,0
CT,2005-07,2028.0,valid,0
CT,2005-08,2028.0,valid,1
CT,2005-09,2357.0,valid,0
CT,2005-10,2287.0,valid,1
CT,2005-11,2601.0,valid,0
CT,2005-12,2001.0,valid,0
CT,2006-01,2048.0,valid,0
CT,2006-02,2704.0,valid,1
CT,2006-03,3343.0,valid,0
CT,2006-04,2731.0,valid,0
CT,2006-05,3230.0,valid,0
CT,2006-06,2293.0,valid,0
CT,2006-07,2047.0,valid,0
CT,2006-08,2742.0,valid,0
CT,2006-09,2180.0,valid,0
CT,2006-10,2070.0,valid,0
CT,2006-11,2440.0,valid,0
CT,2006-12,2396.0,valid,0
CT,2007-01,2049.0,valid,0
CT,2007-02,2565.0,valid,0
CT,2007-03,3239.0,valid,0
CT,2007-04,2491.0,valid,1
CT,2007-05,2520.0,valid,0
CT,2007-06,2773.0,valid,0
CT,2007-07,2110.0,valid,0
CT,2007-08,2703.0,valid,0
CT,2007-09,2185.0,valid,0
CT,2007-10,2295.0,valid,0
CT,2007-11,2641.0,valid,0
CT,2007-12,2183.0,valid,0
CT,2008-01,2064.0,valid,0
CT,2008-02,3080.0,valid,0
CT,2008-03,2659.0,valid,0
CT,2008-04,2504.0,valid,0
CT,2008-05,3012.0,valid,0
CT,2008-06,2054.0,valid,0
CT,2008-07,2471.0,valid,0
CT,2008-08,2128.0,valid,0
CT,2008-09,1971.0,valid,0
CT,2008-10,2418.0,valid,0
CT,2008-11,1958.0,valid,0
CT,2008-12,2038.0,valid,0
CT,2009-01,1965.0,valid,0
CT,2009-02,2207.0,valid,0
CT,2009-03,2316.0,valid,0
CT,2009-04,2670.0,valid,0
CT,2009-05,2066.0,valid,0
CT,2009-06,2067.0,valid,0
CT,2009-07,2346.0,valid,0
CT,2009-08,1918.0,valid,0
CT,2009-09,2374.0,valid,0
CT,2009-10,1922.0,valid,0
CT,2009-11,1906.0,valid,0
CT,2009-12,2061.0,valid,0
CT,2010-01,1989.0,valid,0
CT,2010-02,2203.0,valid,0
CT,2010-03,2372.0,valid,1
CT,2010-04,2878.0,valid,0
CT,2010-05,2223.0,valid,0
CT,2010-06,2098.0,valid,0
CT,2010-07,2402.0,valid,0
CT,2010-08,1716.0,valid,0
CT,2010-09,2409.0,valid,0
CT,2010-10,1922.0,valid,0
CT,2010-11,1910.0,valid,0
CT,2010-12,2074.0,valid,0
CT,2011-01,1881.0,valid,1
CT,2011-02,2145.0,valid,0
CT,2011-03,2382.0,valid,0
CT,2011-04,2919.0,valid,0
CT,2011-05,1876.0,valid,0
CT,2011-06,2112.0,valid,0
CT,2011-07,2383.0,valid,0
CT,2011-08,1978.0,valid,2
CT,2011-09,2256.0,valid,0
CT,2011-10,1952.0,valid,2
CT,2011-11,1824.0,valid,0
CT,2011-12,2262.0,valid,0
CT,2012-01,1751.0,valid,0
CT,2012-02,2396.0,valid,0
CT,2012-03,3252.0,valid,0
CT,2012-04,2356.0,valid,0
CT,2012-05,2306.0,valid,0
CT,2012-06,2580.0,valid,0
CT,2012-07,1915.0,valid,0
CT,2012-08,2364.0,valid,0
CT,2012-09,1717.0,valid,0
CT,2012-10,1926.0,valid,2
CT,2012-11,2056.0,valid,0
CT,2012-12,2208.0,valid,0
CT,2013-01,2627.0,valid,0
CT,2013-02,2056.0,valid,2
CT,2013-03,2366.0,valid,0
CT,2013-04,2205.0,valid,0
CT,2013-05,2605.0,valid,0
CT,2013-06,2082.0,valid,0
CT,2013-07,2428.0,valid,0
CT,2013-08,1915.0,valid,0
CT,2013-09,1761.0,valid,0
CT,2013-10,2482.0,valid,0
CT,2013-11,1780.0,valid,0
CT,2013-12,1794.0,valid,0
CT,2014-01,2484.0,valid,0
CT,2014-02,2173.0,valid,0
CT,2014-03,2548.0,valid,0
CT,2014-04,2340.0,valid,0
CT,2014-05,2756.0,valid,0
CT,2014-06,2091.0,valid,0
CT,2014-07,2305.0,valid,0
CT,2014-08,1888.0,valid,0
CT,2014-09,1893.0,valid,0
CT,2014-10,2311.0,valid,0
CT,2014-11,1789.0,valid,0
CT,2014-12,1968.0,valid,0
CT,2015-01,2221.0,valid,1
CT,2015-02,2133.0,valid,0
CT,2015-03,2497.0,valid,0
CT,2015-04,2854.0,valid,0
CT,2015-05,2020.0,valid,0
CT,2015-06,2175.0,valid,0
CT,2015-07,2467.0,valid,0
CT,2015-08,2028.0,valid,0
CT,2015-09,2286.0,valid,0
CT,2015-10,1946.0,valid,0
CT,2015-11,1675.0,valid,0
CT,2015-12,1881.0,valid,0
CT,2016-01,2331.0,valid,0
CT,2016-02,2193.0,valid,0
CT,2016-03,3030.0,valid,0
CT,2016-04,2331.0,valid,0
CT,2016-05,2306.0,valid,0
CT,2016-06,2202.0,valid,0
CT,2016-07,2202.0,valid,0
CT,2016-08,2455.0,valid,0
CT,2016-09,2082.0,valid,0
CT,2016-10,1988.0,valid,0
CT,2016-11,2557.0,valid,0
CT,2016-12,1905.0,valid,0
CT,2017-01,2624.0,valid,0
CT,2017-02,2429.0,valid,0
CT,2017-03,3304.0,valid,0
CT,2017-04,2505.0,valid,0
CT,2017-05,2951.0,valid,0
CT,2017-06,2329.0,valid,0
CT,2017-07,2142.0,valid,0
CT,2017-08,2857.0,valid,0
CT,2017-09,2240.0,valid,0
CT,2017-10,2194.0,valid,0
CT,2017-11,2704.0,valid,0
CT,2017-12,1870.0,valid,0
CT,2018-01,2864.0,valid,0
CT,2018-02,2858.0,valid,0
CT,2018-03,3769.0,valid,0
CT,2018-04,2901.0,valid,0
CT,2018-05,3338.0,valid,1
CT,2018-06,2716.0,valid,0
CT,2018-07,2407.0,valid,0
CT,2018-08,3139.0,valid,0
CT,2018-09,2266.0,valid,1
CT,2018-10,2394.0,valid,0
CT,2018-11,3012.0,valid,0
CT,2018-12,2278.0,valid,0
CT,2019-01,3451.0,valid,0
CT,2019-02,2963.0,valid,0
CT,2019-03,3268.0,valid,0
CT,2019-04,2871.0,valid,0
CT,2019-05,3240.0,valid,0
CT,2019-06,2466.0,valid,0
CT,2019-07,2084.0,valid,0
CT,2019-08,3014.0,valid,0
CT,2019-09,2302.0,valid,0
CT,2019-10,3007.0,valid,0
CT,2019-11,2225.0,valid,0
CT,2019-12,2018.0,valid,0
CT,2020-01,3212.0,valid,2
CT,2020-02,2762.0,valid,0
CT,2020-03,2648.0,valid,0
CT,2020-04,2534.0,valid,0
CT,2020-05,2544.0,valid,0
CT,2020-06,2911.0,valid,0
CT,2020-07,4377.0,valid,0
CT,2020-08,3306.0,valid,2
CT,2020-09,4173.0,valid,0
CT,2020-10,3187.0,valid,0
CT,2020-11,2958.0,valid,0
CT,2020-12,2622.0,valid,0
CT,2021-01,4554.0,valid,0
CT,2021-02,3970.0,valid,0
CT,2021-03,5559.0,valid,0
CT,2021-04,4081.0,valid,0
CT,2021-05,3935.0,valid,0
CT,2021-06,4027.0,valid,0
CT,2021-07,3215.0,valid,0
CT,2021-08,3474.0,valid,1
CT,2021-09,4211.0,valid,1
CT,2021-10,3371.0,valid,0
CT,2021-11,3192.0,valid,0
CT,2021-12,3603.0,valid,0
CT,2022-01,4001.0,valid,0
CT,2022-02,4043.0,valid,0
CT,2022-03,5337.0,valid,0
CT,2022-04,4106.0,valid,0
CT,2022-05,3616.0,valid,0
CT,2022-06,3854.0,valid,0
CT,2022-07,2914.0,valid,0
CT,2022-08,3948.0,valid,0
CT,2022-09,3344.0,valid,0
CT,2022-10,3068.0,valid,0
CT,2022-11,3803.0,valid,0
CT,2022-12,2605.0,valid,0
CT,2023-01,4020.0,valid,0
CT,2023-02,4047.0,valid,0
CT,2023-03,5329.0,valid,0
CT,2023-04,3865.0,valid,0
CT,2023-05,4581.0,valid,0
CT,2023-06,3471.0,valid,0
CT,2023-07,3580.0,valid,0
CT,2023-08,4624.0,valid,0
CT,2023-09,3493.0,valid,0
CT,2023-10,3957.0,valid,0
CT,2023-11,4173.0,valid,0
CT,2023-12,2837.0,valid,0
CT,2024-01,5243.0,valid,1
CT,2024-02,4087.0,valid,0
CT,2024-03,4365.0,valid,0
CT,2024-04,3750.0,valid,0
CT,2024-05,4640.0,valid,0
CT,2024-06,3435.0,valid,0
CT,2024-07,4098.0,valid,0
CT,2024-08,3308.0,valid,2
CT,2024-09,3360.0,valid,0
CT,2024-10,4219.0,valid,1
CT,2024-11,3232.0,valid,0
CT,2024-12,2999.0,valid,0
CT,2025-01,4659.0,valid,0
CT,2025-02,4087.0,valid,0
CT,2025-03,4504.0,valid,0
CT,2025-04,5027.0,valid,0
CT,2025-05,3727.0,valid,0
CT,2025-06,3678.0,valid,0
CT,2025-07,4379.0,valid,0
CT,2025-08,3602.0,valid,0
CT,2025-09,3621.0,valid,0
CT,2025-10,4808.0,valid,0
CT,2025-11,3724.0,valid,0
CT,2025-12,4018.0,valid,0
CT,2026-01,4776.0,valid,0
CT,2026-02,4532.0,valid,0
CT,2026-03,5010.0,valid,0
CT,2026-04,6099.0,valid,0
CT,2026-05,4432.0,valid,0
CT,2026-06,4473.0,valid,0
CT,2026-07,,missing,0
CT,2026-08,,missing,0
CT,2026-09,,missing,0
CT,2026-10,,missing,0
CT,2026-11,,missing,0
CT,2026-12,,missing,0
DC,2004-07,555.0,valid,0
DC,2004-08,540.0,valid,0
DC,2004-09,487.0,valid,0
DC,2004-10,574.0,valid,0
DC,2004-11,504.0,valid,0
DC,2004-12,629.0,valid,0
DC,2005-01,492.0,valid,0
DC,2005-02,614.0,valid,0
DC,2005-03,788.0,valid,0
DC,2005-04,577.0,valid,0
DC,2005-05,600.0,valid,0
DC,2005-06,688.0,valid,0
DC,2005-07,491.0,valid,0
DC,2005-08,539.0,valid,1
DC,2005-09,592.0,valid,0
DC,2005-10,609.0,valid,0
DC,2005-11,657.0,valid,0
DC,2005-12,602.0,valid,0
DC,2006-01,544.0,valid,0
DC,2006-02,669.0,valid,0
DC,2006-03,808.0,valid,0
DC,2006-04,695.0,valid,0
DC,2006-05,838.0,valid,0
DC,2006-06,540.0,valid,0
DC,2006-07,573.0,valid,0
DC,2006-08,720.0,valid,0
DC,2006-09,530.0,valid,0
DC,2006-10,602.0,valid,0
DC,2006-11,667.0,valid,0
DC,2006-12,622.0,valid,0
DC,2007-01,551.0,valid,0
DC,2007-02,733.0,valid,0
DC,2007-03,811.0,valid,0
DC,2007-04,709.0,valid,0
DC,2007-05,580.0,valid,0
DC,2007-06,739.0,valid,0
DC,2007-07,551.0,valid,0
DC,2007-08,700.0,valid,0
DC,2007-09,540.0,valid,0
DC,2007-10,623.0,valid,0
DC,2007-11,662.0,valid,0
DC,2007-12,615.0,valid,0
DC,2008-01,556.0,valid,0
DC,2008-02,862.0,valid,0
DC,2008-03,661.0,valid,0
DC,2008-04,692.0,valid,0
DC,2008-05,870.0,valid,0
DC,2008-06,610.0,valid,0
DC,2008-07,766.0,valid,0
DC,2008-08,608.0,valid,0
DC,2008-09,607.0,valid,0
DC,2008-10,709.0,valid,0
DC,2008-11,549.0,valid,0
DC,2008-12,567.0,valid,0
DC,2009-01,557.0,valid,1
DC,2009-02,636.0,valid,0
DC,2009-03,643.0,valid,0
DC,2009-04,788.0,valid,0
DC,2009-05,634.0,valid,0
DC,2009-06,574.0,valid,0
DC,2009-07,708.0,valid,0
DC,2009-08,561.0,valid,0
DC,2009-09,709.0,valid,0
DC,2009-10,599.0,valid,0
DC,2009-11,574.0,valid,0
DC,2009-12,666.0,valid,1
DC,2010-01,569.0,valid,0
DC,2010-02,534.0,valid,1
DC,2010-03,754.0,valid,0
DC,2010-04,870.0,valid,0
DC,2010-05,659.0,valid,0
DC,2010-06,588.0,valid,0
DC,2010-07,748.0,valid,0
DC,2010-08,602.0,valid,0
DC,2010-09,756.0,valid,0
DC,2010-10,655.0,valid,0
DC,2010-11,572.0,valid,0
DC,2010-12,598.0,valid,0
DC,2011-01,583.0,valid,0
DC,2011-02,808.0,valid,0
DC,2011-03,846.0,valid,0
DC,2011-04,863.0,valid,0
DC,2011-05,530.0,valid,0
DC,2011-06,657.0,valid,0
DC,2011-07,824.0,valid,0
DC,2011-08,599.0,valid,3
DC,2011-09,719.0,valid,0
DC,2011-10,615.0,valid,0
DC,2011-11,613.0,valid,0
DC,2011-12,807.0,valid,0
DC,2012-01,513.0,valid,0
DC,2012-02,738.0,valid,0
DC,2012-03,1004.0,valid,0
DC,2012-04,798.0,valid,0
DC,2012-05,700.0,valid,0
DC,2012-06,713.0,valid,1
DC,2012-07,602.0,valid,0
DC,2012-08,775.0,valid,0
DC,2012-09,595.0,valid,0
DC,2012-10,632.0,valid,2
DC,2012-11,648.0,valid,0
DC,2012-12,693.0,valid,0
DC,2013-01,857.0,valid,0
DC,2013-02,717.0,valid,0
DC,2013-03,720.0,valid,0
DC,2013-04,667.0,valid,0
DC,2013-05,829.0,valid,0
DC,2013-06,632.0,valid,0
DC,2013-07,794.0,valid,0
DC,2013-08,614.0,valid,0
DC,2013-09,669.0,valid,0
DC,2013-10,850.0,valid,0
DC,2013-11,591.0,valid,0
DC,2013-12,574.0,valid,0
DC,2014-01,969.0,valid,0
DC,2014-02,923.0,valid,0
DC,2014-03,825.0,valid,0
DC,2014-04,814.0,valid,0
DC,2014-05,870.0,valid,0
DC,2014-06,742.0,valid,0
DC,2014-07,802.0,valid,0
DC,2014-08,638.0,valid,0
DC,2014-09,658.0,valid,0
DC,2014-10,809.0,valid,0
DC,2014-11,600.0,valid,0
DC,2014-12,712.0,valid,0
DC,2015-01,947.0,valid,0
DC,2015-02,1032.0,valid,0
DC,2015-03,917.0,valid,0
DC,2015-04,1010.0,valid,0
DC,2015-05,694.0,valid,0
DC,2015-06,722.0,valid,0
DC,2015-07,892.0,valid,0
DC,2015-08,744.0,valid,0
DC,2015-09,844.0,valid,0
DC,2015-10,708.0,valid,0
DC,2015-11,711.0,valid,0
DC,2015-12,753.0,valid,0
DC,2016-01,856.0,valid,1
DC,2016-02,853.0,valid,0
DC,2016-03,1081.0,valid,0
DC,2016-04,788.0,valid,0
DC,2016-05,731.0,valid,0
DC,2016-06,826.0,valid,0
DC,2016-07,759.0,valid,0
DC,2016-08,910.0,valid,0
DC,2016-09,723.0,valid,0
DC,2016-10,756.0,valid,0
DC,2016-11,843.0,valid,0
DC,2016-12,672.0,valid,0
DC,2017-01,879.0,valid,0
DC,2017-02,914.0,valid,0
DC,2017-03,1220.0,valid,0
DC,2017-04,838.0,valid,0
DC,2017-05,1009.0,valid,0
DC,2017-06,831.0,valid,0
DC,2017-07,753.0,valid,0
DC,2017-08,977.0,valid,0
DC,2017-09,835.0,valid,0
DC,2017-10,759.0,valid,0
DC,2017-11,971.0,valid,0
DC,2017-12,676.0,valid,0
DC,2018-01,1078.0,valid,0
DC,2018-02,1013.0,valid,0
DC,2018-03,1355.0,valid,0
DC,2018-04,1005.0,valid,0
DC,2018-05,1105.0,valid,0
DC,2018-06,897.0,valid,0
DC,2018-07,923.0,valid,0
DC,2018-08,1100.0,valid,0
DC,2018-09,799.0,valid,0
DC,2018-10,812.0,valid,0
DC,2018-11,1033.0,valid,0
DC,2018-12,768.0,valid,0
DC,2019-01,1173.0,valid,0
DC,2019-02,1099.0,valid,0
DC,2019-03,1117.0,valid,0
DC,2019-04,1158.0,valid,0
DC,2019-05,1138.0,valid,0
DC,2019-06,947.0,valid,0
DC,2019-07,857.0,valid,0
DC,2019-08,1088.0,valid,0
DC,2019-09,935.0,valid,0
DC,2019-10,1109.0,valid,0
DC,2019-11,862.0,valid,0
DC,2019-12,793.0,valid,0
DC,2020-01,1261.0,valid,2
DC,2020-02,984.0,valid,0
DC,2020-03,974.0,valid,0
DC,2020-04,1030.0,valid,0
DC,2020-05,1012.0,valid,0
DC,2020-06,1157.0,valid,0
DC,2020-07,1953.0,valid,0
DC,2020-08,1518.0,valid,0
DC,2020-09,1538.0,valid,0
DC,2020-10,1191.0,valid,0
DC,2020-11,967.0,valid,0
DC,2020-12,1071.0,valid,0
DC,2021-01,1640.0,valid,1
DC,2021-02,1584.0,valid,0
DC,2021-03,1928.0,valid,0
DC,2021-04,1400.0,valid,0
DC,2021-05,1479.0,valid,0
DC,2021-06,1532.0,valid,0
DC,2021-07,1158.0,valid,0
DC,2021-08,1177.0,valid,0
DC,2021-09,1439.0,valid,0
DC,2021-10,1163.0,valid,0
DC,2021-11,1084.0,valid,0
DC,2021-12,1255.0,valid,0
DC,2022-01,1292.0,valid,0
DC,2022-02,1285.0,valid,0
DC,2022-03,1633.0,valid,0
DC,2022-04,1284.0,valid,0
DC,2022-05,1101.0,valid,0
DC,2022-06,1261.0,valid,0
DC,2022-07,1048.0,valid,0
DC,2022-08,1249.0,valid,0
DC,2022-09,1031.0,valid,0
DC,2022-10,1079.0,valid,0
DC,2022-11,1160.0,valid,0
DC,2022-12,928.0,valid,0
DC,2023-01,1229.0,valid,0
DC,2023-02,1263.0,valid,0
DC,2023-03,1689.0,valid,0
DC,2023-04,1166.0,valid,0
DC,2023-05,1460.0,valid,0
DC,2023-06,1092.0,valid,0
DC,2023-07,1135.0,valid,0
DC,2023-08,1499.0,valid,0
DC,2023-09,1054.0,valid,0
DC,2023-10,1131.0,valid,0
DC,2023-11,1258.0,valid,0
DC,2023-12,876.0,valid,0
DC,2024-01,1453.0,valid,0
DC,2024-02,1316.0,valid,0
DC,2024-03,1222.0,valid,0
DC,2024-04,1168.0,valid,0
DC,2024-05,1354.0,valid,0
DC,2024-06,1022.0,valid,0
DC,2024-07,1371.0,valid,0
DC,2024-08,1108.0,valid,0
DC,2024-09,1025.0,valid,0
DC,2024-10,1355.0,valid,0
DC,2024-11,939.0,valid,0
DC,2024-12,872.0,valid,0
DC,2025-01,1345.0,valid,0
DC,2025-02,1230.0,valid,0
DC,2025-03,1344.0,valid,0
DC,2025-04,1436.0,valid,0
DC,2025-05,1145.0,valid,0
DC,2025-06,1105.0,valid,0
DC,2025-07,1365.0,valid,0
DC,2025-08,1199.0,valid,0
DC,2025-09,1249.0,valid,0
DC,2025-10,1333.0,valid,0
DC,2025-11,1028.0,valid,0
DC,2025-12,1166.0,valid,0
DC,2026-01,1372.0,valid,1
DC,2026-02,1238.0,valid,0
DC,2026-03,1323.0,valid,0
DC,2026-04,1696.0,valid,0
DC,2026-05,1285.0,valid,0
DC,2026-06,1280.0,valid,0
DC,2026-07,,missing,0
DC,2026-08,,missing,0
DC,2026-09,,missing,0
DC,2026-10,,missing,0
DC,2026-11,,missing,0
DC,2026-12,,missing,0
DE,2004-07,777.0,valid,0
DE,2004-08,795.0,valid,0
DE,2004-09,716.0,valid,1
DE,2004-10,984.0,valid,0
DE,2004-11,812.0,valid,0
DE,2004-12,968.0,valid,0
DE,2005-01,831.0,valid,0
DE,2005-02,996.0,valid,0
DE,2005-03,1235.0,valid,0
DE,2005-04,889.0,valid,0
DE,2005-05,939.0,valid,0
DE,2005-06,1024.0,valid,0
DE,2005-07,789.0,valid,0
DE,2005-08,828.0,valid,1
DE,2005-09,922.0,valid,0
DE,2005-10,952.0,valid,0
DE,2005-11,1012.0,valid,0
DE,2005-12,909.0,valid,0
DE,2006-01,854.0,valid,0
DE,2006-02,1080.0,valid,0
DE,2006-03,1364.0,valid,0
DE,2006-04,976.0,valid,0
DE,2006-05,1259.0,valid,0
DE,2006-06,872.0,valid,1
DE,2006-07,811.0,valid,0
DE,2006-08,1079.0,valid,0
DE,2006-09,753.0,valid,0
DE,2006-10,805.0,valid,0
DE,2006-11,928.0,valid,0
DE,2006-12,889.0,valid,0
DE,2007-01,839.0,valid,0
DE,2007-02,1008.0,valid,0
DE,2007-03,1346.0,valid,0
DE,2007-04,1009.0,valid,0
DE,2007-05,1111.0,valid,0
DE,2007-06,1077.0,valid,0
DE,2007-07,1039.0,valid,0
DE,2007-08,1438.0,valid,0
DE,2007-09,1014.0,valid,0
DE,2007-10,1090.0,valid,0
DE,2007-11,1203.0,valid,0
DE,2007-12,1021.0,valid,0
DE,2008-01,991.0,valid,0
DE,2008-02,1463.0,valid,0
DE,2008-03,1346.0,valid,0
DE,2008-04,1163.0,valid,0
DE,2008-05,1403.0,valid,0
DE,2008-06,959.0,valid,0
DE,2008-07,1146.0,valid,0
DE,2008-08,1003.0,valid,0
DE,2008-09,880.0,valid,0
DE,2008-10,1164.0,valid,0
DE,2008-11,926.0,valid,0
DE,2008-12,1015.0,valid,0
DE,2009-01,935.0,valid,0
DE,2009-02,1041.0,valid,0
DE,2009-03,1060.0,valid,0
DE,2009-04,1271.0,valid,0
DE,2009-05,1054.0,valid,0
DE,2009-06,964.0,valid,0
DE,2009-07,1197.0,valid,0
DE,2009-08,1032.0,valid,0
DE,2009-09,1195.0,valid,0
DE,2009-10,964.0,valid,0
DE,2009-11,939.0,valid,0
DE,2009-12,1068.0,valid,0
DE,2010-01,977.0,valid,0
DE,2010-02,1073.0,valid,1
DE,2010-03,1213.0,valid,0
DE,2010-04,1399.0,valid,0
DE,2010-05,1064.0,valid,0
DE,2010-06,977.0,valid,0
DE,2010-07,1167.0,valid,0
DE,2010-08,911.0,valid,0
DE,2010-09,1220.0,valid,0
DE,2010-10,972.0,valid,0
DE,2010-11,998.0,valid,0
DE,2010-12,1048.0,valid,0
DE,2011-01,1017.0,valid,0
DE,2011-02,1241.0,valid,0
DE,2011-03,1282.0,valid,0
DE,2011-04,1521.0,valid,0
DE,2011-05,968.0,valid,0
DE,2011-06,1225.0,valid,0
DE,2011-07,1437.0,valid,0
DE,2011-08,1097.0,valid,2
DE,2011-09,1355.0,valid,0
DE,2011-10,1028.0,valid,0
DE,2011-11,1068.0,valid,0
DE,2011-12,1357.0,valid,0
DE,2012-01,1039.0,valid,0
DE,2012-02,1269.0,valid,0
DE,2012-03,1783.0,valid,0
DE,2012-04,1339.0,valid,0
DE,2012-05,1278.0,valid,0
DE,2012-06,1392.0,valid,0
DE,2012-07,1052.0,valid,0
DE,2012-08,1388.0,valid,0
DE,2012-09,1060.0,valid,0
DE,2012-10,1160.0,valid,2
DE,2012-11,1269.0,valid,0
DE,2012-12,1390.0,valid,0
DE,2013-01,1466.0,valid,0
DE,2013-02,1288.0,valid,0
DE,2013-03,1452.0,valid,0
DE,2013-04,1283.0,valid,0
DE,2013-05,1443.0,valid,0
DE,2013-06,1199.0,valid,0
DE,2013-07,1410.0,valid,0
DE,2013-08,1135.0,valid,0
DE,2013-09,1104.0,valid,0
DE,2013-10,1419.0,valid,0
DE,2013-11,1186.0,valid,0
DE,2013-12,1195.0,valid,0
DE,2014-01,1423.0,valid,0
DE,2014-02,1373.0,valid,0
DE,2014-03,1456.0,valid,0
DE,2014-04,1436.0,valid,0
DE,2014-05,1650.0,valid,0
DE,2014-06,1268.0,valid,0
DE,2014-07,1543.0,valid,0
DE,2014-08,1205.0,valid,0
DE,2014-09,1297.0,valid,0
DE,2014-10,1666.0,valid,0
DE,2014-11,1187.0,valid,0
DE,2014-12,1318.0,valid,0
DE,2015-01,1501.0,valid,0
DE,2015-02,1425.0,valid,0
DE,2015-03,1519.0,valid,0
DE,2015-04,1766.0,valid,0
DE,2015-05,1228.0,valid,0
DE,2015-06,1379.0,valid,0
DE,2015-07,1597.0,valid,0
DE,2015-08,1297.0,valid,0
DE,2015-09,1446.0,valid,0
DE,2015-10,1315.0,valid,0
DE,2015-11,1196.0,valid,0
DE,2015-12,1308.0,valid,0
DE,2016-01,1521.0,valid,1
DE,2016-02,1529.0,valid,0
DE,2016-03,1976.0,valid,0
DE,2016-04,1562.0,valid,0
DE,2016-05,1655.0,valid,0
DE,2016-06,1677.0,valid,0
DE,2016-07,1484.0,valid,0
DE,2016-08,1799.0,valid,0
DE,2016-09,1379.0,valid,0
DE,2016-10,1439.0,valid,0
DE,2016-11,1831.0,valid,0
DE,2016-12,1621.0,valid,0
DE,2017-01,1972.0,valid,0
DE,2017-02,1842.0,valid,0
DE,2017-03,2573.0,valid,0
DE,2017-04,1835.0,valid,0
DE,2017-05,2133.0,valid,0
DE,2017-06,1768.0,valid,0
DE,2017-07,1642.0,valid,0
DE,2017-08,2250.0,valid,0
DE,2017-09,1735.0,valid,0
DE,2017-10,1656.0,valid,0
DE,2017-11,2103.0,valid,0
DE,2017-12,1601.0,valid,0
DE,2018-01,2188.0,valid,0
DE,2018-02,2154.0,valid,0
DE,2018-03,2867.0,valid,0
DE,2018-04,2265.0,valid,0
DE,2018-05,2588.0,valid,0
DE,2018-06,2084.0,valid,0
DE,2018-07,1954.0,valid,0
DE,2018-08,2448.0,valid,0
DE,2018-09,1780.0,valid,0
DE,2018-10,1744.0,valid,0
DE,2018-11,2452.0,valid,0
DE,2018-12,1758.0,valid,0
DE,2019-01,2479.0,valid,0
DE,2019-02,2631.0,valid,0
DE,2019-03,2719.0,valid,0
DE,2019-04,2214.0,valid,0
DE,2019-05,2350.0,valid,0
DE,2019-06,1931.0,valid,0
DE,2019-07,1739.0,valid,0
DE,2019-08,2229.0,valid,0
DE,2019-09,1753.0,valid,0
DE,2019-10,2419.0,valid,0
DE,2019-11,1702.0,valid,0
DE,2019-12,1719.0,valid,0
DE,2020-01,2556.0,valid,2
DE,2020-02,2271.0,valid,0
DE,2020-03,2023.0,valid,0
DE,2020-04,2071.0,valid,0
DE,2020-05,1906.0,valid,0
DE,2020-06,2294.0,valid,0
DE,2020-07,3813.0,valid,0
DE,2020-08,2975.0,valid,1
DE,2020-09,3481.0,valid,0
DE,2020-10,2616.0,valid,0
DE,2020-11,2418.0,valid,0
DE,2020-12,2568.0,valid,0
DE,2021-01,3487.0,valid,0
DE,2021-02,3488.0,valid,0
DE,2021-03,4877.0,valid,0
DE,2021-04,4120.0,valid,0
DE,2021-05,3833.0,valid,0
DE,2021-06,4434.0,valid,0
DE,2021-07,3222.0,valid,0
DE,2021-08,3402.0,valid,0
DE,2021-09,4115.0,valid,1
DE,2021-10,3335.0,valid,0
DE,2021-11,3242.0,valid,0
DE,2021-12,3197.0,valid,0
DE,2022-01,3521.0,valid,0
DE,2022-02,4366.0,valid,0
DE,2022-03,5124.0,valid,0
DE,2022-04,3624.0,valid,0
DE,2022-05,3555.0,valid,0
DE,2022-06,4157.0,valid,0
DE,2022-07,3465.0,valid,0
DE,2022-08,4222.0,valid,0
DE,2022-09,3413.0,valid,0
DE,2022-10,3324.0,valid,0
DE,2022-11,3990.0,valid,0
DE,2022-12,2900.0,valid,0
DE,2023-01,3917.0,valid,0
DE,2023-02,4412.0,valid,0
DE,2023-03,6415.0,valid,0
DE,2023-04,4671.0,valid,0
DE,2023-05,5409.0,valid,0
DE,2023-06,4553.0,valid,0
DE,2023-07,4449.0,valid,0
DE,2023-08,5771.0,valid,0
DE,2023-09,4274.0,valid,0
DE,2023-10,4271.0,valid,0
DE,2023-11,5082.0,valid,0
DE,2023-12,3447.0,valid,0
DE,2024-01,6326.0,valid,0
DE,2024-02,4865.0,valid,0
DE,2024-03,5005.0,valid,0
DE,2024-04,4574.0,valid,0
DE,2024-05,5503.0,valid,0
DE,2024-06,4461.0,valid,0
DE,2024-07,5544.0,valid,0
DE,2024-08,4752.0,valid,0
DE,2024-09,4726.0,valid,0
DE,2024-10,5518.0,valid,0
DE,2024-11,4180.0,valid,0
DE,2024-12,4009.0,valid,0
DE,2025-01,5304.0,valid,0
DE,2025-02,4833.0,valid,0
DE,2025-03,5507.0,valid,0
DE,2025-04,6044.0,valid,0
DE,2025-05,4260.0,valid,0
DE,2025-06,4677.0,valid,0
DE,2025-07,5477.0,valid,0
DE,2025-08,4765.0,valid,0
DE,2025-09,4539.0,valid,0
DE,2025-10,5629.0,valid,0
DE,2025-11,4617.0,valid,0
DE,2025-12,4480.0,valid,0
DE,2026-01,5258.0,valid,0
DE,2026-02,5128.0,valid,1
DE,2026-03,5072.0,valid,0
DE,2026-04,6330.0,valid,0
DE,2026-05,4469.0,valid,0
DE,2026-06,4761.0,valid,0
DE,2026-07,,missing,0
DE,2026-08,,missing,0
DE,2026-09,,missing,0
DE,2026-10,,missing,0
DE,2026-11,,missing,0
DE,2026-12,,missing,0
FL,2004-07,18335.0,valid,0
FL,2004-08,19128.0,valid,1
FL,2004-09,16151.0,valid,3
FL,2004-10,21813.0,valid,0
FL,2004-11,20027.0,valid,0
FL,2004-12,20658.0,valid,0
FL,2005-01,18644.0,valid,0
FL,2005-02,24996.0,valid,0
FL,2005-03,31055.0,valid,0
FL,2005-04,23419.0,valid,0
FL,2005-05,24375.0,valid,0
FL,2005-06,27601.0,valid,0
FL,2005-07,19728.0,valid,1
FL,2005-08,20469.0,valid,2
FL,2005-09,24111.0,valid,1
FL,2005-10,23599.0,valid,1
FL,2005-11,23253.0,valid,0
FL,2005-12,20203.0,valid,0
FL,2006-01,19323.0,valid,0
FL,2006-02,26473.0,valid,0
FL,2006-03,33678.0,valid,0
FL,2006-04,25152.0,valid,0
FL,2006-05,31645.0,valid,1
FL,2006-06,22096.0,valid,0
FL,2006-07,20692.0,valid,0
FL,2006-08,26954.0,valid,0
FL,2006-09,19759.0,valid,0
FL,2006-10,20158.0,valid,0
FL,2006-11,23579.0,valid,0
FL,2006-12,20065.0,valid,1
FL,2007-01,18494.0,valid,0
FL,2007-02,24785.0,valid,1
FL,2007-03,31248.0,valid,1
FL,2007-04,23108.0,valid,0
FL,2007-05,23889.0,valid,5
FL,2007-06,26950.0,valid,0
FL,2007-07,19901.0,valid,0
FL,2007-08,25797.0,valid,0
FL,2007-09,20548.0,valid,0
FL,2007-10,22246.0,valid,0
FL,2007-11,23404.0,valid,0
FL,2007-12,18854.0,valid,0
FL,2008-01,17762.0,valid,0
FL,2008-02,28160.0,valid,0
FL,2008-03,23807.0,valid,0
FL,2008-04,22605.0,valid,0
FL,2008-05,28022.0,valid,1
FL,2008-06,19460.0,valid,0
FL,2008-07,22517.0,valid,0
FL,2008-08,19308.0,valid,3
FL,2008-09,18578.0,valid,1
FL,2008-10,23114.0,valid,0
FL,2008-11,17252.0,valid,0
FL,2008-12,17282.0,valid,0
FL,2009-01,18598.0,valid,0
FL,2009-02,21006.0,valid,0
FL,2009-03,21475.0,valid,1
FL,2009-04,25850.0,valid,0
FL,2009-05,20709.0,valid,2
FL,2009-06,18832.0,valid,0
FL,2009-07,22691.0,valid,0
FL,2009-08,18272.0,valid,0
FL,2009-09,22306.0,valid,0
FL,2009-10,18096.0,valid,0
FL,2009-11,17617.0,valid,0
FL,2009-12,18294.0,valid,0
FL,2010-01,18234.0,valid,0
FL,2010-02,21940.0,valid,0
FL,2010-03,22483.0,valid,0
FL,2010-04,26709.0,valid,0
FL,2010-05,21451.0,valid,0
FL,2010-06,18824.0,valid,0
FL,2010-07,22241.0,valid,0
FL,2010-08,19097.0,valid,0
FL,2010-09,23584.0,valid,0
FL,2010-10,19757.0,valid,0
FL,2010-11,19136.0,valid,0
FL,2010-12,18598.0,valid,0
FL,2011-01,21201.0,valid,0
FL,2011-02,24957.0,valid,0
FL,2011-03,23875.0,valid,0
FL,2011-04,28477.0,valid,1
FL,2011-05,19610.0,valid,0
FL,2011-06,21257.0,valid,0
FL,2011-07,24031.0,valid,0
FL,2011-08,20273.0,valid,0
FL,2011-09,24053.0,valid,0
FL,2011-10,18914.0,valid,0
FL,2011-11,19208.0,valid,0
FL,2011-12,21314.0,valid,0
FL,2012-01,19374.0,valid,0
FL,2012-02,24135.0,valid,0
FL,2012-03,30459.0,valid,0
FL,2012-04,23474.0,valid,0
FL,2012-05,22870.0,valid,0
FL,2012-06,25365.0,valid,1
FL,2012-07,18540.0,valid,0
FL,2012-08,24024.0,valid,1
FL,2012-09,18794.0,valid,0
FL,2012-10,19914.0,valid,0
FL,2012-11,21847.0,valid,0
FL,2012-12,20132.0,valid,0
FL,2013-01,29336.0,valid,0
FL,2013-02,25090.0,valid,0
FL,2013-03,24880.0,valid,0
FL,2013-04,24102.0,valid,0
FL,2013-05,26857.0,valid,0
FL,2013-06,21302.0,valid,0
FL,2013-07,24617.0,valid,1
FL,2013-08,21257.0,valid,0
FL,2013-09,20142.0,valid,0
FL,2013-10,27026.0,valid,0
FL,2013-11,19063.0,valid,0
FL,2013-12,16693.0,valid,0
FL,2014-01,28089.0,valid,0
FL,2014-02,26802.0,valid,0
FL,2014-03,27165.0,valid,0
FL,2014-04,26104.0,valid,1
FL,2014-05,29496.0,valid,0
FL,2014-06,23359.0,valid,0
FL,2014-07,26554.0,valid,0
FL,2014-08,22342.0,valid,0
FL,2014-09,21715.0,valid,0
FL,2014-10,27840.0,valid,0
FL,2014-11,20069.0,valid,0
FL,2014-12,19781.0,valid,0
FL,2015-01,28926.0,valid,0
FL,2015-02,29361.0,valid,0
FL,2015-03,28924.0,valid,0
FL,2015-04,34643.0,valid,0
FL,2015-05,24905.0,valid,0
FL,2015-06,23910.0,valid,0
FL,2015-07,28669.0,valid,0
FL,2015-08,22774.0,valid,0
FL,2015-09,30183.0,valid,0
FL,2015-10,24754.0,valid,0
FL,2015-11,20656.0,valid,0
FL,2015-12,21142.0,valid,0
FL,2016-01,28388.0,valid,0
FL,2016-02,30434.0,valid,0
FL,2016-03,36051.0,valid,0
FL,2016-04,29357.0,valid,0
FL,2016-05,27910.0,valid,0
FL,2016-06,28801.0,valid,0
FL,2016-07,25700.0,valid,0
FL,2016-08,32757.0,valid,1
FL,2016-09,26930.0,valid,0
FL,2016-10,23501.0,valid,2
FL,2016-11,28449.0,valid,0
FL,2016-12,21337.0,valid,0
FL,2017-01,30824.0,valid,0
FL,2017-02,31860.0,valid,0
FL,2017-03,41970.0,valid,0
FL,2017-04,32165.0,valid,3
FL,2017-05,35258.0,valid,0
FL,2017-06,28491.0,valid,0
FL,2017-07,26899.0,valid,0
FL,2017-08,34531.0,valid,0
FL,2017-09,19490.0,valid,4
FL,2017-10,27024.0,valid,1
FL,2017-11,31435.0,valid,0
FL,2017-12,20797.0,valid,0
FL,2018-01,34368.0,valid,0
FL,2018-02,34780.0,valid,0
FL,2018-03,45050.0,valid,0
FL,2018-04,33376.0,valid,0
FL,2018-05,41367.0,valid,0
FL,2018-06,30977.0,valid,0
FL,2018-07,28109.0,valid,0
FL,2018-08,36501.0,valid,0
FL,2018-09,28698.0,valid,0
FL,2018-10,26875.0,valid,2
FL,2018-11,32055.0,valid,0
FL,2018-12,22267.0,valid,0
FL,2019-01,37164.0,valid,0
FL,2019-02,35405.0,valid,0
FL,2019-03,36570.0,valid,0
FL,2019-04,35320.0,valid,0
FL,2019-05,40094.0,valid,0
FL,2019-06,30621.0,valid,0
FL,2019-07,26477.0,valid,0
FL,2019-08,38580.0,valid,3
FL,2019-09,26906.0,valid,0
FL,2019-10,34150.0,valid,0
FL,2019-11,24982.0,valid,0
FL,2019-12,25756.0,valid,0
FL,2020-01,37511.0,valid,4
FL,2020-02,39474.0,valid,0
FL,2020-03,35358.0,valid,0
FL,2020-04,34670.0,valid,0
FL,2020-05,32014.0,valid,3
FL,2020-06,42603.0,valid,0
FL,2020-07,65505.0,valid,1
FL,2020-08,47976.0,valid,0
FL,2020-09,53218.0,valid,2
FL,2020-10,40256.0,valid,0
FL,2020-11,33962.0,valid,1
FL,2020-12,35303.0,valid,0
FL,2021-01,47586.0,valid,0
FL,2021-02,58569.0,valid,0
FL,2021-03,69340.0,valid,0
FL,2021-04,60069.0,valid,0
FL,2021-05,63369.0,valid,0
FL,2021-06,66939.0,valid,1
FL,2021-07,46387.0,valid,1
FL,2021-08,45278.0,valid,1
FL,2021-09,53944.0,valid,0
FL,2021-10,44302.0,valid,0
FL,2021-11,38698.0,valid,0
FL,2021-12,40676.0,valid,0
FL,2022-01,44162.0,valid,0
FL,2022-02,53237.0,valid,0
FL,2022-03,64578.0,valid,2
FL,2022-04,53060.0,valid,0
FL,2022-05,51122.0,valid,0
FL,2022-06,66011.0,valid,0
FL,2022-07,46295.0,valid,0
FL,2022-08,56390.0,valid,0
FL,2022-09,43999.0,valid,3
FL,2022-10,46146.0,valid,0
FL,2022-11,48591.0,valid,3
FL,2022-12,36289.0,valid,0
FL,2023-01,47699.0,valid,0
FL,2023-02,57223.0,valid,0
FL,2023-03,74228.0,valid,0
FL,2023-04,65291.0,valid,1
FL,2023-05,66353.0,valid,0
FL,2023-06,53169.0,valid,0
FL,2023-07,50282.0,valid,0
FL,2023-08,62250.0,valid,2
FL,2023-09,52282.0,valid,0
FL,2023-10,51172.0,valid,0
FL,2023-11,52176.0,valid,0
FL,2023-12,34987.0,valid,0
FL,2024-01,65161.0,valid,0
FL,2024-02,57029.0,valid,0
FL,2024-03,56329.0,valid,0
FL,2024-04,59401.0,valid,0
FL,2024-05,60725.0,valid,1
FL,2024-06,55202.0,valid,0
FL,2024-07,55171.0,valid,0
FL,2024-08,47947.0,valid,2
FL,2024-09,45047.0,valid,2
FL,2024-10,54786.0,valid,4
FL,2024-11,40726.0,valid,0
FL,2024-12,36832.0,valid,0
FL,2025-01,52965.0,valid,0
FL,2025-02,53408.0,valid,0
FL,2025-03,57940.0,valid,0
FL,2025-04,71550.0,valid,0
FL,2025-05,49518.0,valid,0
FL,2025-06,52521.0,valid,0
FL,2025-07,59351.0,valid,0
FL,2025-08,52324.0,valid,0
FL,2025-09,49751.0,valid,0
FL,2025-10,61641.0,valid,0
FL,2025-11,44214.0,valid,0
FL,2025-12,42551.0,valid,0
FL,2026-01,54003.0,valid,0
FL,2026-02,59768.0,valid,0
FL,2026-03,67215.0,valid,0
FL,2026-04,83425.0,valid,2
FL,2026-05,61952.0,valid,0
FL,2026-06,59748.0,valid,0
FL,2026-07,,missing,0
FL,2026-08,,missing,0
FL,2026-09,,missing,0
FL,2026-10,,missing,0
FL,2026-11,,missing,0
FL,2026-12,,missing,0
GA,2004-07,6396.0,valid,0
GA,2004-08,6954.0,valid,0
GA,2004-09,6322.0,valid,2
GA,2004-10,7857.0,valid,0
GA,2004-11,6777.0,valid,0
GA,2004-12,7103.0,valid,0
GA,2005-01,6831.0,valid,0
GA,2005-02,8863.0,valid,0
GA,2005-03,10858.0,valid,0
GA,2005-04,7823.0,valid,0
GA,2005-05,7633.0,valid,0
GA,2005-06,9053.0,valid,0
GA,2005-07,6678.0,valid,0
GA,2005-08,7034.0,valid,1
GA,2005-09,8320.0,valid,0
GA,2005-10,7916.0,valid,0
GA,2005-11,8920.0,valid,0
GA,2005-12,7188.0,valid,0
GA,2006-01,7178.0,valid,0
GA,2006-02,9950.0,valid,0
GA,2006-03,12278.0,valid,0
GA,2006-04,9016.0,valid,0
GA,2006-05,10799.0,valid,0
GA,2006-06,7818.0,valid,0
GA,2006-07,8376.0,valid,0
GA,2006-08,10695.0,valid,0
GA,2006-09,7736.0,valid,0
GA,2006-10,7638.0,valid,0
GA,2006-11,9426.0,valid,0
GA,2006-12,8282.0,valid,0
GA,2007-01,7722.0,valid,0
GA,2007-02,10052.0,valid,0
GA,2007-03,12973.0,valid,1
GA,2007-04,9488.0,valid,2
GA,2007-05,9381.0,valid,3
GA,2007-06,10755.0,valid,0
GA,2007-07,8031.0,valid,0
GA,2007-08,10885.0,valid,0
GA,2007-09,8316.0,valid,0
GA,2007-10,9064.0,valid,0
GA,2007-11,9977.0,valid,0
GA,2007-12,8339.0,valid,0
GA,2008-01,7974.0,valid,0
GA,2008-02,12658.0,valid,0
GA,2008-03,10552.0,valid,1
GA,2008-04,9734.0,valid,0
GA,2008-05,11613.0,valid,1
GA,2008-06,8081.0,valid,0
GA,2008-07,9606.0,valid,0
GA,2008-08,8879.0,valid,0
GA,2008-09,8300.0,valid,0
GA,2008-10,9771.0,valid,0
GA,2008-11,7381.0,valid,0
GA,2008-12,7866.0,valid,0
GA,2009-01,8152.0,valid,0
GA,2009-02,9589.0,valid,0
GA,2009-03,9471.0,valid,1
GA,2009-04,11242.0,valid,0
GA,2009-05,8699.0,valid,0
GA,2009-06,8000.0,valid,0
GA,2009-07,9670.0,valid,0
GA,2009-08,8360.0,valid,0
GA,2009-09,10112.0,valid,1
GA,2009-10,7886.0,valid,0
GA,2009-11,7812.0,valid,0
GA,2009-12,8224.0,valid,0
GA,2010-01,8495.0,valid,0
GA,2010-02,10351.0,valid,0
GA,2010-03,9839.0,valid,0
GA,2010-04,11177.0,valid,0
GA,2010-05,8798.0,valid,0
GA,2010-06,7583.0,valid,0
GA,2010-07,9602.0,valid,0
GA,2010-08,7881.0,valid,0
GA,2010-09,10198.0,valid,0
GA,2010-10,7927.0,valid,0
GA,2010-11,8032.0,valid,0
GA,2010-12,8073.0,valid,0
GA,2011-01,8835.0,valid,0
GA,2011-02,11656.0,valid,0
GA,2011-03,10328.0,valid,2
GA,2011-04,11762.0,valid,1
GA,2011-05,7169.0,valid,0
GA,2011-06,8154.0,valid,2
GA,2011-07,9920.0,valid,0
GA,2011-08,8084.0,valid,0
GA,2011-09,9863.0,valid,0
GA,2011-10,7647.0,valid,0
GA,2011-11,7969.0,valid,0
GA,2011-12,9101.0,valid,0
GA,2012-01,8148.0,valid,0
GA,2012-02,10183.0,valid,0
GA,2012-03,13504.0,valid,0
GA,2012-04,9628.0,valid,0
GA,2012-05,8515.0,valid,0
GA,2012-06,10051.0,valid,0
GA,2012-07,7750.0,valid,0
GA,2012-08,10145.0,valid,0
GA,2012-09,7671.0,valid,0
GA,2012-10,7940.0,valid,0
GA,2012-11,8999.0,valid,0
GA,2012-12,8240.0,valid,0
GA,2013-01,10687.0,valid,0
GA,2013-02,9964.0,valid,0
GA,2013-03,10114.0,valid,0
GA,2013-04,9024.0,valid,0
GA,2013-05,9964.0,valid,0
GA,2013-06,7704.0,valid,0
GA,2013-07,9569.0,valid,0
GA,2013-08,8219.0,valid,0
GA,2013-09,7603.0,valid,0
GA,2013-10,9714.0,valid,0
GA,2013-11,7261.0,valid,0
GA,2013-12,7042.0,valid,0
GA,2014-01,10984.0,valid,0
GA,2014-02,10489.0,valid,2
GA,2014-03,11122.0,valid,0
GA,2014-04,10057.0,valid,0
GA,2014-05,11082.0,valid,0
GA,2014-06,8552.0,valid,0
GA,2014-07,10218.0,valid,0
GA,2014-08,8975.0,valid,0
GA,2014-09,8505.0,valid,0
GA,2014-10,10530.0,valid,0
GA,2014-11,7312.0,valid,0
GA,2014-12,7780.0,valid,0
GA,2015-01,11114.0,valid,0
GA,2015-02,11365.0,valid,1
GA,2015-03,10740.0,valid,0
GA,2015-04,12082.0,valid,0
GA,2015-05,8564.0,valid,0
GA,2015-06,9446.0,valid,0
GA,2015-07,10896.0,valid,0
GA,2015-08,9631.0,valid,0
GA,2015-09,11348.0,valid,0
GA,2015-10,8698.0,valid,0
GA,2015-11,8163.0,valid,0
GA,2015-12,8993.0,valid,1
GA,2016-01,11673.0,valid,0
GA,2016-02,11672.0,valid,0
GA,2016-03,14842.0,valid,0
GA,2016-04,10705.0,valid,0
GA,2016-05,10473.0,valid,0
GA,2016-06,11322.0,valid,0
GA,2016-07,10387.0,valid,0
GA,2016-08,12750.0,valid,0
GA,2016-09,9688.0,valid,0
GA,2016-10,9180.0,valid,2
GA,2016-11,11455.0,valid,1
GA,2016-12,8457.0,valid,0
GA,2017-01,11429.0,valid,2
GA,2017-02,13504.0,valid,0
GA,2017-03,16341.0,valid,0
GA,2017-04,11865.0,valid,0
GA,2017-05,13815.0,valid,1
GA,2017-06,11490.0,valid,0
GA,2017-07,10639.0,valid,0
GA,2017-08,13865.0,valid,0
GA,2017-09,9888.0,valid,2
GA,2017-10,10666.0,valid,0
GA,2017-11,12664.0,valid,0
GA,2017-12,8641.0,valid,0
GA,2018-01,13382.0,valid,0
GA,2018-02,14630.0,valid,0
GA,2018-03,18404.0,valid,0
GA,2018-04,12964.0,valid,0
GA,2018-05,16255.0,valid,0
GA,2018-06,12670.0,valid,0
GA,2018-07,11114.0,valid,0
GA,2018-08,15111.0,valid,0
GA,2018-09,11534.0,valid,0
GA,2018-10,11432.0,valid,2
GA,2018-11,12577.0,valid,0
GA,2018-12,10315.0,valid,0
GA,2019-01,17063.0,valid,0
GA,2019-02,16176.0,valid,0
GA,2019-03,16249.0,valid,0
GA,2019-04,14254.0,valid,0
GA,2019-05,17146.0,valid,0
GA,2019-06,13409.0,valid,0
GA,2019-07,12110.0,valid,0
GA,2019-08,16015.0,valid,1
GA,2019-09,11785.0,valid,0
GA,2019-10,16156.0,valid,0
GA,2019-11,10941.0,valid,0
GA,2019-12,10837.0,valid,0
GA,2020-01,17832.0,valid,2
GA,2020-02,16545.0,valid,0
GA,2020-03,14606.0,valid,0
GA,2020-04,18409.0,valid,0
GA,2020-05,18383.0,valid,0
GA,2020-06,22571.0,valid,0
GA,2020-07,44115.0,valid,0
GA,2020-08,28866.0,valid,0
GA,2020-09,30362.0,valid,0
GA,2020-10,22353.0,valid,1
GA,2020-11,18131.0,valid,0
GA,2020-12,18584.0,valid,0
GA,2021-01,32341.0,valid,0
GA,2021-02,30124.0,valid,0
GA,2021-03,38823.0,valid,1
GA,2021-04,32940.0,valid,0
GA,2021-05,30636.0,valid,0
GA,2021-06,32240.0,valid,0
GA,2021-07,24488.0,valid,0
GA,2021-08,22382.0,valid,0
GA,2021-09,26106.0,valid,0
GA,2021-10,20087.0,valid,0
GA,2021-11,17747.0,valid,0
GA,2021-12,20095.0,valid,0
GA,2022-01,24002.0,valid,0
GA,2022-02,24492.0,valid,0
GA,2022-03,31058.0,valid,0
GA,2022-04,24830.0,valid,0
GA,2022-05,21835.0,valid,0
GA,2022-06,24517.0,valid,0
GA,2022-07,19672.0,valid,0
GA,2022-08,25497.0,valid,0
GA,2022-09,19584.0,valid,0
GA,2022-10,20210.0,valid,0
GA,2022-11,22215.0,valid,0
GA,2022-12,15311.0,valid,0
GA,2023-01,23998.0,valid,1
GA,2023-02,25585.0,valid,0
GA,2023-03,32678.0,valid,0
GA,2023-04,23662.0,valid,0
GA,2023-05,27730.0,valid,0
GA,2023-06,22769.0,valid,0
GA,2023-07,21875.0,valid,0
GA,2023-08,26673.0,valid,1
GA,2023-09,19540.0,valid,0
GA,2023-10,19318.0,valid,0
GA,2023-11,20415.0,valid,0
GA,2023-12,13672.0,valid,0
GA,2024-01,27610.0,valid,0
GA,2024-02,23553.0,valid,0
GA,2024-03,23220.0,valid,0
GA,2024-04,20524.0,valid,0
GA,2024-05,23907.0,valid,0
GA,2024-06,18205.0,valid,0
GA,2024-07,20745.0,valid,0
GA,2024-08,17706.0,valid,2
GA,2024-09,16498.0,valid,2
GA,2024-10,20871.0,valid,0
GA,2024-11,15711.0,valid,0
GA,2024-12,14534.0,valid,0
GA,2025-01,23384.0,valid,0
GA,2025-02,20239.0,valid,0
GA,2025-03,22716.0,valid,0
GA,2025-04,26551.0,valid,0
GA,2025-05,19170.0,valid,0
GA,2025-06,18716.0,valid,0
GA,2025-07,24857.0,valid,0
GA,2025-08,18367.0,valid,0
GA,2025-09,19077.0,valid,0
GA,2025-10,23650.0,valid,0
GA,2025-11,18539.0,valid,0
GA,2025-12,19316.0,valid,0
GA,2026-01,25570.0,valid,1
GA,2026-02,23913.0,valid,0
GA,2026-03,24676.0,valid,0
GA,2026-04,28375.0,valid,2
GA,2026-05,22653.0,valid,0
GA,2026-06,23388.0,valid,0
GA,2026-07,,missing,0
GA,2026-08,,missing,0
GA,2026-09,,missing,0
GA,2026-10,,missing,0
GA,2026-11,,missing,0
GA,2026-12,,missing,0
HI,2004-07,626.0,valid,0
HI,2004-08,685.0,valid,0
HI,2004-09,605.0,valid,1
HI,2004-10,823.0,valid,1
HI,2004-11,728.0,valid,0
HI,2004-12,806.0,valid,0
HI,2005-01,677.0,valid,0
HI,2005-02,838.0,valid,0
HI,2005-03,1023.0,valid,0
HI,2005-04,726.0,valid,0
HI,2005-05,788.0,valid,0
HI,2005-06,918.0,valid,0
HI,2005-07,664.0,valid,0
HI,2005-08,721.0,valid,4
HI,2005-09,684.0,valid,0
HI,2005-10,800.0,valid,0
HI,2005-11,1000.0,valid,0
HI,2005-12,753.0,valid,0
HI,2006-01,798.0,valid,0
HI,2006-02,955.0,valid,1
HI,2006-03,1147.0,valid,0
HI,2006-04,885.0,valid,0
HI,2006-05,1078.0,valid,0
HI,2006-06,844.0,valid,0
HI,2006-07,779.0,valid,0
HI,2006-08,931.0,valid,0
HI,2006-09,766.0,valid,1
HI,2006-10,722.0,valid,1
HI,2006-11,785.0,valid,0
HI,2006-12,824.0,valid,0
HI,2007-01,800.0,valid,0
HI,2007-02,952.0,valid,0
HI,2007-03,1086.0,valid,0
HI,2007-04,823.0,valid,0
HI,2007-05,957.0,valid,0
HI,2007-06,961.0,valid,1
HI,2007-07,781.0,valid,0
HI,2007-08,1003.0,valid,2
HI,2007-09,805.0,valid,0
HI,2007-10,837.0,valid,1
HI,2007-11,987.0,valid,0
HI,2007-12,806.0,valid,1
HI,2008-01,773.0,valid,0
HI,2008-02,1227.0,valid,0
HI,2008-03,959.0,valid,0
HI,2008-04,968.0,valid,0
HI,2008-05,1172.0,valid,0
HI,2008-06,791.0,valid,0
HI,2008-07,1023.0,valid,0
HI,2008-08,872.0,valid,0
HI,2008-09,814.0,valid,0
HI,2008-10,928.0,valid,0
HI,2008-11,710.0,valid,0
HI,2008-12,772.0,valid,1
HI,2009-01,682.0,valid,0
HI,2009-02,823.0,valid,0
HI,2009-03,894.0,valid,0
HI,2009-04,997.0,valid,0
HI,2009-05,839.0,valid,0
HI,2009-06,709.0,valid,0
HI,2009-07,983.0,valid,0
HI,2009-08,717.0,valid,1
HI,2009-09,892.0,valid,0
HI,2009-10,700.0,valid,0
HI,2009-11,697.0,valid,0
HI,2009-12,766.0,valid,0
HI,2010-01,679.0,valid,0
HI,2010-02,835.0,valid,0
HI,2010-03,851.0,valid,0
HI,2010-04,1086.0,valid,0
HI,2010-05,821.0,valid,0
HI,2010-06,756.0,valid,1
HI,2010-07,915.0,valid,0
HI,2010-08,813.0,valid,0
HI,2010-09,927.0,valid,0
HI,2010-10,722.0,valid,0
HI,2010-11,794.0,valid,0
HI,2010-12,806.0,valid,0
HI,2011-01,821.0,valid,0
HI,2011-02,985.0,valid,0
HI,2011-03,917.0,valid,1
HI,2011-04,1109.0,valid,0
HI,2011-05,710.0,valid,0
HI,2011-06,866.0,valid,0
HI,2011-07,1065.0,valid,0
HI,2011-08,747.0,valid,0
HI,2011-09,984.0,valid,0
HI,2011-10,787.0,valid,0
HI,2011-11,774.0,valid,0
HI,2011-12,891.0,valid,0
HI,2012-01,721.0,valid,0
HI,2012-02,989.0,valid,0
HI,2012-03,1134.0,valid,1
HI,2012-04,930.0,valid,0
HI,2012-05,887.0,valid,0
HI,2012-06,1080.0,valid,0
HI,2012-07,784.0,valid,0
HI,2012-08,991.0,valid,0
HI,2012-09,763.0,valid,0
HI,2012-10,812.0,valid,0
HI,2012-11,901.0,valid,0
HI,2012-12,923.0,valid,0
HI,2013-01,1071.0,valid,0
HI,2013-02,924.0,valid,0
HI,2013-03,930.0,valid,0
HI,2013-04,920.0,valid,0
HI,2013-05,1019.0,valid,0
HI,2013-06,810.0,valid,0
HI,2013-07,1023.0,valid,0
HI,2013-08,880.0,valid,0
HI,2013-09,745.0,valid,0
HI,2013-10,1095.0,valid,0
HI,2013-11,773.0,valid,0
HI,2013-12,702.0,valid,0
HI,2014-01,1060.0,valid,0
HI,2014-02,991.0,valid,0
HI,2014-03,974.0,valid,0
HI,2014-04,965.0,valid,0
HI,2014-05,1118.0,valid,0
HI,2014-06,861.0,valid,0
HI,2014-07,1027.0,valid,0
HI,2014-08,709.0,valid,1
HI,2014-09,829.0,valid,1
HI,2014-10,1050.0,valid,0
HI,2014-11,772.0,valid,0
HI,2014-12,871.0,valid,0
HI,2015-01,1092.0,valid,0
HI,2015-02,997.0,valid,0
HI,2015-03,1001.0,valid,0
HI,2015-04,1220.0,valid,0
HI,2015-05,825.0,valid,0
HI,2015-06,912.0,valid,0
HI,2015-07,1117.0,valid,0
HI,2015-08,841.0,valid,0
HI,2015-09,1082.0,valid,0
HI,2015-10,906.0,valid,0
HI,2015-11,769.0,valid,0
HI,2015-12,977.0,valid,0
HI,2016-01,1136.0,valid,0
HI,2016-02,997.0,valid,0
HI,2016-03,1252.0,valid,0
HI,2016-04,1062.0,valid,0
HI,2016-05,936.0,valid,0
HI,2016-06,1060.0,valid,0
HI,2016-07,983.0,valid,0
HI,2016-08,1103.0,valid,0
HI,2016-09,806.0,valid,1
HI,2016-10,861.0,valid,0
HI,2016-11,981.0,valid,0
HI,2016-12,748.0,valid,0
HI,2017-01,973.0,valid,0
HI,2017-02,1084.0,valid,0
HI,2017-03,1292.0,valid,0
HI,2017-04,1049.0,valid,0
HI,2017-05,1308.0,valid,0
HI,2017-06,1019.0,valid,0
HI,2017-07,962.0,valid,0
HI,2017-08,1196.0,valid,0
HI,2017-09,973.0,valid,0
HI,2017-10,931.0,valid,0
HI,2017-11,1124.0,valid,0
HI,2017-12,787.0,valid,0
HI,2018-01,1221.0,valid,0
HI,2018-02,1321.0,valid,0
HI,2018-03,1710.0,valid,0
HI,2018-04,1323.0,valid,1
HI,2018-05,1555.0,valid,1
HI,2018-06,1254.0,valid,0
HI,2018-07,1178.0,valid,0
HI,2018-08,1468.0,valid,2
HI,2018-09,1004.0,valid,1
HI,2018-10,1000.0,valid,0
HI,2018-11,1397.0,valid,0
HI,2018-12,1008.0,valid,0
HI,2019-01,1613.0,valid,0
HI,2019-02,1394.0,valid,0
HI,2019-03,1448.0,valid,0
HI,2019-04,1157.0,valid,0
HI,2019-05,1342.0,valid,0
HI,2019-06,1041.0,valid,0
HI,2019-07,977.0,valid,0
HI,2019-08,1253.0,valid,0
HI,2019-09,1049.0,valid,0
HI,2019-10,1317.0,valid,1
HI,2019-11,942.0,valid,0
HI,2019-12,976.0,valid,0
HI,2020-01,1346.0,valid,2
HI,2020-02,1244.0,valid,0
HI,2020-03,1062.0,valid,1
HI,2020-04,1273.0,valid,0
HI,2020-05,1103.0,valid,0
HI,2020-06,1281.0,valid,0
HI,2020-07,1661.0,valid,1
HI,2020-08,1384.0,valid,0
HI,2020-09,1701.0,valid,0
HI,2020-10,1304.0,valid,0
HI,2020-11,1161.0,valid,0
HI,2020-12,1223.0,valid,0
HI,2021-01,1622.0,valid,0
HI,2021-02,1570.0,valid,0
HI,2021-03,2026.0,valid,1
HI,2021-04,1612.0,valid,0
HI,2021-05,1705.0,valid,0
HI,2021-06,1750.0,valid,0
HI,2021-07,1609.0,valid,0
HI,2021-08,1428.0,valid,1
HI,2021-09,1817.0,valid,0
HI,2021-10,1319.0,valid,0
HI,2021-11,1259.0,valid,0
HI,2021-12,1443.0,valid,1
HI,2022-01,1664.0,valid,0
HI,2022-02,1622.0,valid,0
HI,2022-03,1982.0,valid,0
HI,2022-04,1617.0,valid,0
HI,2022-05,1470.0,valid,0
HI,2022-06,1658.0,valid,0
HI,2022-07,1347.0,valid,0
HI,2022-08,1775.0,valid,0
HI,2022-09,1335.0,valid,0
HI,2022-10,1403.0,valid,0
HI,2022-11,1555.0,valid,0
HI,2022-12,1082.0,valid,0
HI,2023-01,1557.0,valid,0
HI,2023-02,1630.0,valid,0
HI,2023-03,2130.0,valid,0
HI,2023-04,1643.0,valid,0
HI,2023-05,1793.0,valid,0
HI,2023-06,1491.0,valid,0
HI,2023-07,1376.0,valid,0
HI,2023-08,1853.0,valid,6
HI,2023-09,1423.0,valid,0
HI,2023-10,1421.0,valid,0
HI,2023-11,1645.0,valid,0
HI,2023-12,1138.0,valid,0
HI,2024-01,1991.0,valid,0
HI,2024-02,1506.0,valid,0
HI,2024-03,1610.0,valid,0
HI,2024-04,1574.0,valid,1
HI,2024-05,1758.0,valid,0
HI,2024-06,1432.0,valid,0
HI,2024-07,1614.0,valid,0
HI,2024-08,1201.0,valid,0
HI,2024-09,1271.0,valid,0
HI,2024-10,1612.0,valid,0
HI,2024-11,1294.0,valid,0
HI,2024-12,1151.0,valid,0
HI,2025-01,1639.0,valid,0
HI,2025-02,1471.0,valid,0
HI,2025-03,1934.0,valid,0
HI,2025-04,2290.0,valid,0
HI,2025-05,1690.0,valid,0
HI,2025-06,1470.0,valid,0
HI,2025-07,1698.0,valid,0
HI,2025-08,1403.0,valid,1
HI,2025-09,1532.0,valid,1
HI,2025-10,1624.0,valid,0
HI,2025-11,1272.0,valid,0
HI,2025-12,1535.0,valid,0
HI,2026-01,1746.0,valid,0
HI,2026-02,1634.0,valid,0
HI,2026-03,1590.0,valid,1
HI,2026-04,1823.0,valid,0
HI,2026-05,1350.0,valid,0
HI,2026-06,1513.0,valid,0
HI,2026-07,,missing,0
HI,2026-08,,missing,0
HI,2026-09,,missing,0
HI,2026-10,,missing,0
HI,2026-11,,missing,0
HI,2026-12,,missing,0
IA,2004-07,1153.0,valid,0
IA,2004-08,1102.0,valid,0
IA,2004-09,1190.0,valid,0
IA,2004-10,1433.0,valid,0
IA,2004-11,1221.0,valid,0
IA,2004-12,1399.0,valid,0
IA,2005-01,1427.0,valid,0
IA,2005-02,1722.0,valid,0
IA,2005-03,2065.0,valid,0
IA,2005-04,1497.0,valid,0
IA,2005-05,1428.0,valid,0
IA,2005-06,1694.0,valid,0
IA,2005-07,1105.0,valid,0
IA,2005-08,1233.0,valid,1
IA,2005-09,1298.0,valid,0
IA,2005-10,1380.0,valid,0
IA,2005-11,1681.0,valid,0
IA,2005-12,1348.0,valid,0
IA,2006-01,1529.0,valid,0
IA,2006-02,1745.0,valid,0
IA,2006-03,2206.0,valid,0
IA,2006-04,1716.0,valid,0
IA,2006-05,1794.0,valid,0
IA,2006-06,1294.0,valid,0
IA,2006-07,1220.0,valid,0
IA,2006-08,1597.0,valid,0
IA,2006-09,1223.0,valid,0
IA,2006-10,1298.0,valid,0
IA,2006-11,1369.0,valid,0
IA,2006-12,1575.0,valid,0
IA,2007-01,1590.0,valid,0
IA,2007-02,1687.0,valid,2
IA,2007-03,1968.0,valid,0
IA,2007-04,1573.0,valid,0
IA,2007-05,1464.0,valid,1
IA,2007-06,1547.0,valid,0
IA,2007-07,1305.0,valid,0
IA,2007-08,1567.0,valid,1
IA,2007-09,1268.0,valid,0
IA,2007-10,1352.0,valid,0
IA,2007-11,1477.0,valid,0
IA,2007-12,1489.0,valid,1
IA,2008-01,1536.0,valid,0
IA,2008-02,2061.0,valid,0
IA,2008-03,1571.0,valid,0
IA,2008-04,1648.0,valid,0
IA,2008-05,1839.0,valid,1
IA,2008-06,1244.0,valid,0
IA,2008-07,1473.0,valid,0
IA,2008-08,1328.0,valid,0
IA,2008-09,1302.0,valid,0
IA,2008-10,1493.0,valid,0
IA,2008-11,1123.0,valid,0
IA,2008-12,1322.0,valid,0
IA,2009-01,1468.0,valid,0
IA,2009-02,1612.0,valid,0
IA,2009-03,1523.0,valid,0
IA,2009-04,1838.0,valid,0
IA,2009-05,1376.0,valid,0
IA,2009-06,1268.0,valid,0
IA,2009-07,1439.0,valid,1
IA,2009-08,1244.0,valid,0
IA,2009-09,1510.0,valid,0
IA,2009-10,1204.0,valid,0
IA,2009-11,1200.0,valid,0
IA,2009-12,1365.0,valid,1
IA,2010-01,1460.0,valid,1
IA,2010-02,1611.0,valid,0
IA,2010-03,1680.0,valid,0
IA,2010-04,1969.0,valid,0
IA,2010-05,1442.0,valid,1
IA,2010-06,1316.0,valid,1
IA,2010-07,1492.0,valid,0
IA,2010-08,1212.0,valid,0
IA,2010-09,1580.0,valid,0
IA,2010-10,1282.0,valid,0
IA,2010-11,1275.0,valid,0
IA,2010-12,1486.0,valid,0
IA,2011-01,1760.0,valid,0
IA,2011-02,1841.0,valid,0
IA,2011-03,1754.0,valid,0
IA,2011-04,1951.0,valid,1
IA,2011-05,1227.0,valid,1
IA,2011-06,1315.0,valid,0
IA,2011-07,1509.0,valid,2
IA,2011-08,1233.0,valid,0
IA,2011-09,1541.0,valid,0
IA,2011-10,1237.0,valid,0
IA,2011-11,1307.0,valid,0
IA,2011-12,1658.0,valid,0
IA,2012-01,1345.0,valid,0
IA,2012-02,1685.0,valid,0
IA,2012-03,2290.0,valid,0
IA,2012-04,1634.0,valid,0
IA,2012-05,1475.0,valid,0
IA,2012-06,1633.0,valid,0
IA,2012-07,1227.0,valid,0
IA,2012-08,1501.0,valid,0
IA,2012-09,1160.0,valid,0
IA,2012-10,1216.0,valid,0
IA,2012-11,1505.0,valid,0
IA,2012-12,1582.0,valid,0
IA,2013-01,2159.0,valid,0
IA,2013-02,1618.0,valid,0
IA,2013-03,1635.0,valid,0
IA,2013-04,1528.0,valid,2
IA,2013-05,1693.0,valid,1
IA,2013-06,1255.0,valid,1
IA,2013-07,1570.0,valid,0
IA,2013-08,1321.0,valid,0
IA,2013-09,1170.0,valid,0
IA,2013-10,1526.0,valid,0
IA,2013-11,1185.0,valid,0
IA,2013-12,1294.0,valid,0
IA,2014-01,1941.0,valid,0
IA,2014-02,1623.0,valid,0
IA,2014-03,1574.0,valid,0
IA,2014-04,1478.0,valid,0
IA,2014-05,1831.0,valid,0
IA,2014-06,1378.0,valid,3
IA,2014-07,1581.0,valid,0
IA,2014-08,1302.0,valid,0
IA,2014-09,1216.0,valid,0
IA,2014-10,1564.0,valid,0
IA,2014-11,1140.0,valid,0
IA,2014-12,1334.0,valid,0
IA,2015-01,1880.0,valid,0
IA,2015-02,1596.0,valid,0
IA,2015-03,1602.0,valid,0
IA,2015-04,1970.0,valid,0
IA,2015-05,1479.0,valid,0
IA,2015-06,1447.0,valid,1
IA,2015-07,1605.0,valid,0
IA,2015-08,1442.0,valid,0
IA,2015-09,1570.0,valid,0
IA,2015-10,1394.0,valid,0
IA,2015-11,1220.0,valid,0
IA,2015-12,1490.0,valid,0
IA,2016-01,1964.0,valid,0
IA,2016-02,1631.0,valid,0
IA,2016-03,2184.0,valid,0
IA,2016-04,1729.0,valid,0
IA,2016-05,1728.0,valid,0
IA,2016-06,1599.0,valid,0
IA,2016-07,1451.0,valid,0
IA,2016-08,1743.0,valid,1
IA,2016-09,1390.0,valid,1
IA,2016-10,1414.0,valid,0
IA,2016-11,1629.0,valid,0
IA,2016-12,1425.0,valid,0
IA,2017-01,1710.0,valid,0
IA,2017-02,1879.0,valid,0
IA,2017-03,2481.0,valid,0
IA,2017-04,1943.0,valid,0
IA,2017-05,2245.0,valid,0
IA,2017-06,1739.0,valid,0
IA,2017-07,1519.0,valid,1
IA,2017-08,1991.0,valid,0
IA,2017-09,1663.0,valid,0
IA,2017-10,1759.0,valid,0
IA,2017-11,2055.0,valid,0
IA,2017-12,1600.0,valid,0
IA,2018-01,2234.0,valid,0
IA,2018-02,2279.0,valid,0
IA,2018-03,2774.0,valid,0
IA,2018-04,2038.0,valid,0
IA,2018-05,2281.0,valid,0
IA,2018-06,1956.0,valid,1
IA,2018-07,1809.0,valid,1
IA,2018-08,2269.0,valid,0
IA,2018-09,1606.0,valid,0
IA,2018-10,1578.0,valid,0
IA,2018-11,1974.0,valid,0
IA,2018-12,1648.0,valid,0
IA,2019-01,2459.0,valid,0
IA,2019-02,1978.0,valid,0
IA,2019-03,2101.0,valid,2
IA,2019-04,1916.0,valid,0
IA,2019-05,2179.0,valid,0
IA,2019-06,1588.0,valid,0
IA,2019-07,1473.0,valid,0
IA,2019-08,1953.0,valid,0
IA,2019-09,1538.0,valid,0
IA,2019-10,1944.0,valid,0
IA,2019-11,1406.0,valid,0
IA,2019-12,1488.0,valid,0
IA,2020-01,2326.0,valid,3
IA,2020-02,2004.0,valid,0
IA,2020-03,1784.0,valid,0
IA,2020-04,1926.0,valid,0
IA,2020-05,1573.0,valid,0
IA,2020-06,1869.0,valid,0
IA,2020-07,2692.0,valid,0
IA,2020-08,2069.0,valid,2
IA,2020-09,2439.0,valid,0
IA,2020-10,1897.0,valid,0
IA,2020-11,1709.0,valid,0
IA,2020-12,1782.0,valid,0
IA,2021-01,2901.0,valid,0
IA,2021-02,2443.0,valid,0
IA,2021-03,3319.0,valid,0
IA,2021-04,2741.0,valid,0
IA,2021-05,2495.0,valid,0
IA,2021-06,2764.0,valid,0
IA,2021-07,2039.0,valid,0
IA,2021-08,2209.0,valid,0
IA,2021-09,2770.0,valid,0
IA,2021-10,2061.0,valid,0
IA,2021-11,1936.0,valid,0
IA,2021-12,2225.0,valid,1
IA,2022-01,2714.0,valid,0
IA,2022-02,2842.0,valid,0
IA,2022-03,3393.0,valid,0
IA,2022-04,2729.0,valid,0
IA,2022-05,2462.0,valid,0
IA,2022-06,2545.0,valid,0
IA,2022-07,2002.0,valid,0
IA,2022-08,2817.0,valid,0
IA,2022-09,2155.0,valid,0
IA,2022-10,2155.0,valid,0
IA,2022-11,2475.0,valid,0
IA,2022-12,1700.0,valid,0
IA,2023-01,2869.0,valid,0
IA,2023-02,2593.0,valid,0
IA,2023-03,3628.0,valid,0
IA,2023-04,2689.0,valid,1
IA,2023-05,3122.0,valid,0
IA,2023-06,2602.0,valid,0
IA,2023-07,2467.0,valid,0
IA,2023-08,3217.0,valid,0
IA,2023-09,2498.0,valid,0
IA,2023-10,2601.0,valid,0
IA,2023-11,2762.0,valid,0
IA,2023-12,2278.0,valid,0
IA,2024-01,3725.0,valid,0
IA,2024-02,2836.0,valid,0
IA,2024-03,2928.0,valid,0
IA,2024-04,2618.0,valid,1
IA,2024-05,3053.0,valid,1
IA,2024-06,2484.0,valid,1
IA,2024-07,2798.0,valid,0
IA,2024-08,2377.0,valid,0
IA,2024-09,2288.0,valid,0
IA,2024-10,2759.0,valid,0
IA,2024-11,2217.0,valid,0
IA,2024-12,2030.0,valid,0
IA,2025-01,3313.0,valid,0
IA,2025-02,2634.0,valid,0
IA,2025-03,3328.0,valid,1
IA,2025-04,3584.0,valid,0
IA,2025-05,2608.0,valid,0
IA,2025-06,2611.0,valid,0
IA,2025-07,3014.0,valid,0
IA,2025-08,2826.0,valid,0
IA,2025-09,2891.0,valid,0
IA,2025-10,3091.0,valid,0
IA,2025-11,2323.0,valid,0
IA,2025-12,2815.0,valid,0
IA,2026-01,3400.0,valid,0
IA,2026-02,3193.0,valid,0
IA,2026-03,3183.0,valid,0
IA,2026-04,4281.0,valid,0
IA,2026-05,3152.0,valid,0
IA,2026-06,3066.0,valid,0
IA,2026-07,,missing,0
IA,2026-08,,missing,0
IA,2026-09,,missing,0
IA,2026-10,,missing,0
IA,2026-11,,missing,0
IA,2026-12,,missing,0
ID,2004-07,881.0,valid,0
ID,2004-08,888.0,valid,0
ID,2004-09,810.0,valid,0
ID,2004-10,1098.0,valid,0
ID,2004-11,980.0,valid,0
ID,2004-12,979.0,valid,0
ID,2005-01,1062.0,valid,0
ID,2005-02,1314.0,valid,0
ID,2005-03,1656.0,valid,0
ID,2005-04,1213.0,valid,0
ID,2005-05,1206.0,valid,1
ID,2005-06,1385.0,valid,0
ID,2005-07,974.0,valid,0
ID,2005-08,1140.0,valid,1
ID,2005-09,1047.0,valid,0
ID,2005-10,1178.0,valid,0
ID,2005-11,1570.0,valid,0
ID,2005-12,1252.0,valid,1
ID,2006-01,1340.0,valid,0
ID,2006-02,1561.0,valid,0
ID,2006-03,2087.0,valid,0
ID,2006-04,1563.0,valid,0
ID,2006-05,1848.0,valid,0
ID,2006-06,1353.0,valid,0
ID,2006-07,1139.0,valid,0
ID,2006-08,1607.0,valid,0
ID,2006-09,1097.0,valid,0
ID,2006-10,1091.0,valid,0
ID,2006-11,1181.0,valid,0
ID,2006-12,1241.0,valid,0
ID,2007-01,1205.0,valid,0
ID,2007-02,1540.0,valid,0
ID,2007-03,1969.0,valid,0
ID,2007-04,1495.0,valid,0
ID,2007-05,1371.0,valid,0
ID,2007-06,1561.0,valid,0
ID,2007-07,1185.0,valid,0
ID,2007-08,1501.0,valid,3
ID,2007-09,1176.0,valid,0
ID,2007-10,1186.0,valid,0
ID,2007-11,1362.0,valid,0
ID,2007-12,1144.0,valid,0
ID,2008-01,1104.0,valid,0
ID,2008-02,1675.0,valid,0
ID,2008-03,1502.0,valid,0
ID,2008-04,1362.0,valid,0
ID,2008-05,1595.0,valid,1
ID,2008-06,1162.0,valid,0
ID,2008-07,1256.0,valid,0
ID,2008-08,1064.0,valid,0
ID,2008-09,1027.0,valid,0
ID,2008-10,1161.0,valid,0
ID,2008-11,907.0,valid,0
ID,2008-12,999.0,valid,0
ID,2009-01,1068.0,valid,0
ID,2009-02,1165.0,valid,0
ID,2009-03,1155.0,valid,0
ID,2009-04,1374.0,valid,0
ID,2009-05,1057.0,valid,0
ID,2009-06,1046.0,valid,0
ID,2009-07,1196.0,valid,0
ID,2009-08,922.0,valid,0
ID,2009-09,1110.0,valid,0
ID,2009-10,910.0,valid,0
ID,2009-11,853.0,valid,0
ID,2009-12,923.0,valid,0
ID,2010-01,983.0,valid,0
ID,2010-02,1240.0,valid,0
ID,2010-03,1207.0,valid,0
ID,2010-04,1446.0,valid,0
ID,2010-05,1096.0,valid,0
ID,2010-06,1031.0,valid,1
ID,2010-07,1142.0,valid,0
ID,2010-08,847.0,valid,1
ID,2010-09,1205.0,valid,0
ID,2010-10,861.0,valid,0
ID,2010-11,890.0,valid,0
ID,2010-12,872.0,valid,0
ID,2011-01,1096.0,valid,0
ID,2011-02,1281.0,valid,0
ID,2011-03,1236.0,valid,1
ID,2011-04,1458.0,valid,0
ID,2011-05,931.0,valid,0
ID,2011-06,1080.0,valid,0
ID,2011-07,1157.0,valid,0
ID,2011-08,915.0,valid,0
ID,2011-09,1165.0,valid,0
ID,2011-10,853.0,valid,0
ID,2011-11,931.0,valid,0
ID,2011-12,1087.0,valid,0
ID,2012-01,1019.0,valid,0
ID,2012-02,1192.0,valid,0
ID,2012-03,1533.0,valid,0
ID,2012-04,1214.0,valid,0
ID,2012-05,1120.0,valid,0
ID,2012-06,1196.0,valid,0
ID,2012-07,855.0,valid,0
ID,2012-08,1139.0,valid,1
ID,2012-09,888.0,valid,1
ID,2012-10,922.0,valid,0
ID,2012-11,1046.0,valid,0
ID,2012-12,1094.0,valid,0
ID,2013-01,1350.0,valid,0
ID,2013-02,1198.0,valid,0
ID,2013-03,1191.0,valid,0
ID,2013-04,1169.0,valid,0
ID,2013-05,1235.0,valid,0
ID,2013-06,1050.0,valid,0
ID,2013-07,1214.0,valid,0
ID,2013-08,1005.0,valid,2
ID,2013-09,922.0,valid,0
ID,2013-10,1184.0,valid,0
ID,2013-11,885.0,valid,0
ID,2013-12,853.0,valid,0
ID,2014-01,1403.0,valid,0
ID,2014-02,1212.0,valid,0
ID,2014-03,1377.0,valid,0
ID,2014-04,1297.0,valid,0
ID,2014-05,1381.0,valid,0
ID,2014-06,1035.0,valid,0
ID,2014-07,1176.0,valid,0
ID,2014-08,983.0,valid,0
ID,2014-09,891.0,valid,0
ID,2014-10,1226.0,valid,0
ID,2014-11,912.0,valid,0
ID,2014-12,986.0,valid,0
ID,2015-01,1380.0,valid,0
ID,2015-02,1304.0,valid,0
ID,2015-03,1394.0,valid,0
ID,2015-04,1594.0,valid,0
ID,2015-05,1113.0,valid,0
ID,2015-06,1119.0,valid,0
ID,2015-07,1262.0,valid,1
ID,2015-08,1031.0,valid,3
ID,2015-09,1292.0,valid,0
ID,2015-10,1114.0,valid,0
ID,2015-11,972.0,valid,1
ID,2015-12,1201.0,valid,1
ID,2016-01,1571.0,valid,0
ID,2016-02,1477.0,valid,0
ID,2016-03,1891.0,valid,0
ID,2016-04,1443.0,valid,0
ID,2016-05,1391.0,valid,0
ID,2016-06,1534.0,valid,0
ID,2016-07,1347.0,valid,0
ID,2016-08,1588.0,valid,1
ID,2016-09,1278.0,valid,0
ID,2016-10,1273.0,valid,0
ID,2016-11,1448.0,valid,0
ID,2016-12,1073.0,valid,0
ID,2017-01,1380.0,valid,0
ID,2017-02,1437.0,valid,1
ID,2017-03,2062.0,valid,2
ID,2017-04,1593.0,valid,0
ID,2017-05,1780.0,valid,1
ID,2017-06,1372.0,valid,0
ID,2017-07,1321.0,valid,0
ID,2017-08,1758.0,valid,0
ID,2017-09,1267.0,valid,0
ID,2017-10,1337.0,valid,0
ID,2017-11,1528.0,valid,0
ID,2017-12,1058.0,valid,0
ID,2018-01,1717.0,valid,0
ID,2018-02,1800.0,valid,0
ID,2018-03,2458.0,valid,0
ID,2018-04,1959.0,valid,0
ID,2018-05,2370.0,valid,0
ID,2018-06,1830.0,valid,0
ID,2018-07,1601.0,valid,1
ID,2018-08,2151.0,valid,0
ID,2018-09,1562.0,valid,0
ID,2018-10,1590.0,valid,0
ID,2018-11,2083.0,valid,0
ID,2018-12,1512.0,valid,0
ID,2019-01,2463.0,valid,0
ID,2019-02,2062.0,valid,0
ID,2019-03,2118.0,valid,0
ID,2019-04,1748.0,valid,1
ID,2019-05,2051.0,valid,0
ID,2019-06,1624.0,valid,0
ID,2019-07,1302.0,valid,0
ID,2019-08,2077.0,valid,0
ID,2019-09,1436.0,valid,0
ID,2019-10,1899.0,valid,0
ID,2019-11,1363.0,valid,0
ID,2019-12,1469.0,valid,0
ID,2020-01,2301.0,valid,2
ID,2020-02,1936.0,valid,0
ID,2020-03,1747.0,valid,0
ID,2020-04,1602.0,valid,0
ID,2020-05,1683.0,valid,0
ID,2020-06,1799.0,valid,0
ID,2020-07,2229.0,valid,0
ID,2020-08,1803.0,valid,0
ID,2020-09,2136.0,valid,0
ID,2020-10,1638.0,valid,0
ID,2020-11,1675.0,valid,0
ID,2020-12,1719.0,valid,0
ID,2021-01,2675.0,valid,1
ID,2021-02,2592.0,valid,0
ID,2021-03,3319.0,valid,0
ID,2021-04,2574.0,valid,0
ID,2021-05,2258.0,valid,0
ID,2021-06,2478.0,valid,0
ID,2021-07,1938.0,valid,0
ID,2021-08,2080.0,valid,1
ID,2021-09,2507.0,valid,0
ID,2021-10,1956.0,valid,0
ID,2021-11,1900.0,valid,0
ID,2021-12,2455.0,valid,0
ID,2022-01,2593.0,valid,0
ID,2022-02,2657.0,valid,0
ID,2022-03,3579.0,valid,0
ID,2022-04,2709.0,valid,0
ID,2022-05,2625.0,valid,0
ID,2022-06,2660.0,valid,0
ID,2022-07,2056.0,valid,0
ID,2022-08,2656.0,valid,1
ID,2022-09,2094.0,valid,1
ID,2022-10,2083.0,valid,0
ID,2022-11,2372.0,valid,0
ID,2022-12,1733.0,valid,0
ID,2023-01,2503.0,valid,0
ID,2023-02,2668.0,valid,0
ID,2023-03,3432.0,valid,0
ID,2023-04,2724.0,valid,0
ID,2023-05,3005.0,valid,0
ID,2023-06,2526.0,valid,0
ID,2023-07,2242.0,valid,0
ID,2023-08,3093.0,valid,0
ID,2023-09,2394.0,valid,0
ID,2023-10,2255.0,valid,0
ID,2023-11,2498.0,valid,0
ID,2023-12,1898.0,valid,0
ID,2024-01,3359.0,valid,0
ID,2024-02,2629.0,valid,0
ID,2024-03,2764.0,valid,0
ID,2024-04,2726.0,valid,1
ID,2024-05,3157.0,valid,0
ID,2024-06,2370.0,valid,0
ID,2024-07,2616.0,valid,2
ID,2024-08,2450.0,valid,0
ID,2024-09,2177.0,valid,0
ID,2024-10,2540.0,valid,0
ID,2024-11,2256.0,valid,0
ID,2024-12,2100.0,valid,0
ID,2025-01,2968.0,valid,0
ID,2025-02,2933.0,valid,0
ID,2025-03,2990.0,valid,0
ID,2025-04,3647.0,valid,0
ID,2025-05,2586.0,valid,0
ID,2025-06,2438.0,valid,0
ID,2025-07,2997.0,valid,0
ID,2025-08,2405.0,valid,1
ID,2025-09,2572.0,valid,0
ID,2025-10,2925.0,valid,0
ID,2025-11,2238.0,valid,0
ID,2025-12,2568.0,valid,1
ID,2026-01,3306.0,valid,0
ID,2026-02,3258.0,valid,0
ID,2026-03,3246.0,valid,1
ID,2026-04,4142.0,valid,0
ID,2026-05,3099.0,valid,0
ID,2026-06,2987.0,valid,0
ID,2026-07,,missing,0
ID,2026-08,,missing,0
ID,2026-09,,missing,0
ID,2026-10,,missing,0
ID,2026-11,,missing,0
ID,2026-12,,missing,0
IL,2004-07,6486.0,valid,0
IL,2004-08,6818.0,valid,0
IL,2004-09,6799.0,valid,0
IL,2004-10,8007.0,valid,0
IL,2004-11,6803.0,valid,0
IL,2004-12,8162.0,valid,1
IL,2005-01,6644.0,valid,0
IL,2005-02,8693.0,valid,0
IL,2005-03,10105.0,valid,0
IL,2005-04,8500.0,valid,0
IL,2005-05,7695.0,valid,0
IL,2005-06,9342.0,valid,0
IL,2005-07,6579.0,valid,0
IL,2005-08,6354.0,valid,1
IL,2005-09,8234.0,valid,0
IL,2005-10,7511.0,valid,0
IL,2005-11,8601.0,valid,0
IL,2005-12,7091.0,valid,0
IL,2006-01,6978.0,valid,0
IL,2006-02,8769.0,valid,0
IL,2006-03,11230.0,valid,1
IL,2006-04,8642.0,valid,0
IL,2006-05,10415.0,valid,0
IL,2006-06,7231.0,valid,0
IL,2006-07,6981.0,valid,0
IL,2006-08,9109.0,valid,0
IL,2006-09,6719.0,valid,0
IL,2006-10,6660.0,valid,0
IL,2006-11,7857.0,valid,2
IL,2006-12,7344.0,valid,0
IL,2007-01,6789.0,valid,0
IL,2007-02,8381.0,valid,0
IL,2007-03,10944.0,valid,0
IL,2007-04,8379.0,valid,0
IL,2007-05,8464.0,valid,0
IL,2007-06,9152.0,valid,0
IL,2007-07,7088.0,valid,0
IL,2007-08,9251.0,valid,2
IL,2007-09,7342.0,valid,0
IL,2007-10,7546.0,valid,0
IL,2007-11,8718.0,valid,0
IL,2007-12,7511.0,valid,0
IL,2008-01,7466.0,valid,1
IL,2008-02,11870.0,valid,1
IL,2008-03,10833.0,valid,0
IL,2008-04,10423.0,valid,0
IL,2008-05,11546.0,valid,0
IL,2008-06,7891.0,valid,1
IL,2008-07,9017.0,valid,0
IL,2008-08,7732.0,valid,0
IL,2008-09,7056.0,valid,1
IL,2008-10,8709.0,valid,0
IL,2008-11,6783.0,valid,0
IL,2008-12,7267.0,valid,0
IL,2009-01,7441.0,valid,1
IL,2009-02,8209.0,valid,0
IL,2009-03,8584.0,valid,0
IL,2009-04,10447.0,valid,0
IL,2009-05,7946.0,valid,1
IL,2009-06,7273.0,valid,0
IL,2009-07,8442.0,valid,0
IL,2009-08,6854.0,valid,0
IL,2009-09,8745.0,valid,0
IL,2009-10,6910.0,valid,0
IL,2009-11,7099.0,valid,0
IL,2009-12,7906.0,valid,0
IL,2010-01,7163.0,valid,0
IL,2010-02,8468.0,valid,0
IL,2010-03,8894.0,valid,0
IL,2010-04,10578.0,valid,0
IL,2010-05,8238.0,valid,0
IL,2010-06,7242.0,valid,0
IL,2010-07,8647.0,valid,1
IL,2010-08,7064.0,valid,0
IL,2010-09,8985.0,valid,0
IL,2010-10,7531.0,valid,0
IL,2010-11,7481.0,valid,0
IL,2010-12,8043.0,valid,0
IL,2011-01,8350.0,valid,1
IL,2011-02,8805.0,valid,0
IL,2011-03,8867.0,valid,0
IL,2011-04,10875.0,valid,1
IL,2011-05,7208.0,valid,0
IL,2011-06,7932.0,valid,0
IL,2011-07,8753.0,valid,0
IL,2011-08,7023.0,valid,0
IL,2011-09,8640.0,valid,0
IL,2011-10,6976.0,valid,0
IL,2011-11,7274.0,valid,0
IL,2011-12,8463.0,valid,0
IL,2012-01,6522.0,valid,0
IL,2012-02,8215.0,valid,0
IL,2012-03,10991.0,valid,0
IL,2012-04,8512.0,valid,0
IL,2012-05,8032.0,valid,0
IL,2012-06,8749.0,valid,0
IL,2012-07,6615.0,valid,0
IL,2012-08,8433.0,valid,0
IL,2012-09,6678.0,valid,0
IL,2012-10,6889.0,valid,0
IL,2012-11,8036.0,valid,0
IL,2012-12,7867.0,valid,0
IL,2013-01,10101.0,valid,0
IL,2013-02,8529.0,valid,0
IL,2013-03,9046.0,valid,0
IL,2013-04,8269.0,valid,1
IL,2013-05,8720.0,valid,0
IL,2013-06,7066.0,valid,0
IL,2013-07,8190.0,valid,0
IL,2013-08,6827.0,valid,0
IL,2013-09,6686.0,valid,0
IL,2013-10,8802.0,valid,0
IL,2013-11,6768.0,valid,1
IL,2013-12,6251.0,valid,0
IL,2014-01,9364.0,valid,0
IL,2014-02,8468.0,valid,0
IL,2014-03,9192.0,valid,0
IL,2014-04,8512.0,valid,0
IL,2014-05,9635.0,valid,0
IL,2014-06,7436.0,valid,0
IL,2014-07,8594.0,valid,0
IL,2014-08,7296.0,valid,0
IL,2014-09,7252.0,valid,0
IL,2014-10,8853.0,valid,0
IL,2014-11,6419.0,valid,0
IL,2014-12,7159.0,valid,0
IL,2015-01,9057.0,valid,0
IL,2015-02,8851.0,valid,0
IL,2015-03,9274.0,valid,0
IL,2015-04,10845.0,valid,0
IL,2015-05,7349.0,valid,0
IL,2015-06,7549.0,valid,0
IL,2015-07,8858.0,valid,0
IL,2015-08,7110.0,valid,0
IL,2015-09,8716.0,valid,0
IL,2015-10,7193.0,valid,0
IL,2015-11,6599.0,valid,0
IL,2015-12,7279.0,valid,0
IL,2016-01,9235.0,valid,0
IL,2016-02,8678.0,valid,0
IL,2016-03,11149.0,valid,0
IL,2016-04,8519.0,valid,0
IL,2016-05,8182.0,valid,0
IL,2016-06,8356.0,valid,0
IL,2016-07,7342.0,valid,0
IL,2016-08,9336.0,valid,0
IL,2016-09,7285.0,valid,0
IL,2016-10,7080.0,valid,0
IL,2016-11,8343.0,valid,0
IL,2016-12,6487.0,valid,0
IL,2017-01,8965.0,valid,0
IL,2017-02,9312.0,valid,0
IL,2017-03,11804.0,valid,0
IL,2017-04,8866.0,valid,0
IL,2017-05,10333.0,valid,0
IL,2017-06,7904.0,valid,0
IL,2017-07,7122.0,valid,0
IL,2017-08,9331.0,valid,0
IL,2017-09,7381.0,valid,0
IL,2017-10,7433.0,valid,0
IL,2017-11,9186.0,valid,0
IL,2017-12,6666.0,valid,0
IL,2018-01,10123.0,valid,0
IL,2018-02,9864.0,valid,0
IL,2018-03,13227.0,valid,0
IL,2018-04,10156.0,valid,0
IL,2018-05,11560.0,valid,0
IL,2018-06,9028.0,valid,0
IL,2018-07,7926.0,valid,0
IL,2018-08,10927.0,valid,0
IL,2018-09,8486.0,valid,0
IL,2018-10,8401.0,valid,0
IL,2018-11,9381.0,valid,0
IL,2018-12,7354.0,valid,0
IL,2019-01,11214.0,valid,0
IL,2019-02,10640.0,valid,1
IL,2019-03,11226.0,valid,0
IL,2019-04,10545.0,valid,0
IL,2019-05,11869.0,valid,0
IL,2019-06,8827.0,valid,0
IL,2019-07,7723.0,valid,0
IL,2019-08,10734.0,valid,0
IL,2019-09,8424.0,valid,0
IL,2019-10,10558.0,valid,0
IL,2019-11,7675.0,valid,0
IL,2019-12,7867.0,valid,0
IL,2020-01,11943.0,valid,2
IL,2020-02,10394.0,valid,0
IL,2020-03,9404.0,valid,0
IL,2020-04,10349.0,valid,0
IL,2020-05,9161.0,valid,0
IL,2020-06,17162.0,valid,0
IL,2020-07,31537.0,valid,0
IL,2020-08,17897.0,valid,0
IL,2020-09,17221.0,valid,0
IL,2020-10,12627.0,valid,0
IL,2020-11,10710.0,valid,0
IL,2020-12,11998.0,valid,0
IL,2021-01,19951.0,valid,0
IL,2021-02,17887.0,valid,0
IL,2021-03,24794.0,valid,0
IL,2021-04,21938.0,valid,0
IL,2021-05,17876.0,valid,0
IL,2021-06,18054.0,valid,0
IL,2021-07,13088.0,valid,0
IL,2021-08,13678.0,valid,0
IL,2021-09,15674.0,valid,0
IL,2021-10,12157.0,valid,0
IL,2021-11,11407.0,valid,0
IL,2021-12,12917.0,valid,1
IL,2022-01,16305.0,valid,0
IL,2022-02,16448.0,valid,0
IL,2022-03,20568.0,valid,0
IL,2022-04,16452.0,valid,0
IL,2022-05,13203.0,valid,0
IL,2022-06,14460.0,valid,0
IL,2022-07,11312.0,valid,1
IL,2022-08,14708.0,valid,0
IL,2022-09,11647.0,valid,0
IL,2022-10,11974.0,valid,0
IL,2022-11,13223.0,valid,0
IL,2022-12,9490.0,valid,0
IL,2023-01,14637.0,valid,0
IL,2023-02,15288.0,valid,0
IL,2023-03,19914.0,valid,0
IL,2023-04,14138.0,valid,0
IL,2023-05,16640.0,valid,0
IL,2023-06,12629.0,valid,1
IL,2023-07,12836.0,valid,0
IL,2023-08,16355.0,valid,0
IL,2023-09,12605.0,valid,1
IL,2023-10,12769.0,valid,0
IL,2023-11,15061.0,valid,0
IL,2023-12,10561.0,valid,0
IL,2024-01,18641.0,valid,0
IL,2024-02,14329.0,valid,0
IL,2024-03,15938.0,valid,0
IL,2024-04,14596.0,valid,0
IL,2024-05,17314.0,valid,0
IL,2024-06,12474.0,valid,0
IL,2024-07,14512.0,valid,1
IL,2024-08,12510.0,valid,0
IL,2024-09,12164.0,valid,0
IL,2024-10,16066.0,valid,0
IL,2024-11,12402.0,valid,0
IL,2024-12,10416.0,valid,0
IL,2025-01,15448.0,valid,0
IL,2025-02,14175.0,valid,0
IL,2025-03,16210.0,valid,0
IL,2025-04,19993.0,valid,0
IL,2025-05,13830.0,valid,0
IL,2025-06,13039.0,valid,0
IL,2025-07,16930.0,valid,0
IL,2025-08,13501.0,valid,0
IL,2025-09,14683.0,valid,0
IL,2025-10,20578.0,valid,0
IL,2025-11,17172.0,valid,0
IL,2025-12,14320.0,valid,0
IL,2026-01,16753.0,valid,0
IL,2026-02,14913.0,valid,0
IL,2026-03,17323.0,valid,0
IL,2026-04,20001.0,valid,0
IL,2026-05,14835.0,valid,0
IL,2026-06,14466.0,valid,0
IL,2026-07,,missing,0
IL,2026-08,,missing,0
IL,2026-09,,missing,0
IL,2026-10,,missing,0
IL,2026-11,,missing,0
IL,2026-12,,missing,0
IN,2004-07,2485.0,valid,1
IN,2004-08,2606.0,valid,0
IN,2004-09,2617.0,valid,0
IN,2004-10,3180.0,valid,0
IN,2004-11,2467.0,valid,0
IN,2004-12,3221.0,valid,1
IN,2005-01,2788.0,valid,1
IN,2005-02,3491.0,valid,0
IN,2005-03,4057.0,valid,0
IN,2005-04,3359.0,valid,0
IN,2005-05,2964.0,valid,0
IN,2005-06,3764.0,valid,0
IN,2005-07,2537.0,valid,0
IN,2005-08,2505.0,valid,1
IN,2005-09,3313.0,valid,0
IN,2005-10,3018.0,valid,0
IN,2005-11,3369.0,valid,1
IN,2005-12,2733.0,valid,0
IN,2006-01,2993.0,valid,0
IN,2006-02,3711.0,valid,0
IN,2006-03,4678.0,valid,0
IN,2006-04,3404.0,valid,0
IN,2006-05,4008.0,valid,0
IN,2006-06,2787.0,valid,0
IN,2006-07,2757.0,valid,0
IN,2006-08,3546.0,valid,0
IN,2006-09,2798.0,valid,1
IN,2006-10,2600.0,valid,0
IN,2006-11,3075.0,valid,0
IN,2006-12,2880.0,valid,0
IN,2007-01,2892.0,valid,0
IN,2007-02,3349.0,valid,1
IN,2007-03,4488.0,valid,0
IN,2007-04,3274.0,valid,0
IN,2007-05,3186.0,valid,0
IN,2007-06,3683.0,valid,0
IN,2007-07,2782.0,valid,0
IN,2007-08,3712.0,valid,1
IN,2007-09,3070.0,valid,0
IN,2007-10,3091.0,valid,0
IN,2007-11,3439.0,valid,0
IN,2007-12,3112.0,valid,0
IN,2008-01,2963.0,valid,1
IN,2008-02,4710.0,valid,0
IN,2008-03,3720.0,valid,0
IN,2008-04,3465.0,valid,0
IN,2008-05,4301.0,valid,1
IN,2008-06,2936.0,valid,0
IN,2008-07,3767.0,valid,0
IN,2008-08,3453.0,valid,0
IN,2008-09,3383.0,valid,1
IN,2008-10,3962.0,valid,0
IN,2008-11,3185.0,valid,0
IN,2008-12,3444.0,valid,0
IN,2009-01,3489.0,valid,1
IN,2009-02,4010.0,valid,0
IN,2009-03,4386.0,valid,1
IN,2009-04,5187.0,valid,0
IN,2009-05,3969.0,valid,0
IN,2009-06,3661.0,valid,0
IN,2009-07,4465.0,valid,0
IN,2009-08,3590.0,valid,0
IN,2009-09,4768.0,valid,0
IN,2009-10,3667.0,valid,0
IN,2009-11,3702.0,valid,0
IN,2009-12,4000.0,valid,0
IN,2010-01,3298.0,valid,0
IN,2010-02,3799.0,valid,0
IN,2010-03,4128.0,valid,0
IN,2010-04,4800.0,valid,0
IN,2010-05,3819.0,valid,0
IN,2010-06,3194.0,valid,0
IN,2010-07,3935.0,valid,0
IN,2010-08,3306.0,valid,0
IN,2010-09,4355.0,valid,0
IN,2010-10,3475.0,valid,0
IN,2010-11,3426.0,valid,0
IN,2010-12,3442.0,valid,0
IN,2011-01,3781.0,valid,0
IN,2011-02,4201.0,valid,0
IN,2011-03,4230.0,valid,0
IN,2011-04,4941.0,valid,1
IN,2011-05,3274.0,valid,0
IN,2011-06,3311.0,valid,0
IN,2011-07,3883.0,valid,0
IN,2011-08,3116.0,valid,0
IN,2011-09,3976.0,valid,0
IN,2011-10,3063.0,valid,0
IN,2011-11,3160.0,valid,0
IN,2011-12,3795.0,valid,0
IN,2012-01,3122.0,valid,0
IN,2012-02,3879.0,valid,1
IN,2012-03,5232.0,valid,0
IN,2012-04,3820.0,valid,0
IN,2012-05,3512.0,valid,0
IN,2012-06,3952.0,valid,0
IN,2012-07,3065.0,valid,0
IN,2012-08,3892.0,valid,0
IN,2012-09,3113.0,valid,0
IN,2012-10,3197.0,valid,0
IN,2012-11,3570.0,valid,0
IN,2012-12,3515.0,valid,0
IN,2013-01,4752.0,valid,0
IN,2013-02,3860.0,valid,0
IN,2013-03,3852.0,valid,0
IN,2013-04,3513.0,valid,0
IN,2013-05,3962.0,valid,0
IN,2013-06,3197.0,valid,0
IN,2013-07,3743.0,valid,0
IN,2013-08,3324.0,valid,0
IN,2013-09,3087.0,valid,0
IN,2013-10,3838.0,valid,0
IN,2013-11,2885.0,valid,0
IN,2013-12,2613.0,valid,0
IN,2014-01,4028.0,valid,1
IN,2014-02,3849.0,valid,0
IN,2014-03,4010.0,valid,0
IN,2014-04,3699.0,valid,0
IN,2014-05,4098.0,valid,0
IN,2014-06,3123.0,valid,0
IN,2014-07,3730.0,valid,0
IN,2014-08,3269.0,valid,0
IN,2014-09,3142.0,valid,0
IN,2014-10,3765.0,valid,0
IN,2014-11,2737.0,valid,0
IN,2014-12,2921.0,valid,0
IN,2015-01,4213.0,valid,0
IN,2015-02,3893.0,valid,0
IN,2015-03,3892.0,valid,0
IN,2015-04,4740.0,valid,0
IN,2015-05,3132.0,valid,0
IN,2015-06,3187.0,valid,0
IN,2015-07,3864.0,valid,0
IN,2015-08,3428.0,valid,0
IN,2015-09,3940.0,valid,0
IN,2015-10,3147.0,valid,0
IN,2015-11,2872.0,valid,0
IN,2015-12,3163.0,valid,0
IN,2016-01,4223.0,valid,0
IN,2016-02,4073.0,valid,0
IN,2016-03,4957.0,valid,0
IN,2016-04,3631.0,valid,0
IN,2016-05,3592.0,valid,0
IN,2016-06,3774.0,valid,0
IN,2016-07,3335.0,valid,0
IN,2016-08,4093.0,valid,0
IN,2016-09,3336.0,valid,0
IN,2016-10,3031.0,valid,0
IN,2016-11,3811.0,valid,0
IN,2016-12,2876.0,valid,0
IN,2017-01,4393.0,valid,0
IN,2017-02,4193.0,valid,0
IN,2017-03,5373.0,valid,0
IN,2017-04,3845.0,valid,0
IN,2017-05,4674.0,valid,0
IN,2017-06,3574.0,valid,0
IN,2017-07,3364.0,valid,0
IN,2017-08,4616.0,valid,0
IN,2017-09,3528.0,valid,0
IN,2017-10,3447.0,valid,0
IN,2017-11,4155.0,valid,0
IN,2017-12,2950.0,valid,0
IN,2018-01,4647.0,valid,0
IN,2018-02,4741.0,valid,1
IN,2018-03,6111.0,valid,0
IN,2018-04,4285.0,valid,0
IN,2018-05,4905.0,valid,0
IN,2018-06,3903.0,valid,0
IN,2018-07,3879.0,valid,0
IN,2018-08,5117.0,valid,0
IN,2018-09,3795.0,valid,0
IN,2018-10,3484.0,valid,0
IN,2018-11,4114.0,valid,0
IN,2018-12,3272.0,valid,0
IN,2019-01,5456.0,valid,0
IN,2019-02,5079.0,valid,0
IN,2019-03,5163.0,valid,0
IN,2019-04,4504.0,valid,0
IN,2019-05,5106.0,valid,0
IN,2019-06,3925.0,valid,0
IN,2019-07,3584.0,valid,0
IN,2019-08,5052.0,valid,0
IN,2019-09,4065.0,valid,0
IN,2019-10,4788.0,valid,0
IN,2019-11,3623.0,valid,0
IN,2019-12,3445.0,valid,0
IN,2020-01,5991.0,valid,2
IN,2020-02,4956.0,valid,0
IN,2020-03,4355.0,valid,0
IN,2020-04,4845.0,valid,0
IN,2020-05,4578.0,valid,0
IN,2020-06,5447.0,valid,0
IN,2020-07,10220.0,valid,0
IN,2020-08,6858.0,valid,0
IN,2020-09,7089.0,valid,0
IN,2020-10,5132.0,valid,0
IN,2020-11,4764.0,valid,0
IN,2020-12,4823.0,valid,0
IN,2021-01,8568.0,valid,0
IN,2021-02,7250.0,valid,0
IN,2021-03,10061.0,valid,0
IN,2021-04,8914.0,valid,0
IN,2021-05,7768.0,valid,0
IN,2021-06,8165.0,valid,0
IN,2021-07,5897.0,valid,0
IN,2021-08,6112.0,valid,0
IN,2021-09,7183.0,valid,0
IN,2021-10,5670.0,valid,0
IN,2021-11,5313.0,valid,0
IN,2021-12,6175.0,valid,0
IN,2022-01,7606.0,valid,0
IN,2022-02,7406.0,valid,0
IN,2022-03,9269.0,valid,0
IN,2022-04,7231.0,valid,0
IN,2022-05,6416.0,valid,0
IN,2022-06,7255.0,valid,0
IN,2022-07,6006.0,valid,0
IN,2022-08,7842.0,valid,0
IN,2022-09,6220.0,valid,0
IN,2022-10,6134.0,valid,0
IN,2022-11,7024.0,valid,0
IN,2022-12,4826.0,valid,0
IN,2023-01,7723.0,valid,0
IN,2023-02,7982.0,valid,0
IN,2023-03,10320.0,valid,1
IN,2023-04,7308.0,valid,0
IN,2023-05,8589.0,valid,0
IN,2023-06,7099.0,valid,0
IN,2023-07,6959.0,valid,0
IN,2023-08,8986.0,valid,0
IN,2023-09,7183.0,valid,0
IN,2023-10,7532.0,valid,0
IN,2023-11,8391.0,valid,0
IN,2023-12,5369.0,valid,0
IN,2024-01,10277.0,valid,0
IN,2024-02,7812.0,valid,0
IN,2024-03,8284.0,valid,0
IN,2024-04,7760.0,valid,0
IN,2024-05,8785.0,valid,0
IN,2024-06,7080.0,valid,0
IN,2024-07,7885.0,valid,0
IN,2024-08,7053.0,valid,0
IN,2024-09,6394.0,valid,0
IN,2024-10,8057.0,valid,0
IN,2024-11,5738.0,valid,0
IN,2024-12,5250.0,valid,0
IN,2025-01,8392.0,valid,0
IN,2025-02,7292.0,valid,0
IN,2025-03,8135.0,valid,1
IN,2025-04,9871.0,valid,0
IN,2025-05,7034.0,valid,0
IN,2025-06,6702.0,valid,0
IN,2025-07,7853.0,valid,0
IN,2025-08,6629.0,valid,0
IN,2025-09,6606.0,valid,0
IN,2025-10,8342.0,valid,0
IN,2025-11,6299.0,valid,0
IN,2025-12,6613.0,valid,0
IN,2026-01,9978.0,valid,1
IN,2026-02,8385.0,valid,0
IN,2026-03,8845.0,valid,0
IN,2026-04,10104.0,valid,0
IN,2026-05,7653.0,valid,0
IN,2026-06,7605.0,valid,0
IN,2026-07,,missing,0
IN,2026-08,,missing,0
IN,2026-09,,missing,0
IN,2026-10,,missing,0
IN,2026-11,,missing,0
IN,2026-12,,missing,0
KS,2004-07,1358.0,valid,0
KS,2004-08,1233.0,valid,1
KS,2004-09,1237.0,valid,0
KS,2004-10,1760.0,valid,0
KS,2004-11,1423.0,valid,0
KS,2004-12,1527.0,valid,0
KS,2005-01,1490.0,valid,1
KS,2005-02,1812.0,valid,0
KS,2005-03,2172.0,valid,0
KS,2005-04,1584.0,valid,0
KS,2005-05,1383.0,valid,0
KS,2005-06,1733.0,valid,1
KS,2005-07,1227.0,valid,0
KS,2005-08,1406.0,valid,0
KS,2005-09,1494.0,valid,1
KS,2005-10,1410.0,valid,1
KS,2005-11,1796.0,valid,1
KS,2005-12,1372.0,valid,0
KS,2006-01,1560.0,valid,0
KS,2006-02,1927.0,valid,0
KS,2006-03,2156.0,valid,2
KS,2006-04,1729.0,valid,0
KS,2006-05,1906.0,valid,0
KS,2006-06,1404.0,valid,0
KS,2006-07,1397.0,valid,0
KS,2006-08,1778.0,valid,0
KS,2006-09,1323.0,valid,0
KS,2006-10,1316.0,valid,0
KS,2006-11,1490.0,valid,0
KS,2006-12,1395.0,valid,1
KS,2007-01,1457.0,valid,0
KS,2007-02,1733.0,valid,0
KS,2007-03,2157.0,valid,0
KS,2007-04,1526.0,valid,0
KS,2007-05,1469.0,valid,1
KS,2007-06,1753.0,valid,1
KS,2007-07,1305.0,valid,0
KS,2007-08,1678.0,valid,0
KS,2007-09,1461.0,valid,0
KS,2007-10,1395.0,valid,0
KS,2007-11,1547.0,valid,0
KS,2007-12,1404.0,valid,2
KS,2008-01,1501.0,valid,0
KS,2008-02,2086.0,valid,0
KS,2008-03,1659.0,valid,0
KS,2008-04,1554.0,valid,0
KS,2008-05,1782.0,valid,1
KS,2008-06,1344.0,valid,0
KS,2008-07,1601.0,valid,0
KS,2008-08,1358.0,valid,0
KS,2008-09,1362.0,valid,1
KS,2008-10,1619.0,valid,0
KS,2008-11,1252.0,valid,0
KS,2008-12,1364.0,valid,0
KS,2009-01,1685.0,valid,0
KS,2009-02,1698.0,valid,0
KS,2009-03,1649.0,valid,1
KS,2009-04,1974.0,valid,1
KS,2009-05,1423.0,valid,0
KS,2009-06,1257.0,valid,0
KS,2009-07,1609.0,valid,1
KS,2009-08,1364.0,valid,0
KS,2009-09,1616.0,valid,0
KS,2009-10,1311.0,valid,0
KS,2009-11,1337.0,valid,1
KS,2009-12,1449.0,valid,1
KS,2010-01,1495.0,valid,0
KS,2010-02,1675.0,valid,0
KS,2010-03,1701.0,valid,0
KS,2010-04,1930.0,valid,0
KS,2010-05,1523.0,valid,0
KS,2010-06,1372.0,valid,1
KS,2010-07,1740.0,valid,0
KS,2010-08,1317.0,valid,0
KS,2010-09,1743.0,valid,0
KS,2010-10,1413.0,valid,0
KS,2010-11,1399.0,valid,0
KS,2010-12,1492.0,valid,0
KS,2011-01,1798.0,valid,0
KS,2011-02,1915.0,valid,0
KS,2011-03,1733.0,valid,0
KS,2011-04,2066.0,valid,1
KS,2011-05,1278.0,valid,1
KS,2011-06,1454.0,valid,2
KS,2011-07,1667.0,valid,0
KS,2011-08,1384.0,valid,0
KS,2011-09,1813.0,valid,0
KS,2011-10,1298.0,valid,0
KS,2011-11,1506.0,valid,0
KS,2011-12,1648.0,valid,0
KS,2012-01,1468.0,valid,0
KS,2012-02,1871.0,valid,0
KS,2012-03,2292.0,valid,0
KS,2012-04,1657.0,valid,1
KS,2012-05,1501.0,valid,0
KS,2012-06,1831.0,valid,0
KS,2012-07,1388.0,valid,0
KS,2012-08,1710.0,valid,0
KS,2012-09,1234.0,valid,0
KS,2012-10,1362.0,valid,0
KS,2012-11,1542.0,valid,0
KS,2012-12,1612.0,valid,0
KS,2013-01,2305.0,valid,0
KS,2013-02,1661.0,valid,1
KS,2013-03,1752.0,valid,0
KS,2013-04,1576.0,valid,0
KS,2013-05,1757.0,valid,0
KS,2013-06,1396.0,valid,0
KS,2013-07,1730.0,valid,1
KS,2013-08,1510.0,valid,0
KS,2013-09,1329.0,valid,0
KS,2013-10,1654.0,valid,0
KS,2013-11,1350.0,valid,0
KS,2013-12,1323.0,valid,0
KS,2014-01,2169.0,valid,0
KS,2014-02,1693.0,valid,0
KS,2014-03,1725.0,valid,0
KS,2014-04,1626.0,valid,0
KS,2014-05,1758.0,valid,0
KS,2014-06,1483.0,valid,0
KS,2014-07,1684.0,valid,0
KS,2014-08,1435.0,valid,0
KS,2014-09,1295.0,valid,0
KS,2014-10,1579.0,valid,0
KS,2014-11,1255.0,valid,0
KS,2014-12,1366.0,valid,0
KS,2015-01,2093.0,valid,0
KS,2015-02,1858.0,valid,0
KS,2015-03,1763.0,valid,0
KS,2015-04,2114.0,valid,0
KS,2015-05,1452.0,valid,1
KS,2015-06,1572.0,valid,0
KS,2015-07,1844.0,valid,0
KS,2015-08,1565.0,valid,0
KS,2015-09,1725.0,valid,0
KS,2015-10,1357.0,valid,0
KS,2015-11,1372.0,valid,0
KS,2015-12,1520.0,valid,0
KS,2016-01,2003.0,valid,0
KS,2016-02,1830.0,valid,0
KS,2016-03,2264.0,valid,1
KS,2016-04,1706.0,valid,1
KS,2016-05,1702.0,valid,0
KS,2016-06,1842.0,valid,0
KS,2016-07,1465.0,valid,0
KS,2016-08,1917.0,valid,0
KS,2016-09,1577.0,valid,1
KS,2016-10,1544.0,valid,0
KS,2016-11,1865.0,valid,0
KS,2016-12,1453.0,valid,0
KS,2017-01,2135.0,valid,1
KS,2017-02,1974.0,valid,0
KS,2017-03,2405.0,valid,7
KS,2017-04,1733.0,valid,1
KS,2017-05,2109.0,valid,0
KS,2017-06,1608.0,valid,0
KS,2017-07,1572.0,valid,1
KS,2017-08,2067.0,valid,0
KS,2017-09,1637.0,valid,0
KS,2017-10,1581.0,valid,0
KS,2017-11,1783.0,valid,0
KS,2017-12,1295.0,valid,0
KS,2018-01,2279.0,valid,0
KS,2018-02,2218.0,valid,0
KS,2018-03,2715.0,valid,0
KS,2018-04,2012.0,valid,0
KS,2018-05,2314.0,valid,0
KS,2018-06,2014.0,valid,0
KS,2018-07,1790.0,valid,0
KS,2018-08,2419.0,valid,0
KS,2018-09,1632.0,valid,1
KS,2018-10,1591.0,valid,1
KS,2018-11,1897.0,valid,0
KS,2018-12,1548.0,valid,0
KS,2019-01,2578.0,valid,0
KS,2019-02,2036.0,valid,0
KS,2019-03,2112.0,valid,0
KS,2019-04,1858.0,valid,1
KS,2019-05,2152.0,valid,1
KS,2019-06,1664.0,valid,0
KS,2019-07,1473.0,valid,0
KS,2019-08,2075.0,valid,0
KS,2019-09,1608.0,valid,0
KS,2019-10,2029.0,valid,0
KS,2019-11,1410.0,valid,0
KS,2019-12,1531.0,valid,0
KS,2020-01,2390.0,valid,5
KS,2020-02,1950.0,valid,0
KS,2020-03,1742.0,valid,0
KS,2020-04,1871.0,valid,0
KS,2020-05,1672.0,valid,0
KS,2020-06,1919.0,valid,0
KS,2020-07,2718.0,valid,0
KS,2020-08,2197.0,valid,0
KS,2020-09,2468.0,valid,0
KS,2020-10,1939.0,valid,0
KS,2020-11,1795.0,valid,0
KS,2020-12,1899.0,valid,0
KS,2021-01,3009.0,valid,0
KS,2021-02,2525.0,valid,0
KS,2021-03,3460.0,valid,0
KS,2021-04,2908.0,valid,0
KS,2021-05,2575.0,valid,0
KS,2021-06,2690.0,valid,0
KS,2021-07,2054.0,valid,0
KS,2021-08,2223.0,valid,0
KS,2021-09,2538.0,valid,0
KS,2021-10,2114.0,valid,0
KS,2021-11,2026.0,valid,0
KS,2021-12,2327.0,valid,1
KS,2022-01,3169.0,valid,0
KS,2022-02,2796.0,valid,0
KS,2022-03,3330.0,valid,2
KS,2022-04,2635.0,valid,0
KS,2022-05,2405.0,valid,0
KS,2022-06,2671.0,valid,0
KS,2022-07,2192.0,valid,0
KS,2022-08,2837.0,valid,0
KS,2022-09,2289.0,valid,0
KS,2022-10,2247.0,valid,0
KS,2022-11,2502.0,valid,0
KS,2022-12,1881.0,valid,0
KS,2023-01,2920.0,valid,0
KS,2023-02,2781.0,valid,0
KS,2023-03,3441.0,valid,0
KS,2023-04,2568.0,valid,1
KS,2023-05,3151.0,valid,0
KS,2023-06,2572.0,valid,0
KS,2023-07,2515.0,valid,1
KS,2023-08,3276.0,valid,0
KS,2023-09,2447.0,valid,0
KS,2023-10,2263.0,valid,0
KS,2023-11,3034.0,valid,0
KS,2023-12,2028.0,valid,0
KS,2024-01,3664.0,valid,1
KS,2024-02,2815.0,valid,0
KS,2024-03,2803.0,valid,0
KS,2024-04,2526.0,valid,1
KS,2024-05,3010.0,valid,1
KS,2024-06,2662.0,valid,1
KS,2024-07,2818.0,valid,0
KS,2024-08,2445.0,valid,0
KS,2024-09,2292.0,valid,0
KS,2024-10,2749.0,valid,0
KS,2024-11,2185.0,valid,0
KS,2024-12,2013.0,valid,0
KS,2025-01,3086.0,valid,0
KS,2025-02,2650.0,valid,0
KS,2025-03,3149.0,valid,2
KS,2025-04,3697.0,valid,0
KS,2025-05,2680.0,valid,1
KS,2025-06,2723.0,valid,1
KS,2025-07,3133.0,valid,1
KS,2025-08,2959.0,valid,0
KS,2025-09,3361.0,valid,0
KS,2025-10,3840.0,valid,0
KS,2025-11,3141.0,valid,0
KS,2025-12,3115.0,valid,0
KS,2026-01,4348.0,valid,0
KS,2026-02,3156.0,valid,0
KS,2026-03,3337.0,valid,0
KS,2026-04,4038.0,valid,1
KS,2026-05,3168.0,valid,0
KS,2026-06,3577.0,valid,0
KS,2026-07,,missing,0
KS,2026-08,,missing,0
KS,2026-09,,missing,0
KS,2026-10,,missing,0
KS,2026-11,,missing,0
KS,2026-12,,missing,0
KY,2004-07,1642.0,valid,1
KY,2004-08,1820.0,valid,0
KY,2004-09,1832.0,valid,0
KY,2004-10,2176.0,valid,0
KY,2004-11,1768.0,valid,0
KY,2004-12,2050.0,valid,1
KY,2005-01,1782.0,valid,0
KY,2005-02,2462.0,valid,0
KY,2005-03,2705.0,valid,0
KY,2005-04,2396.0,valid,0
KY,2005-05,1999.0,valid,0
KY,2005-06,2383.0,valid,0
KY,2005-07,1803.0,valid,0
KY,2005-08,1739.0,valid,1
KY,2005-09,2200.0,valid,0
KY,2005-10,1867.0,valid,0
KY,2005-11,2268.0,valid,1
KY,2005-12,1765.0,valid,0
KY,2006-01,2034.0,valid,0
KY,2006-02,2639.0,valid,0
KY,2006-03,3104.0,valid,0
KY,2006-04,2210.0,valid,0
KY,2006-05,2410.0,valid,0
KY,2006-06,1841.0,valid,0
KY,2006-07,1820.0,valid,0
KY,2006-08,2430.0,valid,0
KY,2006-09,1843.0,valid,0
KY,2006-10,1805.0,valid,0
KY,2006-11,1879.0,valid,0
KY,2006-12,1763.0,valid,0
KY,2007-01,1710.0,valid,0
KY,2007-02,2295.0,valid,0
KY,2007-03,2914.0,valid,0
KY,2007-04,2094.0,valid,1
KY,2007-05,1971.0,valid,0
KY,2007-06,2308.0,valid,0
KY,2007-07,1730.0,valid,0
KY,2007-08,2385.0,valid,0
KY,2007-09,1886.0,valid,0
KY,2007-10,1897.0,valid,0
KY,2007-11,2068.0,valid,0
KY,2007-12,1714.0,valid,0
KY,2008-01,1799.0,valid,0
KY,2008-02,2834.0,valid,1
KY,2008-03,2368.0,valid,0
KY,2008-04,2205.0,valid,1
KY,2008-05,2487.0,valid,0
KY,2008-06,1800.0,valid,0
KY,2008-07,2188.0,valid,0
KY,2008-08,1986.0,valid,0
KY,2008-09,1809.0,valid,1
KY,2008-10,2257.0,valid,0
KY,2008-11,1708.0,valid,0
KY,2008-12,1629.0,valid,0
KY,2009-01,1765.0,valid,2
KY,2009-02,1791.0,valid,0
KY,2009-03,2248.0,valid,0
KY,2009-04,2566.0,valid,0
KY,2009-05,1882.0,valid,1
KY,2009-06,1743.0,valid,0
KY,2009-07,2128.0,valid,0
KY,2009-08,1764.0,valid,1
KY,2009-09,2171.0,valid,0
KY,2009-10,1672.0,valid,0
KY,2009-11,1752.0,valid,0
KY,2009-12,1889.0,valid,0
KY,2010-01,1910.0,valid,0
KY,2010-02,2212.0,valid,0
KY,2010-03,2278.0,valid,0
KY,2010-04,2562.0,valid,0
KY,2010-05,1928.0,valid,1
KY,2010-06,1772.0,valid,0
KY,2010-07,2169.0,valid,1
KY,2010-08,1832.0,valid,0
KY,2010-09,2455.0,valid,0
KY,2010-10,1867.0,valid,0
KY,2010-11,1775.0,valid,0
KY,2010-12,1866.0,valid,0
KY,2011-01,2061.0,valid,0
KY,2011-02,2347.0,valid,0
KY,2011-03,2439.0,valid,0
KY,2011-04,2542.0,valid,1
KY,2011-05,1674.0,valid,0
KY,2011-06,1766.0,valid,1
KY,2011-07,2294.0,valid,0
KY,2011-08,1861.0,valid,0
KY,2011-09,2222.0,valid,0
KY,2011-10,1732.0,valid,0
KY,2011-11,1867.0,valid,0
KY,2011-12,1965.0,valid,0
KY,2012-01,1718.0,valid,0
KY,2012-02,2263.0,valid,1
KY,2012-03,2908.0,valid,0
KY,2012-04,2099.0,valid,0
KY,2012-05,1980.0,valid,0
KY,2012-06,2252.0,valid,0
KY,2012-07,1715.0,valid,0
KY,2012-08,2427.0,valid,0
KY,2012-09,1796.0,valid,0
KY,2012-10,1767.0,valid,0
KY,2012-11,2092.0,valid,0
KY,2012-12,1877.0,valid,0
KY,2013-01,2688.0,valid,0
KY,2013-02,2310.0,valid,0
KY,2013-03,2311.0,valid,0
KY,2013-04,2132.0,valid,0
KY,2013-05,2161.0,valid,0
KY,2013-06,1811.0,valid,0
KY,2013-07,2246.0,valid,0
KY,2013-08,2024.0,valid,0
KY,2013-09,1744.0,valid,0
KY,2013-10,2207.0,valid,0
KY,2013-11,1707.0,valid,0
KY,2013-12,1584.0,valid,0
KY,2014-01,2733.0,valid,0
KY,2014-02,2473.0,valid,0
KY,2014-03,2464.0,valid,0
KY,2014-04,2084.0,valid,0
KY,2014-05,2373.0,valid,0
KY,2014-06,1799.0,valid,0
KY,2014-07,2194.0,valid,0
KY,2014-08,1911.0,valid,1
KY,2014-09,1782.0,valid,0
KY,2014-10,2191.0,valid,0
KY,2014-11,1553.0,valid,0
KY,2014-12,1658.0,valid,0
KY,2015-01,2489.0,valid,0
KY,2015-02,2133.0,valid,1
KY,2015-03,2109.0,valid,1
KY,2015-04,2590.0,valid,1
KY,2015-05,1874.0,valid,0
KY,2015-06,1987.0,valid,0
KY,2015-07,2289.0,valid,1
KY,2015-08,1963.0,valid,0
KY,2015-09,2446.0,valid,0
KY,2015-10,1822.0,valid,0
KY,2015-11,1624.0,valid,0
KY,2015-12,1728.0,valid,0
KY,2016-01,2514.0,valid,0
KY,2016-02,2461.0,valid,0
KY,2016-03,2995.0,valid,0
KY,2016-04,2271.0,valid,0
KY,2016-05,2116.0,valid,0
KY,2016-06,2314.0,valid,0
KY,2016-07,2054.0,valid,1
KY,2016-08,2598.0,valid,0
KY,2016-09,2008.0,valid,0
KY,2016-10,1902.0,valid,0
KY,2016-11,2218.0,valid,2
KY,2016-12,1581.0,valid,0
KY,2017-01,2642.0,valid,0
KY,2017-02,2627.0,valid,0
KY,2017-03,3529.0,valid,0
KY,2017-04,2465.0,valid,0
KY,2017-05,2862.0,valid,0
KY,2017-06,2211.0,valid,0
KY,2017-07,2190.0,valid,0
KY,2017-08,2957.0,valid,0
KY,2017-09,2248.0,valid,0
KY,2017-10,2238.0,valid,0
KY,2017-11,2625.0,valid,0
KY,2017-12,1871.0,valid,0
KY,2018-01,3143.0,valid,0
KY,2018-02,3183.0,valid,2
KY,2018-03,3901.0,valid,0
KY,2018-04,2752.0,valid,0
KY,2018-05,3163.0,valid,0
KY,2018-06,2729.0,valid,0
KY,2018-07,2593.0,valid,0
KY,2018-08,3321.0,valid,0
KY,2018-09,2533.0,valid,0
KY,2018-10,2176.0,valid,0
KY,2018-11,2560.0,valid,0
KY,2018-12,1784.0,valid,0
KY,2019-01,3561.0,valid,0
KY,2019-02,2962.0,valid,1
KY,2019-03,3135.0,valid,0
KY,2019-04,2821.0,valid,0
KY,2019-05,3034.0,valid,0
KY,2019-06,2482.0,valid,0
KY,2019-07,2168.0,valid,0
KY,2019-08,3038.0,valid,0
KY,2019-09,2503.0,valid,0
KY,2019-10,3183.0,valid,0
KY,2019-11,2078.0,valid,0
KY,2019-12,1943.0,valid,0
KY,2020-01,3340.0,valid,2
KY,2020-02,3129.0,valid,1
KY,2020-03,2486.0,valid,0
KY,2020-04,2751.0,valid,0
KY,2020-05,2600.0,valid,0
KY,2020-06,2899.0,valid,0
KY,2020-07,4375.0,valid,0
KY,2020-08,3483.0,valid,0
KY,2020-09,3955.0,valid,0
KY,2020-10,3137.0,valid,0
KY,2020-11,2615.0,valid,0
KY,2020-12,2578.0,valid,0
KY,2021-01,4582.0,valid,0
KY,2021-02,4034.0,valid,2
KY,2021-03,5351.0,valid,0
KY,2021-04,4318.0,valid,0
KY,2021-05,3967.0,valid,0
KY,2021-06,4246.0,valid,0
KY,2021-07,3354.0,valid,0
KY,2021-08,3412.0,valid,0
KY,2021-09,4160.0,valid,0
KY,2021-10,3240.0,valid,0
KY,2021-11,3162.0,valid,0
KY,2021-12,3394.0,valid,3
KY,2022-01,4342.0,valid,0
KY,2022-02,4071.0,valid,0
KY,2022-03,5548.0,valid,0
KY,2022-04,3927.0,valid,0
KY,2022-05,3650.0,valid,0
KY,2022-06,4139.0,valid,0
KY,2022-07,3363.0,valid,1
KY,2022-08,4507.0,valid,0
KY,2022-09,3479.0,valid,0
KY,2022-10,3347.0,valid,0
KY,2022-11,3768.0,valid,0
KY,2022-12,2572.0,valid,0
KY,2023-01,4622.0,valid,0
KY,2023-02,4259.0,valid,1
KY,2023-03,5985.0,valid,1
KY,2023-04,4267.0,valid,0
KY,2023-05,5157.0,valid,0
KY,2023-06,4505.0,valid,0
KY,2023-07,4290.0,valid,0
KY,2023-08,5890.0,valid,0
KY,2023-09,4001.0,valid,0
KY,2023-10,4154.0,valid,0
KY,2023-11,4576.0,valid,0
KY,2023-12,3050.0,valid,0
KY,2024-01,6414.0,valid,0
KY,2024-02,4946.0,valid,0
KY,2024-03,4846.0,valid,0
KY,2024-04,4391.0,valid,1
KY,2024-05,5220.0,valid,1
KY,2024-06,4042.0,valid,0
KY,2024-07,5087.0,valid,0
KY,2024-08,4680.0,valid,0
KY,2024-09,3836.0,valid,1
KY,2024-10,4578.0,valid,0
KY,2024-11,3270.0,valid,0
KY,2024-12,2828.0,valid,0
KY,2025-01,4781.0,valid,0
KY,2025-02,4190.0,valid,2
KY,2025-03,4931.0,valid,0
KY,2025-04,6239.0,valid,2
KY,2025-05,4610.0,valid,1
KY,2025-06,4813.0,valid,0
KY,2025-07,6339.0,valid,0
KY,2025-08,4824.0,valid,0
KY,2025-09,5353.0,valid,0
KY,2025-10,6746.0,valid,0
KY,2025-11,5700.0,valid,0
KY,2025-12,5516.0,valid,0
KY,2026-01,7033.0,valid,2
KY,2026-02,5954.0,valid,0
KY,2026-03,6216.0,valid,0
KY,2026-04,7700.0,valid,0
KY,2026-05,6578.0,valid,0
KY,2026-06,6695.0,valid,0
KY,2026-07,,missing,0
KY,2026-08,,missing,0
KY,2026-09,,missing,0
KY,2026-10,,missing,0
KY,2026-11,,missing,0
KY,2026-12,,missing,0
LA,2004-07,2654.0,valid,0
LA,2004-08,2554.0,valid,0
LA,2004-09,2491.0,valid,1
LA,2004-10,2953.0,valid,0
LA,2004-11,2436.0,valid,0
LA,2004-12,2641.0,valid,0
LA,2005-01,2488.0,valid,0
LA,2005-02,3060.0,valid,0
LA,2005-03,4166.0,valid,0
LA,2005-04,2927.0,valid,0
LA,2005-05,2863.0,valid,0
LA,2005-06,3474.0,valid,0
LA,2005-07,2439.0,valid,1
LA,2005-08,2854.0,valid,2
LA,2005-09,2117.0,valid,2
LA,2005-10,2682.0,valid,0
LA,2005-11,3994.0,valid,0
LA,2005-12,2897.0,valid,0
LA,2006-01,2835.0,valid,0
LA,2006-02,3722.0,valid,0
LA,2006-03,4498.0,valid,0
LA,2006-04,3484.0,valid,0
LA,2006-05,4274.0,valid,0
LA,2006-06,3109.0,valid,0
LA,2006-07,2977.0,valid,0
LA,2006-08,4078.0,valid,0
LA,2006-09,2998.0,valid,0
LA,2006-10,2868.0,valid,1
LA,2006-11,3209.0,valid,0
LA,2006-12,2951.0,valid,0
LA,2007-01,2582.0,valid,0
LA,2007-02,3537.0,valid,1
LA,2007-03,4208.0,valid,0
LA,2007-04,3142.0,valid,0
LA,2007-05,3391.0,valid,0
LA,2007-06,3855.0,valid,0
LA,2007-07,3028.0,valid,0
LA,2007-08,3954.0,valid,0
LA,2007-09,3031.0,valid,0
LA,2007-10,2981.0,valid,0
LA,2007-11,3125.0,valid,0
LA,2007-12,2686.0,valid,0
LA,2008-01,2673.0,valid,0
LA,2008-02,3982.0,valid,0
LA,2008-03,3615.0,valid,0
LA,2008-04,3201.0,valid,0
LA,2008-05,4158.0,valid,0
LA,2008-06,2995.0,valid,0
LA,2008-07,3816.0,valid,0
LA,2008-08,3208.0,valid,1
LA,2008-09,2183.0,valid,3
LA,2008-10,3589.0,valid,0
LA,2008-11,2806.0,valid,0
LA,2008-12,2857.0,valid,0
LA,2009-01,3040.0,valid,0
LA,2009-02,3338.0,valid,0
LA,2009-03,2923.0,valid,0
LA,2009-04,3749.0,valid,0
LA,2009-05,3029.0,valid,0
LA,2009-06,2835.0,valid,0
LA,2009-07,3509.0,valid,0
LA,2009-08,2784.0,valid,0
LA,2009-09,3471.0,valid,0
LA,2009-10,2575.0,valid,1
LA,2009-11,2468.0,valid,0
LA,2009-12,2688.0,valid,0
LA,2010-01,2882.0,valid,0
LA,2010-02,3216.0,valid,0
LA,2010-03,3446.0,valid,0
LA,2010-04,3920.0,valid,0
LA,2010-05,3069.0,valid,0
LA,2010-06,3029.0,valid,0
LA,2010-07,3886.0,valid,0
LA,2010-08,3151.0,valid,0
LA,2010-09,3711.0,valid,0
LA,2010-10,3042.0,valid,0
LA,2010-11,2996.0,valid,0
LA,2010-12,2994.0,valid,0
LA,2011-01,3477.0,valid,0
LA,2011-02,3920.0,valid,0
LA,2011-03,3534.0,valid,0
LA,2011-04,4197.0,valid,2
LA,2011-05,2689.0,valid,0
LA,2011-06,3053.0,valid,0
LA,2011-07,3906.0,valid,0
LA,2011-08,3033.0,valid,0
LA,2011-09,3679.0,valid,1
LA,2011-10,2672.0,valid,0
LA,2011-11,2824.0,valid,0
LA,2011-12,3168.0,valid,0
LA,2012-01,3135.0,valid,0
LA,2012-02,3737.0,valid,0
LA,2012-03,4486.0,valid,0
LA,2012-04,3326.0,valid,0
LA,2012-05,2925.0,valid,0
LA,2012-06,3616.0,valid,0
LA,2012-07,2681.0,valid,0
LA,2012-08,3690.0,valid,2
LA,2012-09,2373.0,valid,0
LA,2012-10,2803.0,valid,0
LA,2012-11,3171.0,valid,0
LA,2012-12,2989.0,valid,0
LA,2013-01,4288.0,valid,1
LA,2013-02,3629.0,valid,0
LA,2013-03,3551.0,valid,0
LA,2013-04,3270.0,valid,0
LA,2013-05,3725.0,valid,0
LA,2013-06,2946.0,valid,0
LA,2013-07,3792.0,valid,0
LA,2013-08,3050.0,valid,0
LA,2013-09,2648.0,valid,0
LA,2013-10,3327.0,valid,0
LA,2013-11,2475.0,valid,0
LA,2013-12,2352.0,valid,0
LA,2014-01,3959.0,valid,0
LA,2014-02,3912.0,valid,0
LA,2014-03,3548.0,valid,0
LA,2014-04,3358.0,valid,0
LA,2014-05,3666.0,valid,0
LA,2014-06,3091.0,valid,0
LA,2014-07,3666.0,valid,0
LA,2014-08,3028.0,valid,0
LA,2014-09,2896.0,valid,0
LA,2014-10,3352.0,valid,0
LA,2014-11,2517.0,valid,0
LA,2014-12,2562.0,valid,0
LA,2015-01,3912.0,valid,0
LA,2015-02,3702.0,valid,0
LA,2015-03,3849.0,valid,0
LA,2015-04,4363.0,valid,0
LA,2015-05,3293.0,valid,1
LA,2015-06,3388.0,valid,0
LA,2015-07,4151.0,valid,0
LA,2015-08,3610.0,valid,0
LA,2015-09,4360.0,valid,0
LA,2015-10,3411.0,valid,0
LA,2015-11,3020.0,valid,0
LA,2015-12,3224.0,valid,1
LA,2016-01,4370.0,valid,0
LA,2016-02,4221.0,valid,0
LA,2016-03,5166.0,valid,1
LA,2016-04,4155.0,valid,0
LA,2016-05,3689.0,valid,0
LA,2016-06,4180.0,valid,0
LA,2016-07,3866.0,valid,0
LA,2016-08,4700.0,valid,1
LA,2016-09,3926.0,valid,0
LA,2016-10,3622.0,valid,0
LA,2016-11,4160.0,valid,0
LA,2016-12,3040.0,valid,0
LA,2017-01,4647.0,valid,0
LA,2017-02,4793.0,valid,1
LA,2017-03,5985.0,valid,0
LA,2017-04,4422.0,valid,0
LA,2017-05,5116.0,valid,0
LA,2017-06,4173.0,valid,0
LA,2017-07,3855.0,valid,0
LA,2017-08,4997.0,valid,2
LA,2017-09,3822.0,valid,0
LA,2017-10,3581.0,valid,1
LA,2017-11,4371.0,valid,0
LA,2017-12,2844.0,valid,0
LA,2018-01,4537.0,valid,0
LA,2018-02,4597.0,valid,0
LA,2018-03,6193.0,valid,0
LA,2018-04,4593.0,valid,0
LA,2018-05,5383.0,valid,0
LA,2018-06,4380.0,valid,0
LA,2018-07,4176.0,valid,0
LA,2018-08,5407.0,valid,0
LA,2018-09,3906.0,valid,0
LA,2018-10,3854.0,valid,0
LA,2018-11,4052.0,valid,0
LA,2018-12,3051.0,valid,0
LA,2019-01,5928.0,valid,0
LA,2019-02,5501.0,valid,0
LA,2019-03,5092.0,valid,0
LA,2019-04,4752.0,valid,1
LA,2019-05,5081.0,valid,2
LA,2019-06,4194.0,valid,0
LA,2019-07,3666.0,valid,2
LA,2019-08,5200.0,valid,0
LA,2019-09,3772.0,valid,0
LA,2019-10,4580.0,valid,0
LA,2019-11,3211.0,valid,0
LA,2019-12,3116.0,valid,0
LA,2020-01,5572.0,valid,3
LA,2020-02,4547.0,valid,0
LA,2020-03,4390.0,valid,0
LA,2020-04,5614.0,valid,0
LA,2020-05,5867.0,valid,0
LA,2020-06,7322.0,valid,1
LA,2020-07,15641.0,valid,0
LA,2020-08,9446.0,valid,2
LA,2020-09,8793.0,valid,1
LA,2020-10,6144.0,valid,4
LA,2020-11,5444.0,valid,0
LA,2020-12,5260.0,valid,0
LA,2021-01,9534.0,valid,0
LA,2021-02,8598.0,valid,2
LA,2021-03,12307.0,valid,0
LA,2021-04,10900.0,valid,0
LA,2021-05,10279.0,valid,1
LA,2021-06,10079.0,valid,0
LA,2021-07,6968.0,valid,0
LA,2021-08,6742.0,valid,2
LA,2021-09,7349.0,valid,1
LA,2021-10,6232.0,valid,0
LA,2021-11,5443.0,valid,0
LA,2021-12,6046.0,valid,0
LA,2022-01,7560.0,valid,0
LA,2022-02,7776.0,valid,0
LA,2022-03,8957.0,valid,0
LA,2022-04,7929.0,valid,0
LA,2022-05,7105.0,valid,0
LA,2022-06,7449.0,valid,0
LA,2022-07,5820.0,valid,0
LA,2022-08,7464.0,valid,0
LA,2022-09,5399.0,valid,0
LA,2022-10,5186.0,valid,0
LA,2022-11,5619.0,valid,0
LA,2022-12,4318.0,valid,0
LA,2023-01,6733.0,valid,0
LA,2023-02,7212.0,valid,0
LA,2023-03,9677.0,valid,0
LA,2023-04,7051.0,valid,0
LA,2023-05,7847.0,valid,0
LA,2023-06,6368.0,valid,0
LA,2023-07,6290.0,valid,0
LA,2023-08,7880.0,valid,4
LA,2023-09,6134.0,valid,1
LA,2023-10,5733.0,valid,0
LA,2023-11,5579.0,valid,0
LA,2023-12,3900.0,valid,0
LA,2024-01,8320.0,valid,0
LA,2024-02,6708.0,valid,0
LA,2024-03,6507.0,valid,0
LA,2024-04,5525.0,valid,0
LA,2024-05,6962.0,valid,0
LA,2024-06,5121.0,valid,0
LA,2024-07,6111.0,valid,0
LA,2024-08,5316.0,valid,0
LA,2024-09,4497.0,valid,2
LA,2024-10,5460.0,valid,0
LA,2024-11,4368.0,valid,0
LA,2024-12,3619.0,valid,0
LA,2025-01,5979.0,valid,0
LA,2025-02,5876.0,valid,0
LA,2025-03,6350.0,valid,0
LA,2025-04,7328.0,valid,0
LA,2025-05,5399.0,valid,0
LA,2025-06,5511.0,valid,0
LA,2025-07,6912.0,valid,0
LA,2025-08,5423.0,valid,0
LA,2025-09,6112.0,valid,0
LA,2025-10,7964.0,valid,0
LA,2025-11,6425.0,valid,0
LA,2025-12,6341.0,valid,0
LA,2026-01,7149.0,valid,2
LA,2026-02,6171.0,valid,0
LA,2026-03,6780.0,valid,0
LA,2026-04,7936.0,valid,0
LA,2026-05,6007.0,valid,0
LA,2026-06,6709.0,valid,1
LA,2026-07,,missing,0
LA,2026-08,,missing,0
LA,2026-09,,missing,0
LA,2026-10,,missing,0
LA,2026-11,,missing,0
LA,2026-12,,missing,0
MA,2004-07,3123.0,valid,0
MA,2004-08,3119.0,valid,0
MA,2004-09,3062.0,valid,0
MA,2004-10,3970.0,valid,0
MA,2004-11,3166.0,valid,0
MA,2004-12,3628.0,valid,0
MA,2005-01,3664.0,valid,1
MA,2005-02,3916.0,valid,0
MA,2005-03,5097.0,valid,0
MA,2005-04,4074.0,valid,0
MA,2005-05,3880.0,valid,0
MA,2005-06,4317.0,valid,0
MA,2005-07,3267.0,valid,0
MA,2005-08,3221.0,valid,1
MA,2005-09,3876.0,valid,0
MA,2005-10,3791.0,valid,2
MA,2005-11,4075.0,valid,0
MA,2005-12,3380.0,valid,0
MA,2006-01,3726.0,valid,0
MA,2006-02,4448.0,valid,0
MA,2006-03,5464.0,valid,0
MA,2006-04,4315.0,valid,0
MA,2006-05,4922.0,valid,1
MA,2006-06,3377.0,valid,0
MA,2006-07,3171.0,valid,0
MA,2006-08,4267.0,valid,0
MA,2006-09,3051.0,valid,0
MA,2006-10,3178.0,valid,0
MA,2006-11,3953.0,valid,0
MA,2006-12,3411.0,valid,0
MA,2007-01,3523.0,valid,0
MA,2007-02,4156.0,valid,0
MA,2007-03,5135.0,valid,0
MA,2007-04,3994.0,valid,1
MA,2007-05,3921.0,valid,0
MA,2007-06,4304.0,valid,0
MA,2007-07,3154.0,valid,0
MA,2007-08,4307.0,valid,0
MA,2007-09,3172.0,valid,0
MA,2007-10,3583.0,valid,0
MA,2007-11,3915.0,valid,0
MA,2007-12,3320.0,valid,0
MA,2008-01,3438.0,valid,0
MA,2008-02,4759.0,valid,0
MA,2008-03,4035.0,valid,0
MA,2008-04,3944.0,valid,0
MA,2008-05,4474.0,valid,0
MA,2008-06,3295.0,valid,0
MA,2008-07,3671.0,valid,0
MA,2008-08,3302.0,valid,0
MA,2008-09,3030.0,valid,0
MA,2008-10,3820.0,valid,0
MA,2008-11,2966.0,valid,0
MA,2008-12,3062.0,valid,2
MA,2009-01,3382.0,valid,0
MA,2009-02,3660.0,valid,0
MA,2009-03,3625.0,valid,0
MA,2009-04,4456.0,valid,0
MA,2009-05,3369.0,valid,0
MA,2009-06,3327.0,valid,0
MA,2009-07,3945.0,valid,0
MA,2009-08,3066.0,valid,0
MA,2009-09,3930.0,valid,0
MA,2009-10,3256.0,valid,0
MA,2009-11,3319.0,valid,0
MA,2009-12,3796.0,valid,0
MA,2010-01,3761.0,valid,0
MA,2010-02,4024.0,valid,0
MA,2010-03,4371.0,valid,1
MA,2010-04,5250.0,valid,0
MA,2010-05,3882.0,valid,1
MA,2010-06,3475.0,valid,0
MA,2010-07,4054.0,valid,0
MA,2010-08,3359.0,valid,0
MA,2010-09,4239.0,valid,1
MA,2010-10,3383.0,valid,0
MA,2010-11,3378.0,valid,0
MA,2010-12,3811.0,valid,0
MA,2011-01,3774.0,valid,1
MA,2011-02,4040.0,valid,0
MA,2011-03,4328.0,valid,0
MA,2011-04,5340.0,valid,0
MA,2011-05,3451.0,valid,0
MA,2011-06,3654.0,valid,1
MA,2011-07,4446.0,valid,0
MA,2011-08,3219.0,valid,2
MA,2011-09,3952.0,valid,0
MA,2011-10,3279.0,valid,2
MA,2011-11,3280.0,valid,0
MA,2011-12,3929.0,valid,0
MA,2012-01,3429.0,valid,0
MA,2012-02,4175.0,valid,0
MA,2012-03,5439.0,valid,0
MA,2012-04,4065.0,valid,0
MA,2012-05,3933.0,valid,0
MA,2012-06,4195.0,valid,0
MA,2012-07,3209.0,valid,0
MA,2012-08,4060.0,valid,0
MA,2012-09,3207.0,valid,0
MA,2012-10,3384.0,valid,2
MA,2012-11,3763.0,valid,0
MA,2012-12,3911.0,valid,0
MA,2013-01,5226.0,valid,0
MA,2013-02,3769.0,valid,1
MA,2013-03,4296.0,valid,0
MA,2013-04,4052.0,valid,1
MA,2013-05,4526.0,valid,0
MA,2013-06,3647.0,valid,0
MA,2013-07,4144.0,valid,0
MA,2013-08,3523.0,valid,0
MA,2013-09,3419.0,valid,0
MA,2013-10,4460.0,valid,0
MA,2013-11,3378.0,valid,0
MA,2013-12,3231.0,valid,0
MA,2014-01,4932.0,valid,0
MA,2014-02,4203.0,valid,0
MA,2014-03,4515.0,valid,0
MA,2014-04,4401.0,valid,0
MA,2014-05,4753.0,valid,0
MA,2014-06,3800.0,valid,0
MA,2014-07,4272.0,valid,0
MA,2014-08,3553.0,valid,0
MA,2014-09,3465.0,valid,0
MA,2014-10,4606.0,valid,0
MA,2014-11,3338.0,valid,0
MA,2014-12,3522.0,valid,0
MA,2015-01,4465.0,valid,1
MA,2015-02,3592.0,valid,0
MA,2015-03,4440.0,valid,0
MA,2015-04,5585.0,valid,0
MA,2015-05,3840.0,valid,0
MA,2015-06,4017.0,valid,0
MA,2015-07,4728.0,valid,0
MA,2015-08,3634.0,valid,0
MA,2015-09,4613.0,valid,0
MA,2015-10,3734.0,valid,0
MA,2015-11,3479.0,valid,0
MA,2015-12,3735.0,valid,0
MA,2016-01,4866.0,valid,0
MA,2016-02,4374.0,valid,0
MA,2016-03,5899.0,valid,0
MA,2016-04,4229.0,valid,0
MA,2016-05,4259.0,valid,0
MA,2016-06,4345.0,valid,0
MA,2016-07,3851.0,valid,0
MA,2016-08,4615.0,valid,0
MA,2016-09,3673.0,valid,0
MA,2016-10,3613.0,valid,0
MA,2016-11,4376.0,valid,0
MA,2016-12,3303.0,valid,0
MA,2017-01,5114.0,valid,0
MA,2017-02,4445.0,valid,0
MA,2017-03,6015.0,valid,0
MA,2017-04,4573.0,valid,0
MA,2017-05,5331.0,valid,0
MA,2017-06,4320.0,valid,0
MA,2017-07,3803.0,valid,0
MA,2017-08,5083.0,valid,0
MA,2017-09,4071.0,valid,0
MA,2017-10,4034.0,valid,0
MA,2017-11,4751.0,valid,0
MA,2017-12,3367.0,valid,0
MA,2018-01,5357.0,valid,0
MA,2018-02,5041.0,valid,0
MA,2018-03,6634.0,valid,2
MA,2018-04,5066.0,valid,0
MA,2018-05,5879.0,valid,0
MA,2018-06,4806.0,valid,0
MA,2018-07,4110.0,valid,0
MA,2018-08,5467.0,valid,0
MA,2018-09,4176.0,valid,0
MA,2018-10,4011.0,valid,0
MA,2018-11,4862.0,valid,0
MA,2018-12,3791.0,valid,0
MA,2019-01,6068.0,valid,0
MA,2019-02,5087.0,valid,0
MA,2019-03,5496.0,valid,0
MA,2019-04,4991.0,valid,0
MA,2019-05,5767.0,valid,0
MA,2019-06,4582.0,valid,0
MA,2019-07,3696.0,valid,0
MA,2019-08,5153.0,valid,0
MA,2019-09,4102.0,valid,0
MA,2019-10,5118.0,valid,0
MA,2019-11,3621.0,valid,0
MA,2019-12,3583.0,valid,0
MA,2020-01,6043.0,valid,4
MA,2020-02,4982.0,valid,0
MA,2020-03,4396.0,valid,0
MA,2020-04,4252.0,valid,0
MA,2020-05,3899.0,valid,0
MA,2020-06,4646.0,valid,0
MA,2020-07,6819.0,valid,0
MA,2020-08,5700.0,valid,0
MA,2020-09,6459.0,valid,0
MA,2020-10,5180.0,valid,0
MA,2020-11,4679.0,valid,0
MA,2020-12,4804.0,valid,0
MA,2021-01,7265.0,valid,0
MA,2021-02,6400.0,valid,0
MA,2021-03,8554.0,valid,0
MA,2021-04,6776.0,valid,0
MA,2021-05,6396.0,valid,0
MA,2021-06,7323.0,valid,0
MA,2021-07,5252.0,valid,0
MA,2021-08,5269.0,valid,1
MA,2021-09,6545.0,valid,0
MA,2021-10,5390.0,valid,0
MA,2021-11,4963.0,valid,0
MA,2021-12,5533.0,valid,0
MA,2022-01,6616.0,valid,1
MA,2022-02,5961.0,valid,0
MA,2022-03,8112.0,valid,0
MA,2022-04,6265.0,valid,0
MA,2022-05,5895.0,valid,0
MA,2022-06,6533.0,valid,0
MA,2022-07,5068.0,valid,0
MA,2022-08,6372.0,valid,0
MA,2022-09,5146.0,valid,0
MA,2022-10,5207.0,valid,0
MA,2022-11,5897.0,valid,0
MA,2022-12,4100.0,valid,0
MA,2023-01,6315.0,valid,0
MA,2023-02,6231.0,valid,0
MA,2023-03,8625.0,valid,0
MA,2023-04,6263.0,valid,0
MA,2023-05,7637.0,valid,0
MA,2023-06,5906.0,valid,0
MA,2023-07,5591.0,valid,0
MA,2023-08,7619.0,valid,0
MA,2023-09,5646.0,valid,2
MA,2023-10,5634.0,valid,0
MA,2023-11,6266.0,valid,0
MA,2023-12,4337.0,valid,0
MA,2024-01,8443.0,valid,0
MA,2024-02,6478.0,valid,0
MA,2024-03,6893.0,valid,0
MA,2024-04,6349.0,valid,0
MA,2024-05,7436.0,valid,0
MA,2024-06,5797.0,valid,0
MA,2024-07,6430.0,valid,0
MA,2024-08,5436.0,valid,0
MA,2024-09,5434.0,valid,0
MA,2024-10,6958.0,valid,0
MA,2024-11,5033.0,valid,0
MA,2024-12,4739.0,valid,0
MA,2025-01,7657.0,valid,0
MA,2025-02,6238.0,valid,0
MA,2025-03,7138.0,valid,0
MA,2025-04,7996.0,valid,0
MA,2025-05,6097.0,valid,0
MA,2025-06,6101.0,valid,0
MA,2025-07,6980.0,valid,0
MA,2025-08,6258.0,valid,0
MA,2025-09,5726.0,valid,0
MA,2025-10,7212.0,valid,0
MA,2025-11,5482.0,valid,0
MA,2025-12,6254.0,valid,0
MA,2026-01,7730.0,valid,0
MA,2026-02,7020.0,valid,1
MA,2026-03,7727.0,valid,0
MA,2026-04,9331.0,valid,0
MA,2026-05,7107.0,valid,0
MA,2026-06,7087.0,valid,0
MA,2026-07,,missing,0
MA,2026-08,,missing,0
MA,2026-09,,missing,0
MA,2026-10,,missing,0
MA,2026-11,,missing,0
MA,2026-12,,missing,0
MD,2004-07,3756.0,valid,0
MD,2004-08,3859.0,valid,0
MD,2004-09,3714.0,valid,0
MD,2004-10,4719.0,valid,0
MD,2004-11,3939.0,valid,0
MD,2004-12,4096.0,valid,0
MD,2005-01,3880.0,valid,0
MD,2005-02,4666.0,valid,0
MD,2005-03,5881.0,valid,0
MD,2005-04,4358.0,valid,0
MD,2005-05,4419.0,valid,0
MD,2005-06,4980.0,valid,0
MD,2005-07,3769.0,valid,0
MD,2005-08,4004.0,valid,1
MD,2005-09,4693.0,valid,0
MD,2005-10,4315.0,valid,0
MD,2005-11,5130.0,valid,0
MD,2005-12,4094.0,valid,0
MD,2006-01,4041.0,valid,0
MD,2006-02,5276.0,valid,0
MD,2006-03,6599.0,valid,0
MD,2006-04,4968.0,valid,0
MD,2006-05,6063.0,valid,0
MD,2006-06,4247.0,valid,1
MD,2006-07,4156.0,valid,0
MD,2006-08,5610.0,valid,0
MD,2006-09,4022.0,valid,0
MD,2006-10,3898.0,valid,0
MD,2006-11,4741.0,valid,0
MD,2006-12,4291.0,valid,0
MD,2007-01,4028.0,valid,0
MD,2007-02,4789.0,valid,0
MD,2007-03,6678.0,valid,0
MD,2007-04,5075.0,valid,0
MD,2007-05,4799.0,valid,0
MD,2007-06,5272.0,valid,0
MD,2007-07,4154.0,valid,0
MD,2007-08,5407.0,valid,0
MD,2007-09,4109.0,valid,0
MD,2007-10,4656.0,valid,0
MD,2007-11,5017.0,valid,0
MD,2007-12,4240.0,valid,0
MD,2008-01,4295.0,valid,0
MD,2008-02,6046.0,valid,0
MD,2008-03,5228.0,valid,0
MD,2008-04,5005.0,valid,0
MD,2008-05,5681.0,valid,0
MD,2008-06,4056.0,valid,0
MD,2008-07,5034.0,valid,0
MD,2008-08,4250.0,valid,0
MD,2008-09,3747.0,valid,0
MD,2008-10,4677.0,valid,0
MD,2008-11,3727.0,valid,0
MD,2008-12,3707.0,valid,0
MD,2009-01,3731.0,valid,0
MD,2009-02,4073.0,valid,0
MD,2009-03,4522.0,valid,0
MD,2009-04,5326.0,valid,0
MD,2009-05,3979.0,valid,0
MD,2009-06,3701.0,valid,0
MD,2009-07,4543.0,valid,0
MD,2009-08,3620.0,valid,0
MD,2009-09,4394.0,valid,0
MD,2009-10,3586.0,valid,0
MD,2009-11,3568.0,valid,0
MD,2009-12,3781.0,valid,1
MD,2010-01,3697.0,valid,0
MD,2010-02,3678.0,valid,1
MD,2010-03,4729.0,valid,0
MD,2010-04,6149.0,valid,0
MD,2010-05,4531.0,valid,0
MD,2010-06,3876.0,valid,0
MD,2010-07,4772.0,valid,0
MD,2010-08,3652.0,valid,0
MD,2010-09,4474.0,valid,0
MD,2010-10,3764.0,valid,0
MD,2010-11,3816.0,valid,0
MD,2010-12,3805.0,valid,0
MD,2011-01,4028.0,valid,0
MD,2011-02,4712.0,valid,0
MD,2011-03,4793.0,valid,0
MD,2011-04,5748.0,valid,0
MD,2011-05,3683.0,valid,0
MD,2011-06,3962.0,valid,0
MD,2011-07,4752.0,valid,0
MD,2011-08,3799.0,valid,2
MD,2011-09,4537.0,valid,1
MD,2011-10,3826.0,valid,0
MD,2011-11,3626.0,valid,0
MD,2011-12,4215.0,valid,0
MD,2012-01,3634.0,valid,0
MD,2012-02,4867.0,valid,0
MD,2012-03,6300.0,valid,0
MD,2012-04,4876.0,valid,0
MD,2012-05,4268.0,valid,0
MD,2012-06,4811.0,valid,1
MD,2012-07,3490.0,valid,0
MD,2012-08,4967.0,valid,0
MD,2012-09,3638.0,valid,0
MD,2012-10,3825.0,valid,2
MD,2012-11,4205.0,valid,0
MD,2012-12,4137.0,valid,0
MD,2013-01,5713.0,valid,0
MD,2013-02,5027.0,valid,0
MD,2013-03,5392.0,valid,0
MD,2013-04,4926.0,valid,0
MD,2013-05,5158.0,valid,0
MD,2013-06,4262.0,valid,0
MD,2013-07,5233.0,valid,0
MD,2013-08,4276.0,valid,0
MD,2013-09,3789.0,valid,0
MD,2013-10,5229.0,valid,0
MD,2013-11,3963.0,valid,0
MD,2013-12,3525.0,valid,0
MD,2014-01,5743.0,valid,0
MD,2014-02,5472.0,valid,1
MD,2014-03,5669.0,valid,0
MD,2014-04,5380.0,valid,0
MD,2014-05,5698.0,valid,0
MD,2014-06,4732.0,valid,0
MD,2014-07,5163.0,valid,0
MD,2014-08,3829.0,valid,0
MD,2014-09,3965.0,valid,0
MD,2014-10,4933.0,valid,0
MD,2014-11,3516.0,valid,0
MD,2014-12,3648.0,valid,0
MD,2015-01,5253.0,valid,0
MD,2015-02,5081.0,valid,0
MD,2015-03,5284.0,valid,0
MD,2015-04,6107.0,valid,0
MD,2015-05,4301.0,valid,0
MD,2015-06,4607.0,valid,0
MD,2015-07,5549.0,valid,0
MD,2015-08,4449.0,valid,0
MD,2015-09,5349.0,valid,0
MD,2015-10,4377.0,valid,0
MD,2015-11,4133.0,valid,0
MD,2015-12,4246.0,valid,0
MD,2016-01,5226.0,valid,1
MD,2016-02,5459.0,valid,0
MD,2016-03,7059.0,valid,0
MD,2016-04,5283.0,valid,0
MD,2016-05,5047.0,valid,0
MD,2016-06,5246.0,valid,0
MD,2016-07,4542.0,valid,1
MD,2016-08,5663.0,valid,0
MD,2016-09,4464.0,valid,0
MD,2016-10,4364.0,valid,0
MD,2016-11,5255.0,valid,0
MD,2016-12,4117.0,valid,0
MD,2017-01,5920.0,valid,0
MD,2017-02,5969.0,valid,0
MD,2017-03,7573.0,valid,0
MD,2017-04,5659.0,valid,0
MD,2017-05,6503.0,valid,0
MD,2017-06,5243.0,valid,0
MD,2017-07,5023.0,valid,0
MD,2017-08,6422.0,valid,0
MD,2017-09,4923.0,valid,0
MD,2017-10,4961.0,valid,0
MD,2017-11,5947.0,valid,0
MD,2017-12,4170.0,valid,0
MD,2018-01,6660.0,valid,0
MD,2018-02,6569.0,valid,0
MD,2018-03,8838.0,valid,0
MD,2018-04,6307.0,valid,0
MD,2018-05,7349.0,valid,2
MD,2018-06,5802.0,valid,0
MD,2018-07,5291.0,valid,0
MD,2018-08,7144.0,valid,0
MD,2018-09,5263.0,valid,0
MD,2018-10,5297.0,valid,0
MD,2018-11,6158.0,valid,0
MD,2018-12,4460.0,valid,0
MD,2019-01,7437.0,valid,0
MD,2019-02,7003.0,valid,0
MD,2019-03,7411.0,valid,0
MD,2019-04,6827.0,valid,0
MD,2019-05,7433.0,valid,0
MD,2019-06,5702.0,valid,0
MD,2019-07,5303.0,valid,0
MD,2019-08,6917.0,valid,0
MD,2019-09,5294.0,valid,0
MD,2019-10,6677.0,valid,0
MD,2019-11,4883.0,valid,0
MD,2019-12,4564.0,valid,0
MD,2020-01,7580.0,valid,2
MD,2020-02,6727.0,valid,0
MD,2020-03,5838.0,valid,0
MD,2020-04,7026.0,valid,0
MD,2020-05,6277.0,valid,0
MD,2020-06,7756.0,valid,0
MD,2020-07,13390.0,valid,0
MD,2020-08,10085.0,valid,1
MD,2020-09,10514.0,valid,0
MD,2020-10,7765.0,valid,0
MD,2020-11,7222.0,valid,0
MD,2020-12,7126.0,valid,0
MD,2021-01,10828.0,valid,0
MD,2021-02,10407.0,valid,0
MD,2021-03,13622.0,valid,0
MD,2021-04,10817.0,valid,0
MD,2021-05,10189.0,valid,0
MD,2021-06,10950.0,valid,0
MD,2021-07,7565.0,valid,0
MD,2021-08,8407.0,valid,0
MD,2021-09,10397.0,valid,0
MD,2021-10,7949.0,valid,0
MD,2021-11,6624.0,valid,0
MD,2021-12,7401.0,valid,0
MD,2022-01,9086.0,valid,0
MD,2022-02,9449.0,valid,0
MD,2022-03,11745.0,valid,0
MD,2022-04,8878.0,valid,0
MD,2022-05,7773.0,valid,0
MD,2022-06,8503.0,valid,0
MD,2022-07,7068.0,valid,0
MD,2022-08,8833.0,valid,0
MD,2022-09,7470.0,valid,0
MD,2022-10,6918.0,valid,0
MD,2022-11,7823.0,valid,0
MD,2022-12,5715.0,valid,0
MD,2023-01,8040.0,valid,0
MD,2023-02,8531.0,valid,0
MD,2023-03,11322.0,valid,0
MD,2023-04,8741.0,valid,0
MD,2023-05,9470.0,valid,0
MD,2023-06,8312.0,valid,0
MD,2023-07,7660.0,valid,0
MD,2023-08,10088.0,valid,0
MD,2023-09,7830.0,valid,0
MD,2023-10,7758.0,valid,0
MD,2023-11,8365.0,valid,0
MD,2023-12,5710.0,valid,0
MD,2024-01,11174.0,valid,0
MD,2024-02,8387.0,valid,0
MD,2024-03,8491.0,valid,0
MD,2024-04,7876.0,valid,0
MD,2024-05,8886.0,valid,0
MD,2024-06,7264.0,valid,0
MD,2024-07,8718.0,valid,0
MD,2024-08,7127.0,valid,0
MD,2024-09,6815.0,valid,0
MD,2024-10,8774.0,valid,0
MD,2024-11,6195.0,valid,0
MD,2024-12,5739.0,valid,0
MD,2025-01,8659.0,valid,0
MD,2025-02,8155.0,valid,0
MD,2025-03,8784.0,valid,0
MD,2025-04,10330.0,valid,0
MD,2025-05,7844.0,valid,0
MD,2025-06,8424.0,valid,0
MD,2025-07,9477.0,valid,0
MD,2025-08,7809.0,valid,0
MD,2025-09,7271.0,valid,0
MD,2025-10,9164.0,valid,0
MD,2025-11,7158.0,valid,0
MD,2025-12,8178.0,valid,0
MD,2026-01,9619.0,valid,1
MD,2026-02,9525.0,valid,0
MD,2026-03,10132.0,valid,0
MD,2026-04,11897.0,valid,0
MD,2026-05,9050.0,valid,0
MD,2026-06,8703.0,valid,0
MD,2026-07,,missing,0
MD,2026-08,,missing,0
MD,2026-09,,missing,0
MD,2026-10,,missing,0
MD,2026-11,,missing,0
MD,2026-12,,missing,0
ME,2004-07,654.0,valid,0
ME,2004-08,685.0,valid,0
ME,2004-09,587.0,valid,0
ME,2004-10,829.0,valid,0
ME,2004-11,664.0,valid,0
ME,2004-12,684.0,valid,0
ME,2005-01,657.0,valid,1
ME,2005-02,861.0,valid,1
ME,2005-03,961.0,valid,3
ME,2005-04,836.0,valid,0
ME,2005-05,837.0,valid,0
ME,2005-06,923.0,valid,0
ME,2005-07,649.0,valid,0
ME,2005-08,586.0,valid,1
ME,2005-09,721.0,valid,0
ME,2005-10,705.0,valid,0
ME,2005-11,772.0,valid,0
ME,2005-12,627.0,valid,1
ME,2006-01,742.0,valid,0
ME,2006-02,832.0,valid,0
ME,2006-03,1025.0,valid,0
ME,2006-04,806.0,valid,0
ME,2006-05,970.0,valid,1
ME,2006-06,733.0,valid,0
ME,2006-07,679.0,valid,0
ME,2006-08,788.0,valid,0
ME,2006-09,581.0,valid,0
ME,2006-10,599.0,valid,0
ME,2006-11,733.0,valid,0
ME,2006-12,696.0,valid,0
ME,2007-01,604.0,valid,0
ME,2007-02,826.0,valid,0
ME,2007-03,906.0,valid,1
ME,2007-04,757.0,valid,1
ME,2007-05,734.0,valid,0
ME,2007-06,913.0,valid,0
ME,2007-07,617.0,valid,1
ME,2007-08,779.0,valid,0
ME,2007-09,591.0,valid,0
ME,2007-10,645.0,valid,0
ME,2007-11,665.0,valid,0
ME,2007-12,596.0,valid,0
ME,2008-01,640.0,valid,0
ME,2008-02,870.0,valid,0
ME,2008-03,716.0,valid,0
ME,2008-04,734.0,valid,1
ME,2008-05,823.0,valid,0
ME,2008-06,599.0,valid,0
ME,2008-07,681.0,valid,1
ME,2008-08,552.0,valid,0
ME,2008-09,553.0,valid,0
ME,2008-10,644.0,valid,0
ME,2008-11,533.0,valid,0
ME,2008-12,506.0,valid,2
ME,2009-01,582.0,valid,0
ME,2009-02,588.0,valid,0
ME,2009-03,642.0,valid,0
ME,2009-04,818.0,valid,0
ME,2009-05,572.0,valid,0
ME,2009-06,594.0,valid,1
ME,2009-07,680.0,valid,0
ME,2009-08,460.0,valid,0
ME,2009-09,555.0,valid,0
ME,2009-10,508.0,valid,0
ME,2009-11,455.0,valid,0
ME,2009-12,580.0,valid,0
ME,2010-01,586.0,valid,0
ME,2010-02,628.0,valid,1
ME,2010-03,670.0,valid,1
ME,2010-04,867.0,valid,0
ME,2010-05,663.0,valid,0
ME,2010-06,543.0,valid,0
ME,2010-07,720.0,valid,0
ME,2010-08,507.0,valid,0
ME,2010-09,632.0,valid,0
ME,2010-10,512.0,valid,0
ME,2010-11,533.0,valid,0
ME,2010-12,598.0,valid,1
ME,2011-01,566.0,valid,0
ME,2011-02,674.0,valid,0
ME,2011-03,694.0,valid,0
ME,2011-04,864.0,valid,0
ME,2011-05,600.0,valid,0
ME,2011-06,593.0,valid,0
ME,2011-07,648.0,valid,0
ME,2011-08,509.0,valid,1
ME,2011-09,560.0,valid,0
ME,2011-10,500.0,valid,0
ME,2011-11,499.0,valid,0
ME,2011-12,611.0,valid,0
ME,2012-01,477.0,valid,0
ME,2012-02,661.0,valid,0
ME,2012-03,842.0,valid,0
ME,2012-04,687.0,valid,0
ME,2012-05,630.0,valid,0
ME,2012-06,725.0,valid,0
ME,2012-07,502.0,valid,0
ME,2012-08,625.0,valid,0
ME,2012-09,475.0,valid,0
ME,2012-10,518.0,valid,0
ME,2012-11,605.0,valid,0
ME,2012-12,581.0,valid,0
ME,2013-01,750.0,valid,0
ME,2013-02,626.0,valid,1
ME,2013-03,638.0,valid,0
ME,2013-04,673.0,valid,0
ME,2013-05,676.0,valid,0
ME,2013-06,561.0,valid,0
ME,2013-07,705.0,valid,0
ME,2013-08,514.0,valid,0
ME,2013-09,514.0,valid,0
ME,2013-10,691.0,valid,0
ME,2013-11,498.0,valid,0
ME,2013-12,420.0,valid,0
ME,2014-01,691.0,valid,0
ME,2014-02,658.0,valid,0
ME,2014-03,638.0,valid,0
ME,2014-04,727.0,valid,0
ME,2014-05,792.0,valid,0
ME,2014-06,595.0,valid,0
ME,2014-07,644.0,valid,0
ME,2014-08,495.0,valid,0
ME,2014-09,492.0,valid,0
ME,2014-10,661.0,valid,0
ME,2014-11,483.0,valid,0
ME,2014-12,573.0,valid,0
ME,2015-01,664.0,valid,1
ME,2015-02,632.0,valid,0
ME,2015-03,645.0,valid,0
ME,2015-04,863.0,valid,0
ME,2015-05,589.0,valid,0
ME,2015-06,668.0,valid,0
ME,2015-07,675.0,valid,0
ME,2015-08,573.0,valid,0
ME,2015-09,751.0,valid,0
ME,2015-10,601.0,valid,0
ME,2015-11,484.0,valid,0
ME,2015-12,597.0,valid,0
ME,2016-01,722.0,valid,0
ME,2016-02,649.0,valid,0
ME,2016-03,961.0,valid,0
ME,2016-04,719.0,valid,0
ME,2016-05,698.0,valid,0
ME,2016-06,673.0,valid,0
ME,2016-07,615.0,valid,0
ME,2016-08,709.0,valid,0
ME,2016-09,588.0,valid,0
ME,2016-10,545.0,valid,0
ME,2016-11,674.0,valid,0
ME,2016-12,475.0,valid,0
ME,2017-01,743.0,valid,0
ME,2017-02,649.0,valid,0
ME,2017-03,1007.0,valid,0
ME,2017-04,776.0,valid,0
ME,2017-05,916.0,valid,0
ME,2017-06,744.0,valid,0
ME,2017-07,619.0,valid,0
ME,2017-08,853.0,valid,0
ME,2017-09,642.0,valid,0
ME,2017-10,631.0,valid,1
ME,2017-11,720.0,valid,0
ME,2017-12,534.0,valid,0
ME,2018-01,905.0,valid,0
ME,2018-02,886.0,valid,0
ME,2018-03,1185.0,valid,1
ME,2018-04,962.0,valid,0
ME,2018-05,1173.0,valid,0
ME,2018-06,971.0,valid,0
ME,2018-07,809.0,valid,0
ME,2018-08,1074.0,valid,0
ME,2018-09,680.0,valid,0
ME,2018-10,646.0,valid,0
ME,2018-11,860.0,valid,0
ME,2018-12,744.0,valid,0
ME,2019-01,1196.0,valid,0
ME,2019-02,926.0,valid,0
ME,2019-03,1033.0,valid,0
ME,2019-04,759.0,valid,0
ME,2019-05,1008.0,valid,0
ME,2019-06,749.0,valid,0
ME,2019-07,602.0,valid,0
ME,2019-08,859.0,valid,0
ME,2019-09,666.0,valid,0
ME,2019-10,826.0,valid,0
ME,2019-11,644.0,valid,0
ME,2019-12,719.0,valid,0
ME,2020-01,1071.0,valid,3
ME,2020-02,870.0,valid,0
ME,2020-03,827.0,valid,0
ME,2020-04,758.0,valid,0
ME,2020-05,679.0,valid,0
ME,2020-06,856.0,valid,0
ME,2020-07,1107.0,valid,0
ME,2020-08,896.0,valid,0
ME,2020-09,1086.0,valid,0
ME,2020-10,835.0,valid,0
ME,2020-11,805.0,valid,0
ME,2020-12,810.0,valid,0
ME,2021-01,1269.0,valid,0
ME,2021-02,1035.0,valid,0
ME,2021-03,1571.0,valid,0
ME,2021-04,1163.0,valid,0
ME,2021-05,1138.0,valid,0
ME,2021-06,1274.0,valid,0
ME,2021-07,870.0,valid,0
ME,2021-08,1008.0,valid,0
ME,2021-09,1226.0,valid,0
ME,2021-10,1036.0,valid,1
ME,2021-11,897.0,valid,0
ME,2021-12,1045.0,valid,0
ME,2022-01,1176.0,valid,0
ME,2022-02,1135.0,valid,0
ME,2022-03,1520.0,valid,0
ME,2022-04,1192.0,valid,0
ME,2022-05,1055.0,valid,0
ME,2022-06,1108.0,valid,0
ME,2022-07,946.0,valid,0
ME,2022-08,1223.0,valid,0
ME,2022-09,918.0,valid,0
ME,2022-10,945.0,valid,0
ME,2022-11,1031.0,valid,0
ME,2022-12,744.0,valid,1
ME,2023-01,1043.0,valid,0
ME,2023-02,1016.0,valid,0
ME,2023-03,1494.0,valid,0
ME,2023-04,1409.0,valid,1
ME,2023-05,1522.0,valid,0
ME,2023-06,1130.0,valid,2
ME,2023-07,1088.0,valid,0
ME,2023-08,1319.0,valid,0
ME,2023-09,899.0,valid,1
ME,2023-10,1090.0,valid,0
ME,2023-11,1130.0,valid,0
ME,2023-12,944.0,valid,1
ME,2024-01,1502.0,valid,1
ME,2024-02,1213.0,valid,0
ME,2024-03,1332.0,valid,0
ME,2024-04,1019.0,valid,1
ME,2024-05,1418.0,valid,0
ME,2024-06,1085.0,valid,0
ME,2024-07,1155.0,valid,0
ME,2024-08,1054.0,valid,0
ME,2024-09,1036.0,valid,0
ME,2024-10,1334.0,valid,0
ME,2024-11,1020.0,valid,0
ME,2024-12,950.0,valid,0
ME,2025-01,1452.0,valid,0
ME,2025-02,1095.0,valid,0
ME,2025-03,1385.0,valid,0
ME,2025-04,1603.0,valid,0
ME,2025-05,1161.0,valid,0
ME,2025-06,1018.0,valid,0
ME,2025-07,1149.0,valid,0
ME,2025-08,962.0,valid,0
ME,2025-09,1001.0,valid,0
ME,2025-10,1264.0,valid,0
ME,2025-11,1003.0,valid,0
ME,2025-12,1093.0,valid,0
ME,2026-01,1277.0,valid,0
ME,2026-02,1289.0,valid,0
ME,2026-03,1420.0,valid,0
ME,2026-04,1722.0,valid,0
ME,2026-05,1289.0,valid,0
ME,2026-06,1203.0,valid,0
ME,2026-07,,missing,0
ME,2026-08,,missing,0
ME,2026-09,,missing,0
ME,2026-10,,missing,0
ME,2026-11,,missing,0
ME,2026-12,,missing,0
MI,2004-07,5182.0,valid,0
MI,2004-08,5316.0,valid,0
MI,2004-09,5248.0,valid,0
MI,2004-10,6309.0,valid,0
MI,2004-11,5392.0,valid,0
MI,2004-12,6596.0,valid,0
MI,2005-01,5155.0,valid,0
MI,2005-02,6968.0,valid,0
MI,2005-03,8041.0,valid,0
MI,2005-04,7006.0,valid,0
MI,2005-05,6430.0,valid,0
MI,2005-06,7409.0,valid,0
MI,2005-07,5200.0,valid,0
MI,2005-08,4912.0,valid,1
MI,2005-09,6466.0,valid,0
MI,2005-10,6012.0,valid,0
MI,2005-11,6678.0,valid,0
MI,2005-12,5647.0,valid,0
MI,2006-01,5322.0,valid,0
MI,2006-02,6980.0,valid,0
MI,2006-03,8597.0,valid,0
MI,2006-04,6801.0,valid,0
MI,2006-05,8343.0,valid,0
MI,2006-06,5813.0,valid,0
MI,2006-07,5445.0,valid,0
MI,2006-08,7167.0,valid,0
MI,2006-09,5412.0,valid,0
MI,2006-10,5640.0,valid,0
MI,2006-11,6308.0,valid,0
MI,2006-12,6245.0,valid,0
MI,2007-01,5354.0,valid,0
MI,2007-02,7007.0,valid,0
MI,2007-03,9032.0,valid,0
MI,2007-04,6799.0,valid,0
MI,2007-05,6613.0,valid,0
MI,2007-06,7108.0,valid,0
MI,2007-07,5397.0,valid,0
MI,2007-08,7298.0,valid,0
MI,2007-09,5770.0,valid,0
MI,2007-10,6034.0,valid,0
MI,2007-11,6950.0,valid,0
MI,2007-12,5804.0,valid,0
MI,2008-01,5374.0,valid,0
MI,2008-02,7978.0,valid,0
MI,2008-03,7446.0,valid,0
MI,2008-04,6911.0,valid,0
MI,2008-05,8352.0,valid,0
MI,2008-06,5858.0,valid,1
MI,2008-07,6571.0,valid,0
MI,2008-08,5908.0,valid,0
MI,2008-09,5540.0,valid,0
MI,2008-10,6991.0,valid,0
MI,2008-11,5381.0,valid,0
MI,2008-12,5496.0,valid,0
MI,2009-01,5625.0,valid,0
MI,2009-02,6305.0,valid,0
MI,2009-03,6799.0,valid,0
MI,2009-04,7883.0,valid,0
MI,2009-05,6029.0,valid,0
MI,2009-06,5463.0,valid,0
MI,2009-07,6579.0,valid,0
MI,2009-08,5200.0,valid,0
MI,2009-09,6637.0,valid,0
MI,2009-10,5300.0,valid,0
MI,2009-11,5394.0,valid,0
MI,2009-12,5919.0,valid,0
MI,2010-01,5785.0,valid,0
MI,2010-02,6903.0,valid,0
MI,2010-03,6803.0,valid,0
MI,2010-04,8224.0,valid,0
MI,2010-05,6365.0,valid,0
MI,2010-06,5695.0,valid,0
MI,2010-07,6552.0,valid,0
MI,2010-08,5382.0,valid,0
MI,2010-09,6843.0,valid,0
MI,2010-10,5702.0,valid,0
MI,2010-11,5437.0,valid,0
MI,2010-12,5954.0,valid,0
MI,2011-01,6134.0,valid,0
MI,2011-02,7066.0,valid,0
MI,2011-03,6884.0,valid,0
MI,2011-04,8408.0,valid,0
MI,2011-05,5285.0,valid,0
MI,2011-06,5919.0,valid,0
MI,2011-07,6624.0,valid,0
MI,2011-08,5270.0,valid,0
MI,2011-09,6641.0,valid,0
MI,2011-10,5159.0,valid,0
MI,2011-11,5405.0,valid,0
MI,2011-12,6448.0,valid,0
MI,2012-01,5225.0,valid,0
MI,2012-02,6736.0,valid,0
MI,2012-03,8646.0,valid,0
MI,2012-04,6436.0,valid,0
MI,2012-05,6189.0,valid,0
MI,2012-06,6896.0,valid,0
MI,2012-07,5055.0,valid,0
MI,2012-08,6643.0,valid,0
MI,2012-09,4886.0,valid,0
MI,2012-10,5253.0,valid,0
MI,2012-11,6135.0,valid,0
MI,2012-12,5971.0,valid,0
MI,2013-01,7744.0,valid,0
MI,2013-02,6492.0,valid,0
MI,2013-03,6760.0,valid,0
MI,2013-04,6279.0,valid,1
MI,2013-05,6795.0,valid,0
MI,2013-06,5462.0,valid,0
MI,2013-07,6617.0,valid,0
MI,2013-08,5336.0,valid,0
MI,2013-09,4874.0,valid,0
MI,2013-10,6481.0,valid,0
MI,2013-11,5024.0,valid,0
MI,2013-12,4594.0,valid,0
MI,2014-01,6956.0,valid,0
MI,2014-02,6654.0,valid,0
MI,2014-03,7090.0,valid,0
MI,2014-04,6383.0,valid,1
MI,2014-05,7281.0,valid,0
MI,2014-06,5727.0,valid,0
MI,2014-07,6464.0,valid,0
MI,2014-08,5383.0,valid,1
MI,2014-09,5238.0,valid,0
MI,2014-10,6729.0,valid,0
MI,2014-11,4835.0,valid,0
MI,2014-12,5103.0,valid,0
MI,2015-01,6695.0,valid,0
MI,2015-02,6424.0,valid,0
MI,2015-03,7129.0,valid,0
MI,2015-04,8334.0,valid,0
MI,2015-05,5581.0,valid,0
MI,2015-06,5881.0,valid,0
MI,2015-07,6646.0,valid,0
MI,2015-08,5383.0,valid,0
MI,2015-09,6746.0,valid,0
MI,2015-10,5595.0,valid,0
MI,2015-11,4888.0,valid,0
MI,2015-12,5312.0,valid,0
MI,2016-01,7135.0,valid,0
MI,2016-02,6914.0,valid,0
MI,2016-03,9134.0,valid,0
MI,2016-04,7023.0,valid,0
MI,2016-05,6605.0,valid,0
MI,2016-06,6491.0,valid,0
MI,2016-07,6190.0,valid,0
MI,2016-08,7158.0,valid,0
MI,2016-09,5673.0,valid,0
MI,2016-10,5629.0,valid,0
MI,2016-11,6345.0,valid,0
MI,2016-12,4833.0,valid,0
MI,2017-01,7075.0,valid,0
MI,2017-02,7638.0,valid,0
MI,2017-03,9374.0,valid,0
MI,2017-04,7385.0,valid,0
MI,2017-05,8309.0,valid,0
MI,2017-06,6379.0,valid,1
MI,2017-07,5761.0,valid,0
MI,2017-08,7982.0,valid,0
MI,2017-09,6311.0,valid,0
MI,2017-10,6319.0,valid,0
MI,2017-11,6374.0,valid,0
MI,2017-12,5364.0,valid,0
MI,2018-01,7900.0,valid,0
MI,2018-02,8412.0,valid,0
MI,2018-03,11610.0,valid,0
MI,2018-04,8155.0,valid,0
MI,2018-05,9314.0,valid,0
MI,2018-06,7218.0,valid,1
MI,2018-07,6518.0,valid,0
MI,2018-08,8499.0,valid,0
MI,2018-09,6690.0,valid,0
MI,2018-10,6485.0,valid,0
MI,2018-11,7703.0,valid,0
MI,2018-12,5788.0,valid,0
MI,2019-01,9427.0,valid,0
MI,2019-02,8456.0,valid,0
MI,2019-03,9683.0,valid,0
MI,2019-04,8604.0,valid,0
MI,2019-05,9405.0,valid,0
MI,2019-06,7005.0,valid,0
MI,2019-07,6261.0,valid,0
MI,2019-08,8610.0,valid,0
MI,2019-09,6671.0,valid,0
MI,2019-10,8601.0,valid,0
MI,2019-11,6031.0,valid,0
MI,2019-12,5778.0,valid,0
MI,2020-01,9870.0,valid,2
MI,2020-02,8737.0,valid,0
MI,2020-03,7803.0,valid,0
MI,2020-04,8425.0,valid,0
MI,2020-05,7369.0,valid,2
MI,2020-06,9599.0,valid,0
MI,2020-07,20644.0,valid,0
MI,2020-08,15031.0,valid,0
MI,2020-09,14446.0,valid,0
MI,2020-10,10369.0,valid,0
MI,2020-11,9000.0,valid,0
MI,2020-12,9083.0,valid,0
MI,2021-01,14732.0,valid,0
MI,2021-02,13657.0,valid,0
MI,2021-03,18219.0,valid,0
MI,2021-04,15341.0,valid,0
MI,2021-05,13375.0,valid,0
MI,2021-06,13910.0,valid,1
MI,2021-07,10620.0,valid,0
MI,2021-08,10197.0,valid,0
MI,2021-09,12161.0,valid,0
MI,2021-10,9693.0,valid,0
MI,2021-11,8934.0,valid,0
MI,2021-12,10252.0,valid,0
MI,2022-01,11794.0,valid,0
MI,2022-02,11682.0,valid,0
MI,2022-03,15873.0,valid,0
MI,2022-04,13343.0,valid,0
MI,2022-05,11230.0,valid,0
MI,2022-06,12490.0,valid,0
MI,2022-07,9657.0,valid,0
MI,2022-08,12281.0,valid,0
MI,2022-09,9407.0,valid,0
MI,2022-10,9710.0,valid,0
MI,2022-11,11400.0,valid,0
MI,2022-12,8217.0,valid,0
MI,2023-01,12406.0,valid,0
MI,2023-02,12699.0,valid,0
MI,2023-03,17038.0,valid,0
MI,2023-04,12800.0,valid,0
MI,2023-05,15057.0,valid,0
MI,2023-06,11344.0,valid,0
MI,2023-07,10864.0,valid,0
MI,2023-08,13816.0,valid,1
MI,2023-09,10905.0,valid,0
MI,2023-10,11172.0,valid,0
MI,2023-11,11801.0,valid,0
MI,2023-12,7965.0,valid,0
MI,2024-01,15405.0,valid,0
MI,2024-02,12474.0,valid,0
MI,2024-03,12704.0,valid,0
MI,2024-04,12358.0,valid,0
MI,2024-05,12896.0,valid,0
MI,2024-06,10252.0,valid,0
MI,2024-07,11871.0,valid,0
MI,2024-08,9543.0,valid,0
MI,2024-09,9199.0,valid,0
MI,2024-10,10781.0,valid,0
MI,2024-11,8754.0,valid,0
MI,2024-12,8601.0,valid,0
MI,2025-01,12845.0,valid,0
MI,2025-02,12144.0,valid,0
MI,2025-03,12826.0,valid,1
MI,2025-04,16155.0,valid,0
MI,2025-05,11085.0,valid,0
MI,2025-06,10381.0,valid,0
MI,2025-07,12666.0,valid,0
MI,2025-08,11664.0,valid,0
MI,2025-09,12107.0,valid,0
MI,2025-10,15537.0,valid,0
MI,2025-11,13847.0,valid,0
MI,2025-12,10803.0,valid,0
MI,2026-01,16451.0,valid,0
MI,2026-02,13612.0,valid,0
MI,2026-03,13991.0,valid,0
MI,2026-04,16604.0,valid,1
MI,2026-05,12396.0,valid,0
MI,2026-06,12339.0,valid,0
MI,2026-07,,missing,0
MI,2026-08,,missing,0
MI,2026-09,,missing,0
MI,2026-10,,missing,0
MI,2026-11,,missing,0
MI,2026-12,,missing,0
MN,2004-07,2563.0,valid,0
MN,2004-08,2636.0,valid,0
MN,2004-09,2397.0,valid,1
MN,2004-10,3269.0,valid,0
MN,2004-11,2723.0,valid,0
MN,2004-12,3073.0,valid,0
MN,2005-01,2919.0,valid,0
MN,2005-02,3546.0,valid,0
MN,2005-03,4533.0,valid,0
MN,2005-04,3613.0,valid,0
MN,2005-05,3344.0,valid,0
MN,2005-06,3767.0,valid,0
MN,2005-07,2712.0,valid,0
MN,2005-08,2868.0,valid,1
MN,2005-09,2726.0,valid,0
MN,2005-10,3042.0,valid,0
MN,2005-11,3685.0,valid,1
MN,2005-12,2881.0,valid,0
MN,2006-01,3242.0,valid,0
MN,2006-02,3760.0,valid,0
MN,2006-03,4716.0,valid,1
MN,2006-04,3654.0,valid,0
MN,2006-05,4388.0,valid,0
MN,2006-06,3020.0,valid,0
MN,2006-07,2593.0,valid,0
MN,2006-08,3411.0,valid,0
MN,2006-09,2503.0,valid,0
MN,2006-10,2548.0,valid,0
MN,2006-11,3046.0,valid,0
MN,2006-12,3001.0,valid,0
MN,2007-01,3284.0,valid,0
MN,2007-02,3837.0,valid,0
MN,2007-03,4486.0,valid,0
MN,2007-04,3531.0,valid,0
MN,2007-05,3426.0,valid,0
MN,2007-06,3596.0,valid,0
MN,2007-07,2667.0,valid,0
MN,2007-08,3478.0,valid,2
MN,2007-09,2758.0,valid,0
MN,2007-10,2977.0,valid,0
MN,2007-11,3229.0,valid,0
MN,2007-12,3034.0,valid,0
MN,2008-01,3034.0,valid,0
MN,2008-02,4378.0,valid,0
MN,2008-03,3524.0,valid,0
MN,2008-04,3505.0,valid,0
MN,2008-05,3974.0,valid,0
MN,2008-06,2783.0,valid,1
MN,2008-07,3259.0,valid,0
MN,2008-08,2961.0,valid,0
MN,2008-09,2617.0,valid,0
MN,2008-10,3357.0,valid,0
MN,2008-11,2637.0,valid,0
MN,2008-12,3415.0,valid,0
MN,2009-01,4823.0,valid,0
MN,2009-02,4405.0,valid,0
MN,2009-03,4368.0,valid,2
MN,2009-04,5123.0,valid,0
MN,2009-05,3671.0,valid,0
MN,2009-06,3119.0,valid,0
MN,2009-07,3697.0,valid,0
MN,2009-08,2937.0,valid,0
MN,2009-09,3402.0,valid,0
MN,2009-10,2801.0,valid,0
MN,2009-11,2775.0,valid,0
MN,2009-12,3071.0,valid,0
MN,2010-01,3197.0,valid,0
MN,2010-02,3506.0,valid,0
MN,2010-03,3679.0,valid,2
MN,2010-04,4448.0,valid,0
MN,2010-05,3390.0,valid,0
MN,2010-06,3103.0,valid,1
MN,2010-07,3562.0,valid,0
MN,2010-08,2757.0,valid,0
MN,2010-09,3444.0,valid,1
MN,2010-10,2721.0,valid,0
MN,2010-11,2862.0,valid,0
MN,2010-12,2941.0,valid,0
MN,2011-01,3377.0,valid,0
MN,2011-02,3704.0,valid,0
MN,2011-03,3595.0,valid,1
MN,2011-04,4276.0,valid,0
MN,2011-05,2776.0,valid,1
MN,2011-06,3136.0,valid,0
MN,2011-07,3193.0,valid,1
MN,2011-08,2700.0,valid,0
MN,2011-09,3241.0,valid,0
MN,2011-10,2535.0,valid,0
MN,2011-11,2758.0,valid,0
MN,2011-12,3378.0,valid,0
MN,2012-01,2860.0,valid,0
MN,2012-02,3518.0,valid,0
MN,2012-03,4767.0,valid,0
MN,2012-04,3681.0,valid,0
MN,2012-05,3136.0,valid,0
MN,2012-06,3665.0,valid,1
MN,2012-07,2651.0,valid,0
MN,2012-08,3426.0,valid,0
MN,2012-09,2600.0,valid,0
MN,2012-10,2747.0,valid,0
MN,2012-11,3173.0,valid,0
MN,2012-12,3275.0,valid,0
MN,2013-01,4414.0,valid,0
MN,2013-02,3365.0,valid,0
MN,2013-03,3513.0,valid,0
MN,2013-04,3352.0,valid,1
MN,2013-05,3715.0,valid,0
MN,2013-06,2917.0,valid,1
MN,2013-07,3305.0,valid,0
MN,2013-08,2892.0,valid,0
MN,2013-09,2667.0,valid,0
MN,2013-10,3428.0,valid,0
MN,2013-11,2673.0,valid,0
MN,2013-12,2680.0,valid,0
MN,2014-01,4073.0,valid,0
MN,2014-02,3406.0,valid,0
MN,2014-03,3749.0,valid,0
MN,2014-04,3503.0,valid,0
MN,2014-05,3912.0,valid,0
MN,2014-06,3015.0,valid,1
MN,2014-07,3345.0,valid,0
MN,2014-08,2740.0,valid,0
MN,2014-09,2758.0,valid,0
MN,2014-10,3359.0,valid,0
MN,2014-11,2640.0,valid,0
MN,2014-12,2855.0,valid,0
MN,2015-01,3887.0,valid,0
MN,2015-02,3398.0,valid,0
MN,2015-03,3692.0,valid,0
MN,2015-04,4402.0,valid,0
MN,2015-05,3054.0,valid,0
MN,2015-06,3084.0,valid,0
MN,2015-07,3540.0,valid,0
MN,2015-08,2734.0,valid,0
MN,2015-09,3490.0,valid,0
MN,2015-10,2805.0,valid,0
MN,2015-11,2520.0,valid,0
MN,2015-12,2940.0,valid,0
MN,2016-01,3903.0,valid,0
MN,2016-02,3470.0,valid,0
MN,2016-03,4698.0,valid,0
MN,2016-04,3456.0,valid,0
MN,2016-05,3265.0,valid,0
MN,2016-06,3396.0,valid,0
MN,2016-07,2917.0,valid,0
MN,2016-08,3537.0,valid,0
MN,2016-09,2686.0,valid,1
MN,2016-10,2791.0,valid,0
MN,2016-11,3349.0,valid,0
MN,2016-12,2642.0,valid,0
MN,2017-01,3801.0,valid,0
MN,2017-02,3643.0,valid,0
MN,2017-03,4838.0,valid,0
MN,2017-04,3744.0,valid,0
MN,2017-05,4205.0,valid,0
MN,2017-06,3407.0,valid,0
MN,2017-07,3089.0,valid,0
MN,2017-08,4080.0,valid,0
MN,2017-09,3183.0,valid,0
MN,2017-10,3058.0,valid,0
MN,2017-11,3788.0,valid,0
MN,2017-12,2686.0,valid,0
MN,2018-01,4441.0,valid,0
MN,2018-02,4017.0,valid,0
MN,2018-03,5371.0,valid,0
MN,2018-04,3996.0,valid,0
MN,2018-05,4701.0,valid,0
MN,2018-06,3761.0,valid,1
MN,2018-07,3361.0,valid,0
MN,2018-08,4291.0,valid,0
MN,2018-09,3340.0,valid,0
MN,2018-10,3203.0,valid,1
MN,2018-11,3959.0,valid,0
MN,2018-12,2990.0,valid,0
MN,2019-01,4780.0,valid,0
MN,2019-02,3753.0,valid,0
MN,2019-03,4337.0,valid,1
MN,2019-04,4068.0,valid,0
MN,2019-05,4570.0,valid,0
MN,2019-06,3587.0,valid,0
MN,2019-07,3139.0,valid,0
MN,2019-08,4199.0,valid,0
MN,2019-09,3349.0,valid,0
MN,2019-10,4009.0,valid,0
MN,2019-11,3163.0,valid,0
MN,2019-12,3066.0,valid,0
MN,2020-01,4801.0,valid,4
MN,2020-02,4183.0,valid,0
MN,2020-03,3590.0,valid,0
MN,2020-04,4185.0,valid,0
MN,2020-05,3352.0,valid,0
MN,2020-06,4111.0,valid,0
MN,2020-07,6559.0,valid,0
MN,2020-08,4922.0,valid,0
MN,2020-09,5453.0,valid,0
MN,2020-10,4128.0,valid,0
MN,2020-11,3777.0,valid,0
MN,2020-12,4144.0,valid,0
MN,2021-01,6455.0,valid,0
MN,2021-02,5379.0,valid,0
MN,2021-03,7581.0,valid,0
MN,2021-04,5729.0,valid,0
MN,2021-05,5510.0,valid,0
MN,2021-06,5776.0,valid,0
MN,2021-07,4375.0,valid,0
MN,2021-08,4524.0,valid,0
MN,2021-09,5767.0,valid,0
MN,2021-10,4701.0,valid,0
MN,2021-11,4225.0,valid,0
MN,2021-12,4949.0,valid,0
MN,2022-01,5704.0,valid,0
MN,2022-02,5284.0,valid,0
MN,2022-03,6998.0,valid,0
MN,2022-04,5271.0,valid,1
MN,2022-05,4877.0,valid,2
MN,2022-06,5695.0,valid,0
MN,2022-07,4382.0,valid,0
MN,2022-08,5743.0,valid,0
MN,2022-09,4381.0,valid,0
MN,2022-10,4334.0,valid,0
MN,2022-11,4924.0,valid,0
MN,2022-12,3567.0,valid,0
MN,2023-01,5586.0,valid,0
MN,2023-02,5342.0,valid,0
MN,2023-03,7162.0,valid,0
MN,2023-04,5803.0,valid,1
MN,2023-05,6672.0,valid,0
MN,2023-06,5218.0,valid,0
MN,2023-07,4916.0,valid,0
MN,2023-08,6731.0,valid,0
MN,2023-09,5356.0,valid,0
MN,2023-10,5406.0,valid,0
MN,2023-11,6008.0,valid,0
MN,2023-12,4501.0,valid,0
MN,2024-01,7766.0,valid,0
MN,2024-02,5953.0,valid,0
MN,2024-03,6685.0,valid,0
MN,2024-04,5716.0,valid,0
MN,2024-05,6483.0,valid,0
MN,2024-06,5190.0,valid,1
MN,2024-07,5961.0,valid,0
MN,2024-08,5006.0,valid,0
MN,2024-09,4673.0,valid,0
MN,2024-10,5736.0,valid,0
MN,2024-11,4294.0,valid,0
MN,2024-12,4210.0,valid,0
MN,2025-01,6629.0,valid,0
MN,2025-02,5579.0,valid,0
MN,2025-03,7108.0,valid,0
MN,2025-04,7517.0,valid,0
MN,2025-05,5265.0,valid,1
MN,2025-06,5271.0,valid,1
MN,2025-07,6501.0,valid,0
MN,2025-08,5921.0,valid,0
MN,2025-09,6377.0,valid,0
MN,2025-10,6613.0,valid,0
MN,2025-11,5402.0,valid,0
MN,2025-12,5642.0,valid,0
MN,2026-01,6396.0,valid,0
MN,2026-02,6173.0,valid,0
MN,2026-03,6779.0,valid,0
MN,2026-04,8278.0,valid,0
MN,2026-05,6135.0,valid,0
MN,2026-06,5881.0,valid,0
MN,2026-07,,missing,0
MN,2026-08,,missing,0
MN,2026-09,,missing,0
MN,2026-10,,missing,0
MN,2026-11,,missing,0
MN,2026-12,,missing,0
MO,2004-07,3071.0,valid,0
MO,2004-08,2926.0,valid,0
MO,2004-09,3064.0,valid,0
MO,2004-10,3803.0,valid,0
MO,2004-11,3118.0,valid,0
MO,2004-12,3447.0,valid,0
MO,2005-01,3214.0,valid,0
MO,2005-02,3949.0,valid,0
MO,2005-03,5113.0,valid,0
MO,2005-04,3763.0,valid,0
MO,2005-05,3509.0,valid,0
MO,2005-06,4103.0,valid,0
MO,2005-07,3109.0,valid,0
MO,2005-08,3409.0,valid,1
MO,2005-09,3366.0,valid,0
MO,2005-10,3549.0,valid,0
MO,2005-11,4334.0,valid,0
MO,2005-12,3251.0,valid,0
MO,2006-01,3585.0,valid,0
MO,2006-02,4479.0,valid,0
MO,2006-03,5539.0,valid,2
MO,2006-04,4162.0,valid,0
MO,2006-05,4966.0,valid,0
MO,2006-06,3442.0,valid,0
MO,2006-07,3405.0,valid,2
MO,2006-08,4193.0,valid,0
MO,2006-09,3313.0,valid,0
MO,2006-10,3181.0,valid,0
MO,2006-11,3527.0,valid,1
MO,2006-12,3303.0,valid,0
MO,2007-01,3446.0,valid,1
MO,2007-02,4286.0,valid,0
MO,2007-03,5063.0,valid,0
MO,2007-04,3723.0,valid,0
MO,2007-05,3800.0,valid,1
MO,2007-06,4140.0,valid,0
MO,2007-07,3127.0,valid,0
MO,2007-08,4134.0,valid,1
MO,2007-09,3342.0,valid,0
MO,2007-10,3397.0,valid,0
MO,2007-11,3842.0,valid,0
MO,2007-12,3211.0,valid,2
MO,2008-01,3402.0,valid,1
MO,2008-02,4821.0,valid,1
MO,2008-03,4060.0,valid,1
MO,2008-04,3849.0,valid,0
MO,2008-05,4353.0,valid,1
MO,2008-06,3237.0,valid,1
MO,2008-07,3841.0,valid,0
MO,2008-08,3307.0,valid,0
MO,2008-09,3217.0,valid,1
MO,2008-10,3701.0,valid,0
MO,2008-11,2863.0,valid,0
MO,2008-12,3226.0,valid,0
MO,2009-01,3373.0,valid,2
MO,2009-02,3468.0,valid,0
MO,2009-03,3781.0,valid,0
MO,2009-04,4341.0,valid,0
MO,2009-05,3218.0,valid,1
MO,2009-06,3100.0,valid,0
MO,2009-07,3700.0,valid,0
MO,2009-08,3027.0,valid,0
MO,2009-09,3740.0,valid,0
MO,2009-10,3013.0,valid,0
MO,2009-11,3123.0,valid,0
MO,2009-12,3284.0,valid,0
MO,2010-01,3260.0,valid,0
MO,2010-02,3887.0,valid,0
MO,2010-03,3867.0,valid,0
MO,2010-04,4549.0,valid,0
MO,2010-05,3558.0,valid,0
MO,2010-06,3179.0,valid,1
MO,2010-07,3737.0,valid,0
MO,2010-08,3138.0,valid,0
MO,2010-09,3957.0,valid,0
MO,2010-10,3170.0,valid,0
MO,2010-11,3306.0,valid,0
MO,2010-12,3407.0,valid,0
MO,2011-01,3727.0,valid,2
MO,2011-02,3879.0,valid,0
MO,2011-03,3930.0,valid,0
MO,2011-04,4621.0,valid,1
MO,2011-05,3022.0,valid,0
MO,2011-06,3321.0,valid,2
MO,2011-07,4001.0,valid,0
MO,2011-08,3208.0,valid,0
MO,2011-09,3824.0,valid,0
MO,2011-10,2993.0,valid,0
MO,2011-11,3240.0,valid,0
MO,2011-12,3782.0,valid,0
MO,2012-01,3184.0,valid,0
MO,2012-02,4061.0,valid,0
MO,2012-03,5092.0,valid,0
MO,2012-04,3841.0,valid,0
MO,2012-05,3602.0,valid,0
MO,2012-06,4102.0,valid,0
MO,2012-07,3095.0,valid,0
MO,2012-08,4069.0,valid,0
MO,2012-09,3133.0,valid,0
MO,2012-10,3142.0,valid,0
MO,2012-11,3587.0,valid,0
MO,2012-12,3581.0,valid,0
MO,2013-01,4905.0,valid,0
MO,2013-02,3884.0,valid,0
MO,2013-03,3979.0,valid,0
MO,2013-04,3537.0,valid,0
MO,2013-05,4024.0,valid,1
MO,2013-06,3281.0,valid,0
MO,2013-07,4044.0,valid,0
MO,2013-08,3370.0,valid,1
MO,2013-09,3065.0,valid,0
MO,2013-10,3911.0,valid,0
MO,2013-11,3047.0,valid,0
MO,2013-12,2799.0,valid,0
MO,2014-01,4388.0,valid,0
MO,2014-02,3950.0,valid,0
MO,2014-03,4040.0,valid,0
MO,2014-04,3763.0,valid,0
MO,2014-05,4179.0,valid,0
MO,2014-06,3276.0,valid,0
MO,2014-07,3797.0,valid,0
MO,2014-08,3321.0,valid,0
MO,2014-09,3250.0,valid,1
MO,2014-10,3969.0,valid,0
MO,2014-11,3059.0,valid,0
MO,2014-12,3134.0,valid,0
MO,2015-01,4618.0,valid,0
MO,2015-02,4179.0,valid,0
MO,2015-03,4146.0,valid,0
MO,2015-04,4874.0,valid,0
MO,2015-05,3569.0,valid,1
MO,2015-06,3484.0,valid,0
MO,2015-07,4243.0,valid,0
MO,2015-08,3537.0,valid,0
MO,2015-09,4340.0,valid,0
MO,2015-10,3414.0,valid,0
MO,2015-11,3169.0,valid,0
MO,2015-12,3591.0,valid,2
MO,2016-01,4682.0,valid,0
MO,2016-02,4672.0,valid,0
MO,2016-03,5546.0,valid,0
MO,2016-04,4410.0,valid,0
MO,2016-05,4082.0,valid,0
MO,2016-06,4333.0,valid,0
MO,2016-07,3784.0,valid,0
MO,2016-08,5031.0,valid,0
MO,2016-09,3750.0,valid,0
MO,2016-10,3452.0,valid,0
MO,2016-11,4363.0,valid,0
MO,2016-12,3309.0,valid,0
MO,2017-01,4846.0,valid,0
MO,2017-02,4897.0,valid,0
MO,2017-03,6226.0,valid,0
MO,2017-04,4484.0,valid,1
MO,2017-05,5203.0,valid,0
MO,2017-06,4048.0,valid,0
MO,2017-07,3797.0,valid,0
MO,2017-08,5146.0,valid,0
MO,2017-09,4008.0,valid,0
MO,2017-10,4107.0,valid,0
MO,2017-11,4877.0,valid,0
MO,2017-12,3270.0,valid,0
MO,2018-01,5510.0,valid,0
MO,2018-02,5182.0,valid,0
MO,2018-03,6770.0,valid,0
MO,2018-04,4851.0,valid,0
MO,2018-05,5516.0,valid,0
MO,2018-06,4623.0,valid,0
MO,2018-07,4090.0,valid,0
MO,2018-08,5659.0,valid,0
MO,2018-09,4207.0,valid,0
MO,2018-10,4053.0,valid,0
MO,2018-11,4557.0,valid,0
MO,2018-12,3707.0,valid,0
MO,2019-01,6173.0,valid,0
MO,2019-02,5487.0,valid,0
MO,2019-03,5331.0,valid,1
MO,2019-04,4946.0,valid,1
MO,2019-05,5596.0,valid,0
MO,2019-06,4387.0,valid,0
MO,2019-07,4193.0,valid,0
MO,2019-08,6151.0,valid,0
MO,2019-09,4223.0,valid,0
MO,2019-10,5040.0,valid,0
MO,2019-11,3574.0,valid,0
MO,2019-12,3647.0,valid,0
MO,2020-01,6217.0,valid,2
MO,2020-02,5224.0,valid,0
MO,2020-03,4484.0,valid,0
MO,2020-04,5265.0,valid,0
MO,2020-05,5167.0,valid,1
MO,2020-06,5184.0,valid,0
MO,2020-07,9020.0,valid,0
MO,2020-08,6961.0,valid,0
MO,2020-09,7161.0,valid,0
MO,2020-10,5460.0,valid,0
MO,2020-11,4834.0,valid,0
MO,2020-12,5068.0,valid,0
MO,2021-01,8187.0,valid,0
MO,2021-02,6771.0,valid,0
MO,2021-03,9642.0,valid,0
MO,2021-04,8457.0,valid,0
MO,2021-05,7426.0,valid,0
MO,2021-06,7843.0,valid,1
MO,2021-07,5790.0,valid,0
MO,2021-08,5865.0,valid,0
MO,2021-09,7338.0,valid,0
MO,2021-10,5681.0,valid,0
MO,2021-11,5219.0,valid,0
MO,2021-12,6328.0,valid,1
MO,2022-01,7781.0,valid,0
MO,2022-02,6973.0,valid,0
MO,2022-03,9357.0,valid,0
MO,2022-04,7045.0,valid,0
MO,2022-05,6272.0,valid,0
MO,2022-06,7375.0,valid,0
MO,2022-07,5887.0,valid,1
MO,2022-08,7504.0,valid,0
MO,2022-09,5789.0,valid,0
MO,2022-10,5860.0,valid,0
MO,2022-11,6345.0,valid,0
MO,2022-12,4858.0,valid,0
MO,2023-01,7527.0,valid,0
MO,2023-02,7103.0,valid,0
MO,2023-03,9613.0,valid,0
MO,2023-04,6942.0,valid,0
MO,2023-05,8513.0,valid,0
MO,2023-06,6941.0,valid,0
MO,2023-07,6821.0,valid,1
MO,2023-08,8522.0,valid,0
MO,2023-09,6776.0,valid,0
MO,2023-10,7029.0,valid,0
MO,2023-11,8275.0,valid,0
MO,2023-12,5384.0,valid,0
MO,2024-01,9121.0,valid,0
MO,2024-02,7206.0,valid,0
MO,2024-03,7741.0,valid,0
MO,2024-04,7218.0,valid,0
MO,2024-05,8820.0,valid,1
MO,2024-06,6551.0,valid,0
MO,2024-07,7562.0,valid,0
MO,2024-08,6298.0,valid,0
MO,2024-09,6404.0,valid,0
MO,2024-10,7332.0,valid,0
MO,2024-11,5446.0,valid,1
MO,2024-12,5329.0,valid,0
MO,2025-01,8046.0,valid,0
MO,2025-02,6864.0,valid,0
MO,2025-03,8278.0,valid,2
MO,2025-04,9447.0,valid,1
MO,2025-05,7066.0,valid,2
MO,2025-06,7522.0,valid,0
MO,2025-07,9209.0,valid,0
MO,2025-08,8497.0,valid,0
MO,2025-09,9113.0,valid,0
MO,2025-10,10824.0,valid,0
MO,2025-11,8264.0,valid,0
MO,2025-12,8263.0,valid,0
MO,2026-01,10992.0,valid,0
MO,2026-02,9040.0,valid,0
MO,2026-03,9213.0,valid,0
MO,2026-04,11213.0,valid,1
MO,2026-05,8294.0,valid,0
MO,2026-06,8287.0,valid,0
MO,2026-07,,missing,0
MO,2026-08,,missing,0
MO,2026-09,,missing,0
MO,2026-10,,missing,0
MO,2026-11,,missing,0
MO,2026-12,,missing,0
MS,2004-07,1374.0,valid,0
MS,2004-08,1335.0,valid,0
MS,2004-09,1418.0,valid,1
MS,2004-10,1669.0,valid,0
MS,2004-11,1405.0,valid,0
MS,2004-12,1389.0,valid,0
MS,2005-01,1318.0,valid,0
MS,2005-02,1803.0,valid,0
MS,2005-03,2251.0,valid,0
MS,2005-04,1534.0,valid,0
MS,2005-05,1462.0,valid,0
MS,2005-06,1756.0,valid,0
MS,2005-07,1274.0,valid,1
MS,2005-08,1508.0,valid,2
MS,2005-09,1204.0,valid,0
MS,2005-10,1729.0,valid,0
MS,2005-11,2187.0,valid,0
MS,2005-12,1453.0,valid,0
MS,2006-01,1635.0,valid,0
MS,2006-02,2104.0,valid,0
MS,2006-03,2471.0,valid,0
MS,2006-04,1937.0,valid,0
MS,2006-05,2338.0,valid,0
MS,2006-06,1586.0,valid,0
MS,2006-07,1638.0,valid,0
MS,2006-08,2131.0,valid,0
MS,2006-09,1582.0,valid,0
MS,2006-10,1539.0,valid,0
MS,2006-11,1707.0,valid,0
MS,2006-12,1621.0,valid,0
MS,2007-01,1472.0,valid,0
MS,2007-02,2057.0,valid,0
MS,2007-03,2520.0,valid,0
MS,2007-04,1841.0,valid,0
MS,2007-05,1856.0,valid,0
MS,2007-06,2071.0,valid,0
MS,2007-07,1562.0,valid,0
MS,2007-08,2127.0,valid,0
MS,2007-09,1671.0,valid,0
MS,2007-10,1654.0,valid,0
MS,2007-11,1775.0,valid,0
MS,2007-12,1587.0,valid,0
MS,2008-01,1519.0,valid,0
MS,2008-02,2315.0,valid,0
MS,2008-03,1849.0,valid,1
MS,2008-04,1756.0,valid,1
MS,2008-05,2127.0,valid,0
MS,2008-06,1511.0,valid,0
MS,2008-07,1802.0,valid,0
MS,2008-08,1696.0,valid,2
MS,2008-09,1511.0,valid,0
MS,2008-10,1729.0,valid,0
MS,2008-11,1390.0,valid,0
MS,2008-12,1499.0,valid,0
MS,2009-01,1531.0,valid,0
MS,2009-02,1761.0,valid,0
MS,2009-03,1797.0,valid,1
MS,2009-04,2085.0,valid,0
MS,2009-05,1514.0,valid,0
MS,2009-06,1491.0,valid,0
MS,2009-07,1833.0,valid,0
MS,2009-08,1617.0,valid,0
MS,2009-09,1819.0,valid,0
MS,2009-10,1340.0,valid,0
MS,2009-11,1383.0,valid,0
MS,2009-12,1367.0,valid,0
MS,2010-01,1554.0,valid,0
MS,2010-02,1745.0,valid,0
MS,2010-03,1700.0,valid,0
MS,2010-04,2041.0,valid,1
MS,2010-05,1599.0,valid,1
MS,2010-06,1488.0,valid,0
MS,2010-07,1796.0,valid,0
MS,2010-08,1493.0,valid,0
MS,2010-09,1833.0,valid,0
MS,2010-10,1475.0,valid,0
MS,2010-11,1476.0,valid,0
MS,2010-12,1487.0,valid,0
MS,2011-01,1926.0,valid,0
MS,2011-02,2118.0,valid,0
MS,2011-03,1801.0,valid,0
MS,2011-04,2203.0,valid,2
MS,2011-05,1278.0,valid,1
MS,2011-06,1526.0,valid,0
MS,2011-07,1844.0,valid,0
MS,2011-08,1510.0,valid,0
MS,2011-09,1765.0,valid,0
MS,2011-10,1400.0,valid,0
MS,2011-11,1440.0,valid,0
MS,2011-12,1554.0,valid,0
MS,2012-01,1533.0,valid,0
MS,2012-02,1892.0,valid,0
MS,2012-03,2262.0,valid,0
MS,2012-04,1658.0,valid,0
MS,2012-05,1581.0,valid,0
MS,2012-06,1766.0,valid,0
MS,2012-07,1421.0,valid,0
MS,2012-08,1935.0,valid,2
MS,2012-09,1309.0,valid,0
MS,2012-10,1424.0,valid,0
MS,2012-11,1634.0,valid,0
MS,2012-12,1481.0,valid,0
MS,2013-01,2154.0,valid,0
MS,2013-02,1906.0,valid,1
MS,2013-03,1861.0,valid,0
MS,2013-04,1686.0,valid,0
MS,2013-05,1958.0,valid,0
MS,2013-06,1493.0,valid,0
MS,2013-07,1839.0,valid,0
MS,2013-08,1692.0,valid,0
MS,2013-09,1436.0,valid,0
MS,2013-10,1790.0,valid,0
MS,2013-11,1374.0,valid,0
MS,2013-12,1214.0,valid,0
MS,2014-01,2142.0,valid,0
MS,2014-02,2039.0,valid,0
MS,2014-03,1941.0,valid,0
MS,2014-04,1833.0,valid,1
MS,2014-05,2025.0,valid,0
MS,2014-06,1611.0,valid,0
MS,2014-07,1910.0,valid,0
MS,2014-08,1666.0,valid,0
MS,2014-09,1568.0,valid,0
MS,2014-10,1893.0,valid,0
MS,2014-11,1399.0,valid,0
MS,2014-12,1434.0,valid,1
MS,2015-01,2250.0,valid,0
MS,2015-02,2065.0,valid,0
MS,2015-03,1999.0,valid,0
MS,2015-04,2373.0,valid,0
MS,2015-05,1683.0,valid,0
MS,2015-06,1727.0,valid,0
MS,2015-07,2098.0,valid,0
MS,2015-08,1790.0,valid,0
MS,2015-09,2056.0,valid,0
MS,2015-10,1653.0,valid,0
MS,2015-11,1491.0,valid,0
MS,2015-12,1588.0,valid,1
MS,2016-01,2406.0,valid,0
MS,2016-02,2198.0,valid,0
MS,2016-03,2672.0,valid,1
MS,2016-04,2033.0,valid,0
MS,2016-05,1887.0,valid,0
MS,2016-06,1935.0,valid,0
MS,2016-07,1918.0,valid,0
MS,2016-08,2356.0,valid,0
MS,2016-09,1780.0,valid,0
MS,2016-10,1776.0,valid,0
MS,2016-11,2011.0,valid,0
MS,2016-12,1613.0,valid,0
MS,2017-01,2579.0,valid,1
MS,2017-02,2667.0,valid,0
MS,2017-03,3087.0,valid,0
MS,2017-04,2345.0,valid,1
MS,2017-05,2622.0,valid,0
MS,2017-06,1998.0,valid,0
MS,2017-07,1938.0,valid,0
MS,2017-08,2620.0,valid,0
MS,2017-09,2023.0,valid,0
MS,2017-10,2139.0,valid,2
MS,2017-11,2534.0,valid,0
MS,2017-12,1653.0,valid,0
MS,2018-01,2469.0,valid,0
MS,2018-02,2937.0,valid,0
MS,2018-03,3497.0,valid,0
MS,2018-04,2474.0,valid,0
MS,2018-05,2997.0,valid,0
MS,2018-06,2322.0,valid,0
MS,2018-07,2319.0,valid,0
MS,2018-08,3016.0,valid,0
MS,2018-09,2098.0,valid,0
MS,2018-10,2058.0,valid,0
MS,2018-11,2408.0,valid,0
MS,2018-12,1763.0,valid,1
MS,2019-01,3363.0,valid,0
MS,2019-02,3292.0,valid,1
MS,2019-03,3056.0,valid,0
MS,2019-04,2649.0,valid,1
MS,2019-05,3031.0,valid,0
MS,2019-06,2298.0,valid,0
MS,2019-07,2039.0,valid,0
MS,2019-08,2959.0,valid,0
MS,2019-09,2215.0,valid,0
MS,2019-10,2768.0,valid,1
MS,2019-11,1914.0,valid,0
MS,2019-12,1791.0,valid,0
MS,2020-01,3258.0,valid,3
MS,2020-02,2844.0,valid,1
MS,2020-03,2539.0,valid,0
MS,2020-04,3451.0,valid,2
MS,2020-05,3863.0,valid,0
MS,2020-06,4800.0,valid,0
MS,2020-07,9037.0,valid,0
MS,2020-08,5662.0,valid,1
MS,2020-09,5466.0,valid,1
MS,2020-10,3629.0,valid,3
MS,2020-11,3096.0,valid,0
MS,2020-12,3078.0,valid,0
MS,2021-01,6908.0,valid,0
MS,2021-02,5727.0,valid,1
MS,2021-03,8386.0,valid,0
MS,2021-04,8599.0,valid,0
MS,2021-05,6942.0,valid,0
MS,2021-06,6224.0,valid,0
MS,2021-07,4330.0,valid,0
MS,2021-08,4196.0,valid,2
MS,2021-09,4695.0,valid,0
MS,2021-10,3521.0,valid,0
MS,2021-11,3256.0,valid,0
MS,2021-12,3600.0,valid,0
MS,2022-01,4748.0,valid,0
MS,2022-02,4859.0,valid,0
MS,2022-03,6125.0,valid,0
MS,2022-04,6917.0,valid,0
MS,2022-05,4888.0,valid,0
MS,2022-06,5157.0,valid,0
MS,2022-07,4023.0,valid,0
MS,2022-08,5296.0,valid,1
MS,2022-09,3622.0,valid,0
MS,2022-10,3540.0,valid,0
MS,2022-11,3937.0,valid,0
MS,2022-12,2716.0,valid,0
MS,2023-01,4652.0,valid,0
MS,2023-02,4730.0,valid,0
MS,2023-03,5886.0,valid,1
MS,2023-04,4365.0,valid,0
MS,2023-05,5289.0,valid,0
MS,2023-06,4498.0,valid,1
MS,2023-07,4283.0,valid,0
MS,2023-08,5234.0,valid,0
MS,2023-09,4051.0,valid,0
MS,2023-10,3689.0,valid,0
MS,2023-11,3722.0,valid,0
MS,2023-12,2537.0,valid,0
MS,2024-01,5351.0,valid,0
MS,2024-02,4252.0,valid,0
MS,2024-03,4388.0,valid,0
MS,2024-04,4404.0,valid,1
MS,2024-05,4318.0,valid,0
MS,2024-06,3641.0,valid,0
MS,2024-07,4034.0,valid,0
MS,2024-08,3800.0,valid,0
MS,2024-09,3154.0,valid,0
MS,2024-10,4007.0,valid,0
MS,2024-11,2868.0,valid,0
MS,2024-12,2588.0,valid,0
MS,2025-01,4351.0,valid,0
MS,2025-02,3930.0,valid,0
MS,2025-03,4586.0,valid,1
MS,2025-04,5258.0,valid,0
MS,2025-05,3622.0,valid,0
MS,2025-06,4012.0,valid,0
MS,2025-07,4866.0,valid,0
MS,2025-08,3897.0,valid,0
MS,2025-09,4350.0,valid,0
MS,2025-10,5201.0,valid,0
MS,2025-11,4265.0,valid,0
MS,2025-12,4129.0,valid,0
MS,2026-01,5158.0,valid,2
MS,2026-02,4589.0,valid,0
MS,2026-03,4838.0,valid,0
MS,2026-04,6747.0,valid,0
MS,2026-05,5176.0,valid,1
MS,2026-06,5477.0,valid,0
MS,2026-07,,missing,0
MS,2026-08,,missing,0
MS,2026-09,,missing,0
MS,2026-10,,missing,0
MS,2026-11,,missing,0
MS,2026-12,,missing,0
MT,2004-07,607.0,valid,0
MT,2004-08,570.0,valid,0
MT,2004-09,625.0,valid,0
MT,2004-10,817.0,valid,0
MT,2004-11,689.0,valid,0
MT,2004-12,756.0,valid,0
MT,2005-01,764.0,valid,0
MT,2005-02,881.0,valid,0
MT,2005-03,1111.0,valid,0
MT,2005-04,916.0,valid,0
MT,2005-05,914.0,valid,0
MT,2005-06,1225.0,valid,0
MT,2005-07,841.0,valid,0
MT,2005-08,914.0,valid,1
MT,2005-09,873.0,valid,0
MT,2005-10,873.0,valid,0
MT,2005-11,1083.0,valid,0
MT,2005-12,770.0,valid,0
MT,2006-01,952.0,valid,0
MT,2006-02,1076.0,valid,0
MT,2006-03,1338.0,valid,0
MT,2006-04,1083.0,valid,0
MT,2006-05,1200.0,valid,0
MT,2006-06,928.0,valid,0
MT,2006-07,773.0,valid,1
MT,2006-08,1059.0,valid,2
MT,2006-09,754.0,valid,0
MT,2006-10,748.0,valid,0
MT,2006-11,758.0,valid,0
MT,2006-12,800.0,valid,0
MT,2007-01,801.0,valid,0
MT,2007-02,973.0,valid,0
MT,2007-03,1215.0,valid,0
MT,2007-04,930.0,valid,0
MT,2007-05,950.0,valid,0
MT,2007-06,1101.0,valid,0
MT,2007-07,756.0,valid,0
MT,2007-08,957.0,valid,3
MT,2007-09,778.0,valid,1
MT,2007-10,774.0,valid,0
MT,2007-11,871.0,valid,0
MT,2007-12,740.0,valid,0
MT,2008-01,823.0,valid,0
MT,2008-02,1166.0,valid,0
MT,2008-03,975.0,valid,0
MT,2008-04,1003.0,valid,0
MT,2008-05,1234.0,valid,1
MT,2008-06,794.0,valid,0
MT,2008-07,885.0,valid,0
MT,2008-08,768.0,valid,0
MT,2008-09,694.0,valid,0
MT,2008-10,851.0,valid,0
MT,2008-11,668.0,valid,0
MT,2008-12,697.0,valid,0
MT,2009-01,720.0,valid,0
MT,2009-02,795.0,valid,0
MT,2009-03,789.0,valid,0
MT,2009-04,966.0,valid,0
MT,2009-05,749.0,valid,0
MT,2009-06,635.0,valid,0
MT,2009-07,769.0,valid,0
MT,2009-08,597.0,valid,0
MT,2009-09,759.0,valid,1
MT,2009-10,618.0,valid,0
MT,2009-11,674.0,valid,0
MT,2009-12,685.0,valid,0
MT,2010-01,694.0,valid,0
MT,2010-02,931.0,valid,0
MT,2010-03,867.0,valid,0
MT,2010-04,1023.0,valid,0
MT,2010-05,776.0,valid,0
MT,2010-06,726.0,valid,1
MT,2010-07,827.0,valid,0
MT,2010-08,674.0,valid,0
MT,2010-09,813.0,valid,0
MT,2010-10,695.0,valid,0
MT,2010-11,656.0,valid,0
MT,2010-12,755.0,valid,0
MT,2011-01,787.0,valid,0
MT,2011-02,941.0,valid,0
MT,2011-03,828.0,valid,0
MT,2011-04,1057.0,valid,1
MT,2011-05,738.0,valid,0
MT,2011-06,846.0,valid,0
MT,2011-07,813.0,valid,0
MT,2011-08,671.0,valid,1
MT,2011-09,838.0,valid,0
MT,2011-10,640.0,valid,0
MT,2011-11,662.0,valid,0
MT,2011-12,838.0,valid,0
MT,2012-01,691.0,valid,0
MT,2012-02,844.0,valid,0
MT,2012-03,1159.0,valid,0
MT,2012-04,877.0,valid,0
MT,2012-05,836.0,valid,0
MT,2012-06,953.0,valid,4
MT,2012-07,660.0,valid,0
MT,2012-08,802.0,valid,1
MT,2012-09,621.0,valid,1
MT,2012-10,622.0,valid,0
MT,2012-11,773.0,valid,0
MT,2012-12,845.0,valid,0
MT,2013-01,998.0,valid,0
MT,2013-02,823.0,valid,0
MT,2013-03,880.0,valid,0
MT,2013-04,869.0,valid,0
MT,2013-05,967.0,valid,1
MT,2013-06,715.0,valid,0
MT,2013-07,844.0,valid,1
MT,2013-08,704.0,valid,1
MT,2013-09,686.0,valid,0
MT,2013-10,837.0,valid,0
MT,2013-11,667.0,valid,0
MT,2013-12,648.0,valid,0
MT,2014-01,1080.0,valid,0
MT,2014-02,856.0,valid,0
MT,2014-03,901.0,valid,1
MT,2014-04,885.0,valid,0
MT,2014-05,934.0,valid,0
MT,2014-06,840.0,valid,0
MT,2014-07,864.0,valid,0
MT,2014-08,762.0,valid,1
MT,2014-09,674.0,valid,0
MT,2014-10,931.0,valid,0
MT,2014-11,656.0,valid,0
MT,2014-12,786.0,valid,0
MT,2015-01,949.0,valid,0
MT,2015-02,918.0,valid,0
MT,2015-03,988.0,valid,0
MT,2015-04,1128.0,valid,0
MT,2015-05,855.0,valid,0
MT,2015-06,881.0,valid,0
MT,2015-07,979.0,valid,0
MT,2015-08,753.0,valid,0
MT,2015-09,911.0,valid,0
MT,2015-10,795.0,valid,0
MT,2015-11,628.0,valid,0
MT,2015-12,797.0,valid,0
MT,2016-01,979.0,valid,0
MT,2016-02,978.0,valid,0
MT,2016-03,1282.0,valid,0
MT,2016-04,1006.0,valid,1
MT,2016-05,875.0,valid,0
MT,2016-06,993.0,valid,1
MT,2016-07,829.0,valid,0
MT,2016-08,1016.0,valid,1
MT,2016-09,709.0,valid,0
MT,2016-10,773.0,valid,0
MT,2016-11,958.0,valid,0
MT,2016-12,715.0,valid,0
MT,2017-01,967.0,valid,0
MT,2017-02,963.0,valid,0
MT,2017-03,1322.0,valid,0
MT,2017-04,1033.0,valid,0
MT,2017-05,1195.0,valid,0
MT,2017-06,927.0,valid,0
MT,2017-07,846.0,valid,1
MT,2017-08,1178.0,valid,2
MT,2017-09,886.0,valid,5
MT,2017-10,948.0,valid,0
MT,2017-11,1077.0,valid,0
MT,2017-12,808.0,valid,0
MT,2018-01,1265.0,valid,0
MT,2018-02,1302.0,valid,0
MT,2018-03,1787.0,valid,0
MT,2018-04,1329.0,valid,1
MT,2018-05,1639.0,valid,1
MT,2018-06,1248.0,valid,0
MT,2018-07,1157.0,valid,0
MT,2018-08,1479.0,valid,0
MT,2018-09,976.0,valid,0
MT,2018-10,947.0,valid,0
MT,2018-11,1308.0,valid,0
MT,2018-12,1013.0,valid,0
MT,2019-01,1638.0,valid,0
MT,2019-02,1248.0,valid,0
MT,2019-03,1386.0,valid,1
MT,2019-04,1166.0,valid,0
MT,2019-05,1466.0,valid,0
MT,2019-06,1066.0,valid,0
MT,2019-07,888.0,valid,1
MT,2019-08,1222.0,valid,0
MT,2019-09,992.0,valid,0
MT,2019-10,1207.0,valid,0
MT,2019-11,917.0,valid,0
MT,2019-12,956.0,valid,0
MT,2020-01,1447.0,valid,3
MT,2020-02,1280.0,valid,0
MT,2020-03,1108.0,valid,0
MT,2020-04,1093.0,valid,0
MT,2020-05,1101.0,valid,0
MT,2020-06,1152.0,valid,0
MT,2020-07,1539.0,valid,0
MT,2020-08,1266.0,valid,1
MT,2020-09,1511.0,valid,4
MT,2020-10,1294.0,valid,0
MT,2020-11,1092.0,valid,0
MT,2020-12,1096.0,valid,0
MT,2021-01,1751.0,valid,0
MT,2021-02,1606.0,valid,0
MT,2021-03,2046.0,valid,0
MT,2021-04,1707.0,valid,0
MT,2021-05,1575.0,valid,0
MT,2021-06,1883.0,valid,2
MT,2021-07,1339.0,valid,2
MT,2021-08,1329.0,valid,2
MT,2021-09,1660.0,valid,0
MT,2021-10,1295.0,valid,0
MT,2021-11,1360.0,valid,0
MT,2021-12,1575.0,valid,0
MT,2022-01,1877.0,valid,0
MT,2022-02,1795.0,valid,0
MT,2022-03,2398.0,valid,0
MT,2022-04,1786.0,valid,0
MT,2022-05,1686.0,valid,0
MT,2022-06,1867.0,valid,1
MT,2022-07,1416.0,valid,0
MT,2022-08,1900.0,valid,0
MT,2022-09,1491.0,valid,0
MT,2022-10,1536.0,valid,0
MT,2022-11,1702.0,valid,0
MT,2022-12,1240.0,valid,0
MT,2023-01,1886.0,valid,0
MT,2023-02,1891.0,valid,0
MT,2023-03,2432.0,valid,0
MT,2023-04,1890.0,valid,1
MT,2023-05,2226.0,valid,0
MT,2023-06,1824.0,valid,1
MT,2023-07,1796.0,valid,0
MT,2023-08,2248.0,valid,1
MT,2023-09,1776.0,valid,0
MT,2023-10,1962.0,valid,0
MT,2023-11,2093.0,valid,0
MT,2023-12,1626.0,valid,0
MT,2024-01,3009.0,valid,0
MT,2024-02,2345.0,valid,0
MT,2024-03,2280.0,valid,0
MT,2024-04,2269.0,valid,0
MT,2024-05,2438.0,valid,1
MT,2024-06,1942.0,valid,0
MT,2024-07,2413.0,valid,2
MT,2024-08,1984.0,valid,1
MT,2024-09,2006.0,valid,0
MT,2024-10,2373.0,valid,0
MT,2024-11,1884.0,valid,0
MT,2024-12,1996.0,valid,0
MT,2025-01,2868.0,valid,0
MT,2025-02,2247.0,valid,0
MT,2025-03,2671.0,valid,0
MT,2025-04,3121.0,valid,0
MT,2025-05,2058.0,valid,1
MT,2025-06,2185.0,valid,0
MT,2025-07,2537.0,valid,0
MT,2025-08,2303.0,valid,1
MT,2025-09,2564.0,valid,0
MT,2025-10,2760.0,valid,0
MT,2025-11,2284.0,valid,0
MT,2025-12,2289.0,valid,5
MT,2026-01,2884.0,valid,0
MT,2026-02,2899.0,valid,0
MT,2026-03,2877.0,valid,0
MT,2026-04,3325.0,valid,0
MT,2026-05,2491.0,valid,0
MT,2026-06,2722.0,valid,0
MT,2026-07,,missing,0
MT,2026-08,,missing,0
MT,2026-09,,missing,0
MT,2026-10,,missing,0
MT,2026-11,,missing,0
MT,2026-12,,missing,0
NC,2004-07,4705.0,valid,0
NC,2004-08,4990.0,valid,0
NC,2004-09,4951.0,valid,2
NC,2004-10,5924.0,valid,0
NC,2004-11,4882.0,valid,0
NC,2004-12,5096.0,valid,0
NC,2005-01,5039.0,valid,0
NC,2005-02,6364.0,valid,0
NC,2005-03,7934.0,valid,0
NC,2005-04,5887.0,valid,0
NC,2005-05,5667.0,valid,0
NC,2005-06,6447.0,valid,0
NC,2005-07,5089.0,valid,0
NC,2005-08,5247.0,valid,1
NC,2005-09,6064.0,valid,2
NC,2005-10,5841.0,valid,0
NC,2005-11,6621.0,valid,0
NC,2005-12,5374.0,valid,0
NC,2006-01,5457.0,valid,0
NC,2006-02,7338.0,valid,0
NC,2006-03,9334.0,valid,0
NC,2006-04,6486.0,valid,0
NC,2006-05,7934.0,valid,0
NC,2006-06,5433.0,valid,0
NC,2006-07,5327.0,valid,0
NC,2006-08,7138.0,valid,0
NC,2006-09,5231.0,valid,0
NC,2006-10,5158.0,valid,0
NC,2006-11,6194.0,valid,0
NC,2006-12,5607.0,valid,0
NC,2007-01,5490.0,valid,0
NC,2007-02,6780.0,valid,0
NC,2007-03,8771.0,valid,0
NC,2007-04,6255.0,valid,0
NC,2007-05,6074.0,valid,0
NC,2007-06,7739.0,valid,0
NC,2007-07,5748.0,valid,0
NC,2007-08,7541.0,valid,0
NC,2007-09,5686.0,valid,0
NC,2007-10,6374.0,valid,0
NC,2007-11,6658.0,valid,0
NC,2007-12,5833.0,valid,0
NC,2008-01,5644.0,valid,0
NC,2008-02,8562.0,valid,0
NC,2008-03,6981.0,valid,0
NC,2008-04,6389.0,valid,0
NC,2008-05,7591.0,valid,0
NC,2008-06,5396.0,valid,1
NC,2008-07,6404.0,valid,0
NC,2008-08,5621.0,valid,0
NC,2008-09,5166.0,valid,1
NC,2008-10,6093.0,valid,0
NC,2008-11,4835.0,valid,0
NC,2008-12,5021.0,valid,0
NC,2009-01,5221.0,valid,0
NC,2009-02,5987.0,valid,0
NC,2009-03,5929.0,valid,0
NC,2009-04,6956.0,valid,0
NC,2009-05,5497.0,valid,0
NC,2009-06,5243.0,valid,0
NC,2009-07,6331.0,valid,0
NC,2009-08,5197.0,valid,0
NC,2009-09,6343.0,valid,0
NC,2009-10,5018.0,valid,0
NC,2009-11,4833.0,valid,0
NC,2009-12,5192.0,valid,1
NC,2010-01,5256.0,valid,0
NC,2010-02,6275.0,valid,0
NC,2010-03,6255.0,valid,0
NC,2010-04,6778.0,valid,0
NC,2010-05,5636.0,valid,0
NC,2010-06,5188.0,valid,0
NC,2010-07,6270.0,valid,0
NC,2010-08,5066.0,valid,0
NC,2010-09,6126.0,valid,2
NC,2010-10,4927.0,valid,0
NC,2010-11,4931.0,valid,0
NC,2010-12,5378.0,valid,0
NC,2011-01,5776.0,valid,0
NC,2011-02,6917.0,valid,0
NC,2011-03,6412.0,valid,0
NC,2011-04,7583.0,valid,1
NC,2011-05,4639.0,valid,0
NC,2011-06,5335.0,valid,0
NC,2011-07,6437.0,valid,1
NC,2011-08,5080.0,valid,2
NC,2011-09,6139.0,valid,0
NC,2011-10,4999.0,valid,0
NC,2011-11,4946.0,valid,0
NC,2011-12,5912.0,valid,0
NC,2012-01,5055.0,valid,0
NC,2012-02,6577.0,valid,0
NC,2012-03,8506.0,valid,0
NC,2012-04,5886.0,valid,0
NC,2012-05,5713.0,valid,0
NC,2012-06,6453.0,valid,0
NC,2012-07,4848.0,valid,0
NC,2012-08,6338.0,valid,0
NC,2012-09,4807.0,valid,0
NC,2012-10,5027.0,valid,0
NC,2012-11,5624.0,valid,0
NC,2012-12,5274.0,valid,0
NC,2013-01,7468.0,valid,1
NC,2013-02,6329.0,valid,0
NC,2013-03,6400.0,valid,0
NC,2013-04,5815.0,valid,0
NC,2013-05,6728.0,valid,0
NC,2013-06,5446.0,valid,0
NC,2013-07,6641.0,valid,2
NC,2013-08,5436.0,valid,0
NC,2013-09,4970.0,valid,0
NC,2013-10,6464.0,valid,0
NC,2013-11,4700.0,valid,0
NC,2013-12,4477.0,valid,0
NC,2014-01,7129.0,valid,0
NC,2014-02,6437.0,valid,0
NC,2014-03,6771.0,valid,1
NC,2014-04,6194.0,valid,0
NC,2014-05,7232.0,valid,0
NC,2014-06,5718.0,valid,0
NC,2014-07,6513.0,valid,0
NC,2014-08,5349.0,valid,0
NC,2014-09,5262.0,valid,0
NC,2014-10,6587.0,valid,0
NC,2014-11,4742.0,valid,0
NC,2014-12,5061.0,valid,0
NC,2015-01,7337.0,valid,0
NC,2015-02,6653.0,valid,0
NC,2015-03,6796.0,valid,0
NC,2015-04,8108.0,valid,0
NC,2015-05,5765.0,valid,0
NC,2015-06,6326.0,valid,0
NC,2015-07,7482.0,valid,0
NC,2015-08,5905.0,valid,0
NC,2015-09,7526.0,valid,0
NC,2015-10,5763.0,valid,0
NC,2015-11,5218.0,valid,0
NC,2015-12,5854.0,valid,0
NC,2016-01,7250.0,valid,0
NC,2016-02,7368.0,valid,0
NC,2016-03,8874.0,valid,0
NC,2016-04,7014.0,valid,0
NC,2016-05,6669.0,valid,0
NC,2016-06,7436.0,valid,0
NC,2016-07,6645.0,valid,0
NC,2016-08,7755.0,valid,0
NC,2016-09,6117.0,valid,0
NC,2016-10,5833.0,valid,2
NC,2016-11,6476.0,valid,2
NC,2016-12,5076.0,valid,0
NC,2017-01,7541.0,valid,0
NC,2017-02,8225.0,valid,0
NC,2017-03,9978.0,valid,0
NC,2017-04,7323.0,valid,0
NC,2017-05,8696.0,valid,0
NC,2017-06,7362.0,valid,0
NC,2017-07,7006.0,valid,0
NC,2017-08,8799.0,valid,0
NC,2017-09,6647.0,valid,0
NC,2017-10,6389.0,valid,0
NC,2017-11,7725.0,valid,0
NC,2017-12,5685.0,valid,0
NC,2018-01,8314.0,valid,0
NC,2018-02,9196.0,valid,0
NC,2018-03,11283.0,valid,0
NC,2018-04,7976.0,valid,1
NC,2018-05,9769.0,valid,0
NC,2018-06,7989.0,valid,0
NC,2018-07,7254.0,valid,0
NC,2018-08,9603.0,valid,0
NC,2018-09,6439.0,valid,2
NC,2018-10,6729.0,valid,1
NC,2018-11,7889.0,valid,0
NC,2018-12,6033.0,valid,0
NC,2019-01,10389.0,valid,0
NC,2019-02,9689.0,valid,0
NC,2019-03,9774.0,valid,0
NC,2019-04,8428.0,valid,0
NC,2019-05,10102.0,valid,0
NC,2019-06,7912.0,valid,0
NC,2019-07,7798.0,valid,0
NC,2019-08,9691.0,valid,0
NC,2019-09,7382.0,valid,2
NC,2019-10,9230.0,valid,0
NC,2019-11,6730.0,valid,0
NC,2019-12,6500.0,valid,0
NC,2020-01,10515.0,valid,2
NC,2020-02,9196.0,valid,1
NC,2020-03,8275.0,valid,0
NC,2020-04,9669.0,valid,0
NC,2020-05,9020.0,valid,0
NC,2020-06,10536.0,valid,0
NC,2020-07,17151.0,valid,2
NC,2020-08,13525.0,valid,0
NC,2020-09,15384.0,valid,0
NC,2020-10,10936.0,valid,0
NC,2020-11,9788.0,valid,1
NC,2020-12,10085.0,valid,0
NC,2021-01,16268.0,valid,0
NC,2021-02,15027.0,valid,0
NC,2021-03,18822.0,valid,0
NC,2021-04,15105.0,valid,0
NC,2021-05,15380.0,valid,0
NC,2021-06,17112.0,valid,0
NC,2021-07,12405.0,valid,0
NC,2021-08,12282.0,valid,1
NC,2021-09,14981.0,valid,0
NC,2021-10,11974.0,valid,0
NC,2021-11,10977.0,valid,0
NC,2021-12,11956.0,valid,0
NC,2022-01,14976.0,valid,0
NC,2022-02,15075.0,valid,0
NC,2022-03,18857.0,valid,0
NC,2022-04,14036.0,valid,0
NC,2022-05,13638.0,valid,0
NC,2022-06,15498.0,valid,0
NC,2022-07,11639.0,valid,0
NC,2022-08,15099.0,valid,0
NC,2022-09,11549.0,valid,1
NC,2022-10,11589.0,valid,0
NC,2022-11,13106.0,valid,0
NC,2022-12,9174.0,valid,0
NC,2023-01,14753.0,valid,0
NC,2023-02,14373.0,valid,0
NC,2023-03,18666.0,valid,0
NC,2023-04,13529.0,valid,0
NC,2023-05,16674.0,valid,0
NC,2023-06,13367.0,valid,0
NC,2023-07,12980.0,valid,0
NC,2023-08,16929.0,valid,0
NC,2023-09,12533.0,valid,0
NC,2023-10,12980.0,valid,0
NC,2023-11,13744.0,valid,0
NC,2023-12,9740.0,valid,0
NC,2024-01,18483.0,valid,0
NC,2024-02,15685.0,valid,0
NC,2024-03,14751.0,valid,0
NC,2024-04,12931.0,valid,0
NC,2024-05,15131.0,valid,0
NC,2024-06,12786.0,valid,0
NC,2024-07,15355.0,valid,0
NC,2024-08,12439.0,valid,1
NC,2024-09,11623.0,valid,3
NC,2024-10,14361.0,valid,0
NC,2024-11,10584.0,valid,0
NC,2024-12,9451.0,valid,0
NC,2025-01,15323.0,valid,0
NC,2025-02,12919.0,valid,0
NC,2025-03,13697.0,valid,3
NC,2025-04,17986.0,valid,1
NC,2025-05,13834.0,valid,1
NC,2025-06,13666.0,valid,0
NC,2025-07,18996.0,valid,1
NC,2025-08,15944.0,valid,0
NC,2025-09,16292.0,valid,0
NC,2025-10,16561.0,valid,0
NC,2025-11,13904.0,valid,0
NC,2025-12,13531.0,valid,0
NC,2026-01,16870.0,valid,1
NC,2026-02,15261.0,valid,0
NC,2026-03,16200.0,valid,0
NC,2026-04,21165.0,valid,0
NC,2026-05,15817.0,valid,0
NC,2026-06,16234.0,valid,0
NC,2026-07,,missing,0
NC,2026-08,,missing,0
NC,2026-09,,missing,0
NC,2026-10,,missing,0
NC,2026-11,,missing,0
NC,2026-12,,missing,0
ND,2004-07,277.0,valid,0
ND,2004-08,259.0,valid,0
ND,2004-09,240.0,valid,0
ND,2004-10,305.0,valid,0
ND,2004-11,275.0,valid,0
ND,2004-12,370.0,valid,0
ND,2005-01,377.0,valid,0
ND,2005-02,419.0,valid,0
ND,2005-03,549.0,valid,0
ND,2005-04,386.0,valid,0
ND,2005-05,338.0,valid,0
ND,2005-06,366.0,valid,1
ND,2005-07,241.0,valid,0
ND,2005-08,274.0,valid,1
ND,2005-09,281.0,valid,0
ND,2005-10,269.0,valid,1
ND,2005-11,353.0,valid,1
ND,2005-12,335.0,valid,0
ND,2006-01,403.0,valid,0
ND,2006-02,493.0,valid,0
ND,2006-03,608.0,valid,1
ND,2006-04,408.0,valid,0
ND,2006-05,446.0,valid,0
ND,2006-06,345.0,valid,0
ND,2006-07,268.0,valid,0
ND,2006-08,326.0,valid,0
ND,2006-09,300.0,valid,0
ND,2006-10,243.0,valid,0
ND,2006-11,283.0,valid,0
ND,2006-12,337.0,valid,0
ND,2007-01,357.0,valid,0
ND,2007-02,420.0,valid,0
ND,2007-03,487.0,valid,0
ND,2007-04,399.0,valid,0
ND,2007-05,365.0,valid,0
ND,2007-06,375.0,valid,1
ND,2007-07,266.0,valid,1
ND,2007-08,369.0,valid,1
ND,2007-09,299.0,valid,0
ND,2007-10,312.0,valid,0
ND,2007-11,365.0,valid,0
ND,2007-12,333.0,valid,0
ND,2008-01,401.0,valid,0
ND,2008-02,555.0,valid,0
ND,2008-03,457.0,valid,0
ND,2008-04,445.0,valid,0
ND,2008-05,493.0,valid,0
ND,2008-06,308.0,valid,0
ND,2008-07,353.0,valid,0
ND,2008-08,349.0,valid,0
ND,2008-09,292.0,valid,0
ND,2008-10,355.0,valid,0
ND,2008-11,247.0,valid,0
ND,2008-12,384.0,valid,0
ND,2009-01,371.0,valid,0
ND,2009-02,438.0,valid,0
ND,2009-03,375.0,valid,1
ND,2009-04,420.0,valid,0
ND,2009-05,344.0,valid,0
ND,2009-06,325.0,valid,0
ND,2009-07,365.0,valid,0
ND,2009-08,300.0,valid,0
ND,2009-09,316.0,valid,0
ND,2009-10,262.0,valid,0
ND,2009-11,259.0,valid,0
ND,2009-12,423.0,valid,0
ND,2010-01,457.0,valid,1
ND,2010-02,440.0,valid,2
ND,2010-03,456.0,valid,0
ND,2010-04,495.0,valid,1
ND,2010-05,396.0,valid,0
ND,2010-06,314.0,valid,0
ND,2010-07,422.0,valid,0
ND,2010-08,283.0,valid,0
ND,2010-09,422.0,valid,0
ND,2010-10,386.0,valid,0
ND,2010-11,345.0,valid,0
ND,2010-12,418.0,valid,0
ND,2011-01,580.0,valid,0
ND,2011-02,561.0,valid,1
ND,2011-03,499.0,valid,0
ND,2011-04,684.0,valid,2
ND,2011-05,424.0,valid,0
ND,2011-06,445.0,valid,0
ND,2011-07,491.0,valid,0
ND,2011-08,376.0,valid,0
ND,2011-09,565.0,valid,0
ND,2011-10,401.0,valid,0
ND,2011-11,474.0,valid,0
ND,2011-12,625.0,valid,0
ND,2012-01,498.0,valid,0
ND,2012-02,617.0,valid,0
ND,2012-03,665.0,valid,0
ND,2012-04,563.0,valid,0
ND,2012-05,551.0,valid,0
ND,2012-06,617.0,valid,0
ND,2012-07,456.0,valid,0
ND,2012-08,520.0,valid,0
ND,2012-09,480.0,valid,0
ND,2012-10,469.0,valid,0
ND,2012-11,537.0,valid,0
ND,2012-12,598.0,valid,0
ND,2013-01,800.0,valid,0
ND,2013-02,578.0,valid,0
ND,2013-03,616.0,valid,0
ND,2013-04,532.0,valid,2
ND,2013-05,571.0,valid,2
ND,2013-06,466.0,valid,0
ND,2013-07,507.0,valid,0
ND,2013-08,441.0,valid,0
ND,2013-09,413.0,valid,0
ND,2013-10,596.0,valid,1
ND,2013-11,457.0,valid,0
ND,2013-12,450.0,valid,0
ND,2014-01,731.0,valid,0
ND,2014-02,585.0,valid,0
ND,2014-03,686.0,valid,0
ND,2014-04,556.0,valid,0
ND,2014-05,629.0,valid,0
ND,2014-06,513.0,valid,1
ND,2014-07,584.0,valid,0
ND,2014-08,467.0,valid,0
ND,2014-09,493.0,valid,0
ND,2014-10,567.0,valid,0
ND,2014-11,441.0,valid,0
ND,2014-12,502.0,valid,0
ND,2015-01,674.0,valid,0
ND,2015-02,611.0,valid,0
ND,2015-03,564.0,valid,0
ND,2015-04,690.0,valid,0
ND,2015-05,454.0,valid,0
ND,2015-06,417.0,valid,0
ND,2015-07,507.0,valid,0
ND,2015-08,379.0,valid,0
ND,2015-09,584.0,valid,0
ND,2015-10,386.0,valid,0
ND,2015-11,412.0,valid,0
ND,2015-12,450.0,valid,0
ND,2016-01,642.0,valid,0
ND,2016-02,541.0,valid,0
ND,2016-03,643.0,valid,0
ND,2016-04,534.0,valid,0
ND,2016-05,419.0,valid,0
ND,2016-06,470.0,valid,0
ND,2016-07,454.0,valid,0
ND,2016-08,516.0,valid,0
ND,2016-09,381.0,valid,0
ND,2016-10,405.0,valid,0
ND,2016-11,427.0,valid,0
ND,2016-12,318.0,valid,0
ND,2017-01,518.0,valid,0
ND,2017-02,608.0,valid,0
ND,2017-03,858.0,valid,1
ND,2017-04,602.0,valid,0
ND,2017-05,751.0,valid,0
ND,2017-06,617.0,valid,0
ND,2017-07,530.0,valid,0
ND,2017-08,672.0,valid,0
ND,2017-09,546.0,valid,0
ND,2017-10,512.0,valid,0
ND,2017-11,614.0,valid,0
ND,2017-12,540.0,valid,0
ND,2018-01,726.0,valid,0
ND,2018-02,730.0,valid,0
ND,2018-03,943.0,valid,0
ND,2018-04,784.0,valid,0
ND,2018-05,910.0,valid,0
ND,2018-06,712.0,valid,0
ND,2018-07,659.0,valid,0
ND,2018-08,888.0,valid,0
ND,2018-09,455.0,valid,0
ND,2018-10,525.0,valid,0
ND,2018-11,737.0,valid,0
ND,2018-12,553.0,valid,0
ND,2019-01,810.0,valid,0
ND,2019-02,732.0,valid,0
ND,2019-03,828.0,valid,1
ND,2019-04,544.0,valid,0
ND,2019-05,605.0,valid,0
ND,2019-06,440.0,valid,0
ND,2019-07,468.0,valid,0
ND,2019-08,568.0,valid,0
ND,2019-09,431.0,valid,0
ND,2019-10,559.0,valid,1
ND,2019-11,439.0,valid,0
ND,2019-12,453.0,valid,0
ND,2020-01,703.0,valid,3
ND,2020-02,605.0,valid,0
ND,2020-03,551.0,valid,0
ND,2020-04,541.0,valid,1
ND,2020-05,469.0,valid,0
ND,2020-06,448.0,valid,1
ND,2020-07,623.0,valid,0
ND,2020-08,564.0,valid,0
ND,2020-09,646.0,valid,0
ND,2020-10,477.0,valid,0
ND,2020-11,486.0,valid,0
ND,2020-12,535.0,valid,0
ND,2021-01,850.0,valid,0
ND,2021-02,690.0,valid,0
ND,2021-03,971.0,valid,0
ND,2021-04,707.0,valid,0
ND,2021-05,652.0,valid,0
ND,2021-06,698.0,valid,1
ND,2021-07,509.0,valid,0
ND,2021-08,539.0,valid,0
ND,2021-09,669.0,valid,0
ND,2021-10,584.0,valid,0
ND,2021-11,548.0,valid,0
ND,2021-12,689.0,valid,0
ND,2022-01,710.0,valid,0
ND,2022-02,652.0,valid,0
ND,2022-03,1028.0,valid,0
ND,2022-04,695.0,valid,1
ND,2022-05,668.0,valid,0
ND,2022-06,724.0,valid,0
ND,2022-07,569.0,valid,0
ND,2022-08,705.0,valid,0
ND,2022-09,610.0,valid,0
ND,2022-10,590.0,valid,0
ND,2022-11,663.0,valid,1
ND,2022-12,409.0,valid,0
ND,2023-01,787.0,valid,0
ND,2023-02,727.0,valid,0
ND,2023-03,1081.0,valid,0
ND,2023-04,777.0,valid,1
ND,2023-05,920.0,valid,0
ND,2023-06,683.0,valid,0
ND,2023-07,630.0,valid,0
ND,2023-08,838.0,valid,0
ND,2023-09,591.0,valid,0
ND,2023-10,617.0,valid,0
ND,2023-11,789.0,valid,0
ND,2023-12,565.0,valid,1
ND,2024-01,1036.0,valid,0
ND,2024-02,721.0,valid,0
ND,2024-03,851.0,valid,0
ND,2024-04,781.0,valid,0
ND,2024-05,770.0,valid,0
ND,2024-06,652.0,valid,0
ND,2024-07,635.0,valid,0
ND,2024-08,608.0,valid,0
ND,2024-09,557.0,valid,0
ND,2024-10,681.0,valid,3
ND,2024-11,570.0,valid,0
ND,2024-12,593.0,valid,0
ND,2025-01,805.0,valid,0
ND,2025-02,730.0,valid,0
ND,2025-03,881.0,valid,0
ND,2025-04,955.0,valid,0
ND,2025-05,743.0,valid,0
ND,2025-06,677.0,valid,1
ND,2025-07,755.0,valid,0
ND,2025-08,648.0,valid,1
ND,2025-09,640.0,valid,0
ND,2025-10,713.0,valid,0
ND,2025-11,595.0,valid,0
ND,2025-12,770.0,valid,0
ND,2026-01,902.0,valid,0
ND,2026-02,863.0,valid,0
ND,2026-03,937.0,valid,0
ND,2026-04,1182.0,valid,0
ND,2026-05,815.0,valid,0
ND,2026-06,763.0,valid,0
ND,2026-07,,missing,0
ND,2026-08,,missing,0
ND,2026-09,,missing,0
ND,2026-10,,missing,0
ND,2026-11,,missing,0
ND,2026-12,,missing,0
NE,2004-07,753.0,valid,0
NE,2004-08,690.0,valid,0
NE,2004-09,709.0,valid,0
NE,2004-10,939.0,valid,0
NE,2004-11,747.0,valid,0
NE,2004-12,853.0,valid,0
NE,2005-01,866.0,valid,0
NE,2005-02,995.0,valid,0
NE,2005-03,1239.0,valid,0
NE,2005-04,950.0,valid,0
NE,2005-05,852.0,valid,1
NE,2005-06,934.0,valid,0
NE,2005-07,727.0,valid,0
NE,2005-08,766.0,valid,1
NE,2005-09,777.0,valid,0
NE,2005-10,829.0,valid,0
NE,2005-11,1014.0,valid,1
NE,2005-12,764.0,valid,0
NE,2006-01,879.0,valid,0
NE,2006-02,1102.0,valid,0
NE,2006-03,1316.0,valid,0
NE,2006-04,918.0,valid,0
NE,2006-05,1185.0,valid,0
NE,2006-06,815.0,valid,0
NE,2006-07,726.0,valid,3
NE,2006-08,1027.0,valid,0
NE,2006-09,748.0,valid,0
NE,2006-10,771.0,valid,0
NE,2006-11,831.0,valid,0
NE,2006-12,824.0,valid,1
NE,2007-01,844.0,valid,0
NE,2007-02,990.0,valid,0
NE,2007-03,1230.0,valid,0
NE,2007-04,970.0,valid,0
NE,2007-05,908.0,valid,2
NE,2007-06,974.0,valid,1
NE,2007-07,739.0,valid,0
NE,2007-08,968.0,valid,0
NE,2007-09,832.0,valid,0
NE,2007-10,776.0,valid,0
NE,2007-11,897.0,valid,0
NE,2007-12,815.0,valid,1
NE,2008-01,886.0,valid,0
NE,2008-02,1265.0,valid,0
NE,2008-03,1054.0,valid,0
NE,2008-04,980.0,valid,1
NE,2008-05,1038.0,valid,1
NE,2008-06,763.0,valid,1
NE,2008-07,912.0,valid,0
NE,2008-08,814.0,valid,0
NE,2008-09,758.0,valid,0
NE,2008-10,923.0,valid,0
NE,2008-11,720.0,valid,0
NE,2008-12,833.0,valid,0
NE,2009-01,984.0,valid,0
NE,2009-02,957.0,valid,0
NE,2009-03,1000.0,valid,0
NE,2009-04,1137.0,valid,0
NE,2009-05,808.0,valid,0
NE,2009-06,681.0,valid,1
NE,2009-07,927.0,valid,0
NE,2009-08,775.0,valid,0
NE,2009-09,941.0,valid,0
NE,2009-10,678.0,valid,0
NE,2009-11,708.0,valid,1
NE,2009-12,788.0,valid,1
NE,2010-01,869.0,valid,0
NE,2010-02,1002.0,valid,0
NE,2010-03,973.0,valid,1
NE,2010-04,1155.0,valid,0
NE,2010-05,870.0,valid,0
NE,2010-06,758.0,valid,1
NE,2010-07,914.0,valid,0
NE,2010-08,782.0,valid,0
NE,2010-09,1025.0,valid,1
NE,2010-10,849.0,valid,0
NE,2010-11,777.0,valid,0
NE,2010-12,871.0,valid,0
NE,2011-01,1136.0,valid,0
NE,2011-02,1148.0,valid,0
NE,2011-03,1119.0,valid,0
NE,2011-04,1249.0,valid,1
NE,2011-05,798.0,valid,1
NE,2011-06,840.0,valid,2
NE,2011-07,968.0,valid,0
NE,2011-08,786.0,valid,0
NE,2011-09,1028.0,valid,0
NE,2011-10,751.0,valid,0
NE,2011-11,809.0,valid,0
NE,2011-12,1018.0,valid,0
NE,2012-01,928.0,valid,0
NE,2012-02,1087.0,valid,0
NE,2012-03,1517.0,valid,0
NE,2012-04,1042.0,valid,0
NE,2012-05,929.0,valid,0
NE,2012-06,1098.0,valid,0
NE,2012-07,775.0,valid,0
NE,2012-08,1025.0,valid,1
NE,2012-09,856.0,valid,0
NE,2012-10,799.0,valid,0
NE,2012-11,941.0,valid,0
NE,2012-12,1083.0,valid,0
NE,2013-01,1461.0,valid,0
NE,2013-02,1065.0,valid,0
NE,2013-03,1155.0,valid,0
NE,2013-04,1083.0,valid,0
NE,2013-05,1121.0,valid,0
NE,2013-06,892.0,valid,0
NE,2013-07,943.0,valid,0
NE,2013-08,866.0,valid,0
NE,2013-09,770.0,valid,0
NE,2013-10,1102.0,valid,1
NE,2013-11,753.0,valid,0
NE,2013-12,849.0,valid,0
NE,2014-01,1351.0,valid,0
NE,2014-02,1138.0,valid,0
NE,2014-03,1060.0,valid,0
NE,2014-04,1017.0,valid,0
NE,2014-05,1233.0,valid,1
NE,2014-06,949.0,valid,2
NE,2014-07,1136.0,valid,0
NE,2014-08,962.0,valid,0
NE,2014-09,905.0,valid,0
NE,2014-10,1039.0,valid,0
NE,2014-11,780.0,valid,0
NE,2014-12,913.0,valid,0
NE,2015-01,1277.0,valid,0
NE,2015-02,1212.0,valid,0
NE,2015-03,1097.0,valid,0
NE,2015-04,1282.0,valid,0
NE,2015-05,965.0,valid,1
NE,2015-06,872.0,valid,0
NE,2015-07,1102.0,valid,0
NE,2015-08,882.0,valid,0
NE,2015-09,1201.0,valid,0
NE,2015-10,917.0,valid,0
NE,2015-11,872.0,valid,0
NE,2015-12,1053.0,valid,0
NE,2016-01,1302.0,valid,0
NE,2016-02,1122.0,valid,0
NE,2016-03,1574.0,valid,0
NE,2016-04,1048.0,valid,0
NE,2016-05,994.0,valid,0
NE,2016-06,1077.0,valid,0
NE,2016-07,930.0,valid,0
NE,2016-08,1128.0,valid,0
NE,2016-09,864.0,valid,0
NE,2016-10,916.0,valid,0
NE,2016-11,1050.0,valid,0
NE,2016-12,838.0,valid,0
NE,2017-01,1268.0,valid,0
NE,2017-02,1221.0,valid,0
NE,2017-03,1515.0,valid,0
NE,2017-04,1084.0,valid,1
NE,2017-05,1360.0,valid,0
NE,2017-06,1113.0,valid,1
NE,2017-07,1036.0,valid,0
NE,2017-08,1415.0,valid,0
NE,2017-09,1009.0,valid,0
NE,2017-10,1094.0,valid,0
NE,2017-11,1446.0,valid,0
NE,2017-12,1014.0,valid,0
NE,2018-01,1451.0,valid,0
NE,2018-02,1540.0,valid,0
NE,2018-03,1940.0,valid,0
NE,2018-04,1421.0,valid,1
NE,2018-05,1574.0,valid,0
NE,2018-06,1334.0,valid,1
NE,2018-07,1200.0,valid,0
NE,2018-08,1512.0,valid,0
NE,2018-09,1053.0,valid,0
NE,2018-10,1000.0,valid,0
NE,2018-11,1326.0,valid,0
NE,2018-12,1102.0,valid,0
NE,2019-01,1874.0,valid,0
NE,2019-02,1533.0,valid,0
NE,2019-03,1479.0,valid,2
NE,2019-04,1161.0,valid,0
NE,2019-05,1335.0,valid,0
NE,2019-06,1080.0,valid,0
NE,2019-07,983.0,valid,0
NE,2019-08,1341.0,valid,0
NE,2019-09,1090.0,valid,0
NE,2019-10,1214.0,valid,0
NE,2019-11,925.0,valid,0
NE,2019-12,943.0,valid,0
NE,2020-01,1661.0,valid,6
NE,2020-02,1256.0,valid,0
NE,2020-03,1233.0,valid,0
NE,2020-04,1265.0,valid,0
NE,2020-05,1032.0,valid,0
NE,2020-06,1150.0,valid,0
NE,2020-07,1783.0,valid,0
NE,2020-08,1316.0,valid,0
NE,2020-09,1702.0,valid,0
NE,2020-10,1257.0,valid,0
NE,2020-11,1202.0,valid,0
NE,2020-12,1268.0,valid,0
NE,2021-01,1908.0,valid,0
NE,2021-02,1537.0,valid,0
NE,2021-03,2084.0,valid,0
NE,2021-04,1966.0,valid,0
NE,2021-05,1584.0,valid,0
NE,2021-06,1886.0,valid,0
NE,2021-07,1192.0,valid,1
NE,2021-08,1341.0,valid,0
NE,2021-09,1708.0,valid,0
NE,2021-10,1352.0,valid,0
NE,2021-11,1337.0,valid,0
NE,2021-12,1543.0,valid,1
NE,2022-01,1815.0,valid,0
NE,2022-02,1625.0,valid,0
NE,2022-03,2203.0,valid,0
NE,2022-04,1847.0,valid,1
NE,2022-05,1631.0,valid,1
NE,2022-06,2016.0,valid,0
NE,2022-07,1502.0,valid,0
NE,2022-08,1961.0,valid,0
NE,2022-09,1494.0,valid,0
NE,2022-10,1531.0,valid,0
NE,2022-11,1725.0,valid,0
NE,2022-12,1202.0,valid,0
NE,2023-01,1910.0,valid,0
NE,2023-02,1871.0,valid,0
NE,2023-03,2367.0,valid,0
NE,2023-04,1745.0,valid,1
NE,2023-05,2029.0,valid,0
NE,2023-06,1693.0,valid,0
NE,2023-07,1539.0,valid,0
NE,2023-08,2109.0,valid,0
NE,2023-09,1646.0,valid,0
NE,2023-10,1541.0,valid,0
NE,2023-11,1753.0,valid,0
NE,2023-12,1335.0,valid,0
NE,2024-01,2313.0,valid,0
NE,2024-02,1819.0,valid,0
NE,2024-03,2020.0,valid,0
NE,2024-04,1742.0,valid,2
NE,2024-05,1993.0,valid,1
NE,2024-06,1583.0,valid,1
NE,2024-07,1900.0,valid,1
NE,2024-08,1436.0,valid,0
NE,2024-09,1535.0,valid,0
NE,2024-10,1861.0,valid,0
NE,2024-11,1312.0,valid,0
NE,2024-12,1348.0,valid,0
NE,2025-01,2047.0,valid,0
NE,2025-02,1678.0,valid,0
NE,2025-03,1972.0,valid,1
NE,2025-04,2262.0,valid,0
NE,2025-05,1673.0,valid,0
NE,2025-06,1594.0,valid,0
NE,2025-07,1983.0,valid,0
NE,2025-08,1836.0,valid,1
NE,2025-09,2025.0,valid,0
NE,2025-10,2142.0,valid,0
NE,2025-11,1795.0,valid,0
NE,2025-12,1869.0,valid,0
NE,2026-01,2136.0,valid,0
NE,2026-02,1961.0,valid,0
NE,2026-03,2132.0,valid,2
NE,2026-04,2479.0,valid,0
NE,2026-05,1801.0,valid,0
NE,2026-06,1883.0,valid,1
NE,2026-07,,missing,0
NE,2026-08,,missing,0
NE,2026-09,,missing,0
NE,2026-10,,missing,0
NE,2026-11,,missing,0
NE,2026-12,,missing,0
NH,2004-07,754.0,valid,0
NH,2004-08,784.0,valid,0
NH,2004-09,740.0,valid,0
NH,2004-10,984.0,valid,0
NH,2004-11,749.0,valid,0
NH,2004-12,845.0,valid,0
NH,2005-01,712.0,valid,1
NH,2005-02,887.0,valid,1
NH,2005-03,1097.0,valid,1
NH,2005-04,947.0,valid,0
NH,2005-05,962.0,valid,0
NH,2005-06,1041.0,valid,0
NH,2005-07,740.0,valid,0
NH,2005-08,733.0,valid,1
NH,2005-09,876.0,valid,0
NH,2005-10,877.0,valid,1
NH,2005-11,927.0,valid,0
NH,2005-12,841.0,valid,0
NH,2006-01,797.0,valid,0
NH,2006-02,979.0,valid,0
NH,2006-03,1215.0,valid,0
NH,2006-04,966.0,valid,0
NH,2006-05,1061.0,valid,1
NH,2006-06,751.0,valid,0
NH,2006-07,700.0,valid,0
NH,2006-08,969.0,valid,0
NH,2006-09,706.0,valid,0
NH,2006-10,720.0,valid,0
NH,2006-11,872.0,valid,0
NH,2006-12,785.0,valid,0
NH,2007-01,741.0,valid,0
NH,2007-02,891.0,valid,0
NH,2007-03,1134.0,valid,0
NH,2007-04,929.0,valid,1
NH,2007-05,834.0,valid,0
NH,2007-06,1061.0,valid,0
NH,2007-07,681.0,valid,0
NH,2007-08,909.0,valid,0
NH,2007-09,769.0,valid,0
NH,2007-10,827.0,valid,0
NH,2007-11,818.0,valid,0
NH,2007-12,689.0,valid,0
NH,2008-01,644.0,valid,0
NH,2008-02,1029.0,valid,0
NH,2008-03,897.0,valid,0
NH,2008-04,916.0,valid,0
NH,2008-05,1057.0,valid,0
NH,2008-06,741.0,valid,0
NH,2008-07,917.0,valid,2
NH,2008-08,742.0,valid,0
NH,2008-09,710.0,valid,1
NH,2008-10,833.0,valid,0
NH,2008-11,630.0,valid,0
NH,2008-12,643.0,valid,2
NH,2009-01,703.0,valid,0
NH,2009-02,754.0,valid,0
NH,2009-03,810.0,valid,0
NH,2009-04,1019.0,valid,0
NH,2009-05,694.0,valid,0
NH,2009-06,723.0,valid,0
NH,2009-07,780.0,valid,0
NH,2009-08,609.0,valid,0
NH,2009-09,793.0,valid,0
NH,2009-10,619.0,valid,0
NH,2009-11,620.0,valid,0
NH,2009-12,693.0,valid,0
NH,2010-01,593.0,valid,0
NH,2010-02,694.0,valid,1
NH,2010-03,693.0,valid,1
NH,2010-04,934.0,valid,0
NH,2010-05,706.0,valid,0
NH,2010-06,653.0,valid,0
NH,2010-07,741.0,valid,0
NH,2010-08,634.0,valid,0
NH,2010-09,797.0,valid,0
NH,2010-10,590.0,valid,0
NH,2010-11,598.0,valid,0
NH,2010-12,667.0,valid,0
NH,2011-01,662.0,valid,0
NH,2011-02,724.0,valid,0
NH,2011-03,761.0,valid,0
NH,2011-04,1033.0,valid,0
NH,2011-05,639.0,valid,1
NH,2011-06,717.0,valid,0
NH,2011-07,789.0,valid,0
NH,2011-08,651.0,valid,2
NH,2011-09,781.0,valid,0
NH,2011-10,610.0,valid,2
NH,2011-11,568.0,valid,0
NH,2011-12,709.0,valid,0
NH,2012-01,605.0,valid,0
NH,2012-02,760.0,valid,0
NH,2012-03,932.0,valid,0
NH,2012-04,808.0,valid,0
NH,2012-05,711.0,valid,1
NH,2012-06,829.0,valid,0
NH,2012-07,616.0,valid,0
NH,2012-08,788.0,valid,0
NH,2012-09,614.0,valid,0
NH,2012-10,604.0,valid,2
NH,2012-11,740.0,valid,0
NH,2012-12,719.0,valid,0
NH,2013-01,872.0,valid,0
NH,2013-02,688.0,valid,1
NH,2013-03,786.0,valid,0
NH,2013-04,789.0,valid,0
NH,2013-05,772.0,valid,0
NH,2013-06,641.0,valid,1
NH,2013-07,771.0,valid,0
NH,2013-08,592.0,valid,0
NH,2013-09,596.0,valid,0
NH,2013-10,797.0,valid,0
NH,2013-11,554.0,valid,0
NH,2013-12,555.0,valid,0
NH,2014-01,888.0,valid,0
NH,2014-02,687.0,valid,0
NH,2014-03,711.0,valid,0
NH,2014-04,681.0,valid,0
NH,2014-05,858.0,valid,0
NH,2014-06,621.0,valid,0
NH,2014-07,787.0,valid,0
NH,2014-08,648.0,valid,0
NH,2014-09,607.0,valid,0
NH,2014-10,734.0,valid,0
NH,2014-11,545.0,valid,0
NH,2014-12,676.0,valid,0
NH,2015-01,779.0,valid,1
NH,2015-02,652.0,valid,0
NH,2015-03,776.0,valid,0
NH,2015-04,972.0,valid,0
NH,2015-05,697.0,valid,0
NH,2015-06,641.0,valid,0
NH,2015-07,746.0,valid,0
NH,2015-08,645.0,valid,0
NH,2015-09,845.0,valid,0
NH,2015-10,651.0,valid,0
NH,2015-11,608.0,valid,0
NH,2015-12,617.0,valid,0
NH,2016-01,870.0,valid,0
NH,2016-02,770.0,valid,0
NH,2016-03,945.0,valid,0
NH,2016-04,856.0,valid,1
NH,2016-05,796.0,valid,0
NH,2016-06,828.0,valid,0
NH,2016-07,655.0,valid,0
NH,2016-08,854.0,valid,0
NH,2016-09,690.0,valid,0
NH,2016-10,610.0,valid,0
NH,2016-11,752.0,valid,0
NH,2016-12,511.0,valid,0
NH,2017-01,856.0,valid,0
NH,2017-02,761.0,valid,0
NH,2017-03,1144.0,valid,1
NH,2017-04,894.0,valid,0
NH,2017-05,1083.0,valid,0
NH,2017-06,958.0,valid,0
NH,2017-07,828.0,valid,1
NH,2017-08,1153.0,valid,0
NH,2017-09,857.0,valid,0
NH,2017-10,888.0,valid,1
NH,2017-11,993.0,valid,0
NH,2017-12,792.0,valid,0
NH,2018-01,1034.0,valid,0
NH,2018-02,1058.0,valid,0
NH,2018-03,1415.0,valid,2
NH,2018-04,1136.0,valid,0
NH,2018-05,1317.0,valid,0
NH,2018-06,1134.0,valid,0
NH,2018-07,1039.0,valid,0
NH,2018-08,1257.0,valid,0
NH,2018-09,789.0,valid,0
NH,2018-10,843.0,valid,0
NH,2018-11,1092.0,valid,0
NH,2018-12,763.0,valid,0
NH,2019-01,1305.0,valid,0
NH,2019-02,1074.0,valid,0
NH,2019-03,1198.0,valid,0
NH,2019-04,990.0,valid,0
NH,2019-05,1035.0,valid,0
NH,2019-06,833.0,valid,0
NH,2019-07,675.0,valid,1
NH,2019-08,942.0,valid,0
NH,2019-09,761.0,valid,0
NH,2019-10,968.0,valid,0
NH,2019-11,714.0,valid,0
NH,2019-12,647.0,valid,0
NH,2020-01,1089.0,valid,2
NH,2020-02,909.0,valid,0
NH,2020-03,784.0,valid,0
NH,2020-04,850.0,valid,0
NH,2020-05,795.0,valid,0
NH,2020-06,910.0,valid,0
NH,2020-07,1185.0,valid,0
NH,2020-08,1029.0,valid,0
NH,2020-09,1247.0,valid,0
NH,2020-10,943.0,valid,0
NH,2020-11,849.0,valid,0
NH,2020-12,815.0,valid,0
NH,2021-01,1270.0,valid,0
NH,2021-02,1133.0,valid,0
NH,2021-03,1515.0,valid,0
NH,2021-04,1163.0,valid,0
NH,2021-05,1106.0,valid,0
NH,2021-06,1264.0,valid,0
NH,2021-07,941.0,valid,2
NH,2021-08,1007.0,valid,0
NH,2021-09,1254.0,valid,0
NH,2021-10,997.0,valid,0
NH,2021-11,956.0,valid,0
NH,2021-12,1174.0,valid,0
NH,2022-01,1232.0,valid,0
NH,2022-02,1134.0,valid,0
NH,2022-03,1346.0,valid,0
NH,2022-04,1228.0,valid,0
NH,2022-05,1082.0,valid,0
NH,2022-06,1390.0,valid,0
NH,2022-07,1057.0,valid,0
NH,2022-08,1312.0,valid,0
NH,2022-09,1035.0,valid,0
NH,2022-10,1039.0,valid,0
NH,2022-11,1198.0,valid,0
NH,2022-12,896.0,valid,1
NH,2023-01,1251.0,valid,0
NH,2023-02,1154.0,valid,0
NH,2023-03,1534.0,valid,0
NH,2023-04,1313.0,valid,0
NH,2023-05,1578.0,valid,0
NH,2023-06,1262.0,valid,0
NH,2023-07,1194.0,valid,1
NH,2023-08,1510.0,valid,0
NH,2023-09,1155.0,valid,0
NH,2023-10,1804.0,valid,0
NH,2023-11,1278.0,valid,0
NH,2023-12,993.0,valid,1
NH,2024-01,1786.0,valid,1
NH,2024-02,1259.0,valid,0
NH,2024-03,1480.0,valid,0
NH,2024-04,1251.0,valid,1
NH,2024-05,1539.0,valid,0
NH,2024-06,1285.0,valid,0
NH,2024-07,1516.0,valid,1
NH,2024-08,1144.0,valid,0
NH,2024-09,1231.0,valid,0
NH,2024-10,1532.0,valid,0
NH,2024-11,1028.0,valid,0
NH,2024-12,926.0,valid,0
NH,2025-01,1491.0,valid,0
NH,2025-02,1257.0,valid,0
NH,2025-03,1489.0,valid,0
NH,2025-04,1597.0,valid,0
NH,2025-05,1325.0,valid,0
NH,2025-06,1372.0,valid,0
NH,2025-07,1605.0,valid,0
NH,2025-08,1290.0,valid,0
NH,2025-09,1308.0,valid,0
NH,2025-10,1516.0,valid,0
NH,2025-11,1381.0,valid,0
NH,2025-12,1415.0,valid,0
NH,2026-01,1488.0,valid,0
NH,2026-02,1470.0,valid,0
NH,2026-03,1772.0,valid,0
NH,2026-04,2215.0,valid,0
NH,2026-05,1653.0,valid,0
NH,2026-06,1976.0,valid,0
NH,2026-07,,missing,0
NH,2026-08,,missing,0
NH,2026-09,,missing,0
NH,2026-10,,missing,0
NH,2026-11,,missing,0
NH,2026-12,,missing,0
NJ,2004-07,5782.0,valid,1
NJ,2004-08,6314.0,valid,0
NJ,2004-09,5843.0,valid,1
NJ,2004-10,7592.0,valid,0
NJ,2004-11,6562.0,valid,0
NJ,2004-12,6600.0,valid,0
NJ,2005-01,5938.0,valid,0
NJ,2005-02,7447.0,valid,0
NJ,2005-03,9320.0,valid,0
NJ,2005-04,7130.0,valid,1
NJ,2005-05,7686.0,valid,0
NJ,2005-06,8381.0,valid,0
NJ,2005-07,6072.0,valid,0
NJ,2005-08,6083.0,valid,1
NJ,2005-09,7260.0,valid,0
NJ,2005-10,7199.0,valid,0
NJ,2005-11,8190.0,valid,0
NJ,2005-12,6353.0,valid,0
NJ,2006-01,6525.0,valid,0
NJ,2006-02,8239.0,valid,0
NJ,2006-03,10128.0,valid,0
NJ,2006-04,7617.0,valid,0
NJ,2006-05,9556.0,valid,0
NJ,2006-06,6680.0,valid,1
NJ,2006-07,5773.0,valid,0
NJ,2006-08,8324.0,valid,0
NJ,2006-09,6239.0,valid,0
NJ,2006-10,6563.0,valid,0
NJ,2006-11,7602.0,valid,0
NJ,2006-12,6831.0,valid,0
NJ,2007-01,6554.0,valid,0
NJ,2007-02,7945.0,valid,0
NJ,2007-03,10343.0,valid,0
NJ,2007-04,7699.0,valid,1
NJ,2007-05,7882.0,valid,1
NJ,2007-06,8774.0,valid,0
NJ,2007-07,6553.0,valid,0
NJ,2007-08,8578.0,valid,0
NJ,2007-09,6655.0,valid,0
NJ,2007-10,7170.0,valid,0
NJ,2007-11,7933.0,valid,0
NJ,2007-12,6444.0,valid,0
NJ,2008-01,6446.0,valid,0
NJ,2008-02,9490.0,valid,0
NJ,2008-03,8145.0,valid,0
NJ,2008-04,7941.0,valid,0
NJ,2008-05,9478.0,valid,0
NJ,2008-06,6495.0,valid,0
NJ,2008-07,7983.0,valid,0
NJ,2008-08,7029.0,valid,0
NJ,2008-09,6315.0,valid,0
NJ,2008-10,7892.0,valid,0
NJ,2008-11,6028.0,valid,0
NJ,2008-12,6096.0,valid,0
NJ,2009-01,6271.0,valid,0
NJ,2009-02,6735.0,valid,0
NJ,2009-03,7343.0,valid,0
NJ,2009-04,8828.0,valid,0
NJ,2009-05,7118.0,valid,0
NJ,2009-06,6397.0,valid,0
NJ,2009-07,7633.0,valid,0
NJ,2009-08,6094.0,valid,0
NJ,2009-09,7557.0,valid,0
NJ,2009-10,6178.0,valid,0
NJ,2009-11,6279.0,valid,1
NJ,2009-12,6771.0,valid,1
NJ,2010-01,6504.0,valid,0
NJ,2010-02,7224.0,valid,1
NJ,2010-03,7444.0,valid,1
NJ,2010-04,9335.0,valid,0
NJ,2010-05,7494.0,valid,0
NJ,2010-06,6551.0,valid,0
NJ,2010-07,7533.0,valid,0
NJ,2010-08,6289.0,valid,0
NJ,2010-09,7870.0,valid,0
NJ,2010-10,6592.0,valid,0
NJ,2010-11,6642.0,valid,0
NJ,2010-12,6809.0,valid,1
NJ,2011-01,6950.0,valid,0
NJ,2011-02,7961.0,valid,0
NJ,2011-03,8444.0,valid,0
NJ,2011-04,9829.0,valid,0
NJ,2011-05,6654.0,valid,0
NJ,2011-06,7050.0,valid,0
NJ,2011-07,8372.0,valid,0
NJ,2011-08,6564.0,valid,3
NJ,2011-09,7425.0,valid,1
NJ,2011-10,6435.0,valid,1
NJ,2011-11,6276.0,valid,0
NJ,2011-12,7512.0,valid,0
NJ,2012-01,6554.0,valid,0
NJ,2012-02,7873.0,valid,0
NJ,2012-03,10377.0,valid,0
NJ,2012-04,7750.0,valid,0
NJ,2012-05,7450.0,valid,0
NJ,2012-06,8349.0,valid,1
NJ,2012-07,6094.0,valid,0
NJ,2012-08,8164.0,valid,0
NJ,2012-09,5909.0,valid,0
NJ,2012-10,6359.0,valid,2
NJ,2012-11,6320.0,valid,0
NJ,2012-12,7486.0,valid,0
NJ,2013-01,9649.0,valid,0
NJ,2013-02,8026.0,valid,0
NJ,2013-03,8462.0,valid,0
NJ,2013-04,7464.0,valid,0
NJ,2013-05,8672.0,valid,0
NJ,2013-06,7221.0,valid,0
NJ,2013-07,8087.0,valid,0
NJ,2013-08,6871.0,valid,0
NJ,2013-09,6216.0,valid,0
NJ,2013-10,8667.0,valid,0
NJ,2013-11,6251.0,valid,0
NJ,2013-12,5567.0,valid,0
NJ,2014-01,8458.0,valid,0
NJ,2014-02,7434.0,valid,0
NJ,2014-03,8564.0,valid,0
NJ,2014-04,7526.0,valid,0
NJ,2014-05,8955.0,valid,0
NJ,2014-06,6807.0,valid,0
NJ,2014-07,8040.0,valid,0
NJ,2014-08,6674.0,valid,0
NJ,2014-09,6589.0,valid,0
NJ,2014-10,8441.0,valid,0
NJ,2014-11,6159.0,valid,0
NJ,2014-12,6056.0,valid,0
NJ,2015-01,8190.0,valid,0
NJ,2015-02,7672.0,valid,0
NJ,2015-03,8056.0,valid,0
NJ,2015-04,9682.0,valid,0
NJ,2015-05,7060.0,valid,0
NJ,2015-06,7231.0,valid,1
NJ,2015-07,8364.0,valid,0
NJ,2015-08,7017.0,valid,0
NJ,2015-09,8811.0,valid,0
NJ,2015-10,6966.0,valid,0
NJ,2015-11,6504.0,valid,0
NJ,2015-12,6626.0,valid,0
NJ,2016-01,8436.0,valid,1
NJ,2016-02,8136.0,valid,0
NJ,2016-03,10375.0,valid,0
NJ,2016-04,7999.0,valid,0
NJ,2016-05,7799.0,valid,0
NJ,2016-06,7963.0,valid,0
NJ,2016-07,7285.0,valid,0
NJ,2016-08,8851.0,valid,0
NJ,2016-09,6975.0,valid,0
NJ,2016-10,6915.0,valid,0
NJ,2016-11,8286.0,valid,0
NJ,2016-12,5969.0,valid,0
NJ,2017-01,8704.0,valid,0
NJ,2017-02,8673.0,valid,0
NJ,2017-03,11187.0,valid,0
NJ,2017-04,8332.0,valid,0
NJ,2017-05,10132.0,valid,0
NJ,2017-06,8006.0,valid,0
NJ,2017-07,7330.0,valid,0
NJ,2017-08,9578.0,valid,0
NJ,2017-09,7454.0,valid,0
NJ,2017-10,7494.0,valid,0
NJ,2017-11,8818.0,valid,0
NJ,2017-12,5896.0,valid,0
NJ,2018-01,9557.0,valid,0
NJ,2018-02,9262.0,valid,0
NJ,2018-03,11931.0,valid,1
NJ,2018-04,9005.0,valid,0
NJ,2018-05,11019.0,valid,0
NJ,2018-06,8642.0,valid,0
NJ,2018-07,7777.0,valid,0
NJ,2018-08,10390.0,valid,0
NJ,2018-09,8196.0,valid,0
NJ,2018-10,7984.0,valid,0
NJ,2018-11,8947.0,valid,0
NJ,2018-12,6701.0,valid,0
NJ,2019-01,11063.0,valid,0
NJ,2019-02,9985.0,valid,0
NJ,2019-03,10352.0,valid,0
NJ,2019-04,9584.0,valid,0
NJ,2019-05,11145.0,valid,0
NJ,2019-06,8873.0,valid,0
NJ,2019-07,7721.0,valid,0
NJ,2019-08,10506.0,valid,0
NJ,2019-09,8238.0,valid,0
NJ,2019-10,10338.0,valid,0
NJ,2019-11,7685.0,valid,0
NJ,2019-12,6857.0,valid,0
NJ,2020-01,11828.0,valid,2
NJ,2020-02,10100.0,valid,0
NJ,2020-03,8439.0,valid,0
NJ,2020-04,8085.0,valid,0
NJ,2020-05,8621.0,valid,0
NJ,2020-06,10737.0,valid,0
NJ,2020-07,16915.0,valid,0
NJ,2020-08,13367.0,valid,1
NJ,2020-09,14885.0,valid,0
NJ,2020-10,11046.0,valid,0
NJ,2020-11,10223.0,valid,0
NJ,2020-12,10094.0,valid,0
NJ,2021-01,16217.0,valid,1
NJ,2021-02,13333.0,valid,0
NJ,2021-03,18577.0,valid,0
NJ,2021-04,14359.0,valid,0
NJ,2021-05,13535.0,valid,0
NJ,2021-06,14727.0,valid,0
NJ,2021-07,11243.0,valid,0
NJ,2021-08,11558.0,valid,0
NJ,2021-09,14267.0,valid,2
NJ,2021-10,11933.0,valid,0
NJ,2021-11,11045.0,valid,0
NJ,2021-12,12019.0,valid,0
NJ,2022-01,14320.0,valid,0
NJ,2022-02,13745.0,valid,0
NJ,2022-03,17923.0,valid,0
NJ,2022-04,13397.0,valid,0
NJ,2022-05,12146.0,valid,0
NJ,2022-06,13556.0,valid,0
NJ,2022-07,10727.0,valid,0
NJ,2022-08,14070.0,valid,0
NJ,2022-09,11073.0,valid,0
NJ,2022-10,11169.0,valid,0
NJ,2022-11,12901.0,valid,0
NJ,2022-12,8998.0,valid,0
NJ,2023-01,13597.0,valid,0
NJ,2023-02,13672.0,valid,0
NJ,2023-03,17827.0,valid,0
NJ,2023-04,12535.0,valid,0
NJ,2023-05,15778.0,valid,0
NJ,2023-06,12490.0,valid,0
NJ,2023-07,11675.0,valid,1
NJ,2023-08,15822.0,valid,0
NJ,2023-09,12526.0,valid,0
NJ,2023-10,12225.0,valid,0
NJ,2023-11,13151.0,valid,0
NJ,2023-12,8862.0,valid,0
NJ,2024-01,17084.0,valid,0
NJ,2024-02,13247.0,valid,0
NJ,2024-03,13911.0,valid,0
NJ,2024-04,12232.0,valid,0
NJ,2024-05,14664.0,valid,0
NJ,2024-06,11593.0,valid,0
NJ,2024-07,13744.0,valid,0
NJ,2024-08,11569.0,valid,0
NJ,2024-09,11192.0,valid,0
NJ,2024-10,13748.0,valid,0
NJ,2024-11,10618.0,valid,0
NJ,2024-12,9418.0,valid,0
NJ,2025-01,15161.0,valid,0
NJ,2025-02,13103.0,valid,0
NJ,2025-03,14150.0,valid,0
NJ,2025-04,16280.0,valid,1
NJ,2025-05,12313.0,valid,0
NJ,2025-06,12766.0,valid,0
NJ,2025-07,14428.0,valid,0
NJ,2025-08,11908.0,valid,0
NJ,2025-09,12087.0,valid,0
NJ,2025-10,14761.0,valid,0
NJ,2025-11,11735.0,valid,0
NJ,2025-12,12446.0,valid,0
NJ,2026-01,15772.0,valid,0
NJ,2026-02,14229.0,valid,0
NJ,2026-03,15432.0,valid,0
NJ,2026-04,18869.0,valid,0
NJ,2026-05,14646.0,valid,0
NJ,2026-06,14040.0,valid,0
NJ,2026-07,,missing,0
NJ,2026-08,,missing,0
NJ,2026-09,,missing,0
NJ,2026-10,,missing,0
NJ,2026-11,,missing,0
NJ,2026-12,,missing,0
NM,2004-07,738.0,valid,0
NM,2004-08,771.0,valid,0
NM,2004-09,712.0,valid,0
NM,2004-10,950.0,valid,0
NM,2004-11,760.0,valid,0
NM,2004-12,825.0,valid,0
NM,2005-01,812.0,valid,0
NM,2005-02,1094.0,valid,0
NM,2005-03,1310.0,valid,0
NM,2005-04,946.0,valid,0
NM,2005-05,896.0,valid,0
NM,2005-06,1029.0,valid,0
NM,2005-07,849.0,valid,0
NM,2005-08,889.0,valid,1
NM,2005-09,815.0,valid,0
NM,2005-10,883.0,valid,0
NM,2005-11,1093.0,valid,0
NM,2005-12,871.0,valid,0
NM,2006-01,976.0,valid,1
NM,2006-02,1221.0,valid,0
NM,2006-03,1453.0,valid,1
NM,2006-04,1157.0,valid,1
NM,2006-05,1343.0,valid,0
NM,2006-06,1007.0,valid,2
NM,2006-07,894.0,valid,1
NM,2006-08,1258.0,valid,0
NM,2006-09,915.0,valid,0
NM,2006-10,910.0,valid,0
NM,2006-11,1102.0,valid,0
NM,2006-12,982.0,valid,0
NM,2007-01,825.0,valid,0
NM,2007-02,1267.0,valid,1
NM,2007-03,1495.0,valid,1
NM,2007-04,1181.0,valid,0
NM,2007-05,1172.0,valid,0
NM,2007-06,1397.0,valid,0
NM,2007-07,1099.0,valid,0
NM,2007-08,1248.0,valid,0
NM,2007-09,1079.0,valid,0
NM,2007-10,1022.0,valid,0
NM,2007-11,1181.0,valid,1
NM,2007-12,1121.0,valid,0
NM,2008-01,977.0,valid,0
NM,2008-02,1650.0,valid,0
NM,2008-03,1308.0,valid,0
NM,2008-04,1212.0,valid,1
NM,2008-05,1478.0,valid,0
NM,2008-06,1058.0,valid,1
NM,2008-07,1183.0,valid,1
NM,2008-08,1082.0,valid,0
NM,2008-09,962.0,valid,0
NM,2008-10,1125.0,valid,0
NM,2008-11,827.0,valid,0
NM,2008-12,919.0,valid,0
NM,2009-01,897.0,valid,0
NM,2009-02,1070.0,valid,0
NM,2009-03,1055.0,valid,0
NM,2009-04,1293.0,valid,0
NM,2009-05,931.0,valid,1
NM,2009-06,869.0,valid,0
NM,2009-07,1102.0,valid,0
NM,2009-08,931.0,valid,0
NM,2009-09,1076.0,valid,0
NM,2009-10,862.0,valid,0
NM,2009-11,831.0,valid,0
NM,2009-12,880.0,valid,0
NM,2010-01,882.0,valid,0
NM,2010-02,1061.0,valid,0
NM,2010-03,1053.0,valid,0
NM,2010-04,1262.0,valid,0
NM,2010-05,967.0,valid,1
NM,2010-06,854.0,valid,1
NM,2010-07,1057.0,valid,1
NM,2010-08,900.0,valid,0
NM,2010-09,1181.0,valid,0
NM,2010-10,943.0,valid,0
NM,2010-11,949.0,valid,0
NM,2010-12,970.0,valid,0
NM,2011-01,1044.0,valid,0
NM,2011-02,1263.0,valid,1
NM,2011-03,1138.0,valid,1
NM,2011-04,1396.0,valid,2
NM,2011-05,881.0,valid,0
NM,2011-06,935.0,valid,5
NM,2011-07,1128.0,valid,0
NM,2011-08,897.0,valid,1
NM,2011-09,1014.0,valid,0
NM,2011-10,911.0,valid,0
NM,2011-11,908.0,valid,0
NM,2011-12,957.0,valid,0
NM,2012-01,790.0,valid,0
NM,2012-02,1115.0,valid,0
NM,2012-03,1358.0,valid,0
NM,2012-04,1161.0,valid,0
NM,2012-05,1045.0,valid,1
NM,2012-06,1172.0,valid,4
NM,2012-07,933.0,valid,0
NM,2012-08,1091.0,valid,0
NM,2012-09,791.0,valid,0
NM,2012-10,873.0,valid,0
NM,2012-11,1073.0,valid,0
NM,2012-12,926.0,valid,0
NM,2013-01,1202.0,valid,0
NM,2013-02,1078.0,valid,0
NM,2013-03,1058.0,valid,0
NM,2013-04,972.0,valid,0
NM,2013-05,1038.0,valid,1
NM,2013-06,914.0,valid,0
NM,2013-07,1107.0,valid,2
NM,2013-08,951.0,valid,0
NM,2013-09,822.0,valid,2
NM,2013-10,1107.0,valid,0
NM,2013-11,892.0,valid,0
NM,2013-12,825.0,valid,0
NM,2014-01,1283.0,valid,0
NM,2014-02,1066.0,valid,0
NM,2014-03,1164.0,valid,0
NM,2014-04,1086.0,valid,0
NM,2014-05,1328.0,valid,0
NM,2014-06,1152.0,valid,0
NM,2014-07,1404.0,valid,1
NM,2014-08,1030.0,valid,0
NM,2014-09,867.0,valid,1
NM,2014-10,1149.0,valid,0
NM,2014-11,822.0,valid,0
NM,2014-12,875.0,valid,0
NM,2015-01,1209.0,valid,0
NM,2015-02,1073.0,valid,0
NM,2015-03,1103.0,valid,0
NM,2015-04,1342.0,valid,0
NM,2015-05,985.0,valid,0
NM,2015-06,995.0,valid,0
NM,2015-07,1254.0,valid,0
NM,2015-08,1034.0,valid,0
NM,2015-09,1145.0,valid,0
NM,2015-10,902.0,valid,0
NM,2015-11,849.0,valid,0
NM,2015-12,870.0,valid,0
NM,2016-01,1226.0,valid,0
NM,2016-02,1126.0,valid,0
NM,2016-03,1404.0,valid,0
NM,2016-04,1151.0,valid,0
NM,2016-05,880.0,valid,0
NM,2016-06,1083.0,valid,1
NM,2016-07,1010.0,valid,1
NM,2016-08,1281.0,valid,0
NM,2016-09,923.0,valid,0
NM,2016-10,1024.0,valid,0
NM,2016-11,1050.0,valid,0
NM,2016-12,842.0,valid,0
NM,2017-01,1234.0,valid,0
NM,2017-02,1337.0,valid,0
NM,2017-03,1811.0,valid,0
NM,2017-04,1324.0,valid,0
NM,2017-05,1573.0,valid,0
NM,2017-06,1239.0,valid,1
NM,2017-07,1217.0,valid,0
NM,2017-08,1583.0,valid,0
NM,2017-09,1227.0,valid,0
NM,2017-10,1120.0,valid,1
NM,2017-11,1405.0,valid,0
NM,2017-12,1087.0,valid,0
NM,2018-01,1545.0,valid,0
NM,2018-02,1580.0,valid,0
NM,2018-03,2042.0,valid,0
NM,2018-04,1504.0,valid,0
NM,2018-05,1673.0,valid,1
NM,2018-06,1394.0,valid,1
NM,2018-07,1361.0,valid,0
NM,2018-08,1772.0,valid,0
NM,2018-09,1200.0,valid,0
NM,2018-10,1201.0,valid,0
NM,2018-11,1493.0,valid,0
NM,2018-12,1197.0,valid,0
NM,2019-01,1845.0,valid,0
NM,2019-02,1595.0,valid,0
NM,2019-03,1648.0,valid,1
NM,2019-04,1379.0,valid,0
NM,2019-05,1700.0,valid,0
NM,2019-06,1414.0,valid,0
NM,2019-07,1196.0,valid,0
NM,2019-08,1644.0,valid,0
NM,2019-09,1244.0,valid,0
NM,2019-10,1591.0,valid,0
NM,2019-11,1121.0,valid,0
NM,2019-12,1086.0,valid,0
NM,2020-01,1806.0,valid,13
NM,2020-02,1570.0,valid,0
NM,2020-03,1360.0,valid,0
NM,2020-04,1307.0,valid,0
NM,2020-05,1100.0,valid,0
NM,2020-06,1351.0,valid,0
NM,2020-07,1965.0,valid,0
NM,2020-08,1789.0,valid,0
NM,2020-09,1881.0,valid,0
NM,2020-10,1419.0,valid,0
NM,2020-11,1295.0,valid,0
NM,2020-12,1445.0,valid,0
NM,2021-01,2060.0,valid,0
NM,2021-02,1981.0,valid,0
NM,2021-03,2520.0,valid,0
NM,2021-04,2078.0,valid,1
NM,2021-05,2071.0,valid,0
NM,2021-06,2211.0,valid,0
NM,2021-07,1864.0,valid,0
NM,2021-08,1859.0,valid,0
NM,2021-09,2394.0,valid,0
NM,2021-10,1784.0,valid,0
NM,2021-11,1783.0,valid,0
NM,2021-12,1895.0,valid,0
NM,2022-01,2330.0,valid,0
NM,2022-02,2485.0,valid,0
NM,2022-03,2928.0,valid,0
NM,2022-04,2187.0,valid,7
NM,2022-05,2051.0,valid,0
NM,2022-06,2447.0,valid,0
NM,2022-07,1999.0,valid,0
NM,2022-08,2664.0,valid,0
NM,2022-09,2083.0,valid,0
NM,2022-10,1975.0,valid,0
NM,2022-11,2371.0,valid,0
NM,2022-12,1627.0,valid,0
NM,2023-01,2535.0,valid,0
NM,2023-02,2709.0,valid,0
NM,2023-03,3490.0,valid,0
NM,2023-04,2793.0,valid,1
NM,2023-05,3187.0,valid,1
NM,2023-06,2681.0,valid,0
NM,2023-07,2637.0,valid,0
NM,2023-08,3587.0,valid,0
NM,2023-09,2703.0,valid,0
NM,2023-10,2841.0,valid,0
NM,2023-11,3068.0,valid,0
NM,2023-12,2022.0,valid,0
NM,2024-01,3708.0,valid,0
NM,2024-02,2954.0,valid,0
NM,2024-03,3029.0,valid,0
NM,2024-04,2845.0,valid,0
NM,2024-05,3353.0,valid,1
NM,2024-06,2879.0,valid,4
NM,2024-07,3229.0,valid,0
NM,2024-08,2806.0,valid,0
NM,2024-09,2781.0,valid,0
NM,2024-10,3064.0,valid,1
NM,2024-11,2207.0,valid,0
NM,2024-12,1818.0,valid,0
NM,2025-01,2930.0,valid,0
NM,2025-02,3116.0,valid,0
NM,2025-03,3453.0,valid,0
NM,2025-04,4182.0,valid,1
NM,2025-05,2803.0,valid,0
NM,2025-06,3315.0,valid,5
NM,2025-07,3591.0,valid,0
NM,2025-08,3395.0,valid,0
NM,2025-09,3822.0,valid,1
NM,2025-10,3424.0,valid,0
NM,2025-11,3184.0,valid,0
NM,2025-12,3543.0,valid,0
NM,2026-01,3910.0,valid,0
NM,2026-02,3726.0,valid,0
NM,2026-03,3809.0,valid,0
NM,2026-04,4461.0,valid,0
NM,2026-05,3097.0,valid,0
NM,2026-06,3671.0,valid,0
NM,2026-07,,missing,0
NM,2026-08,,missing,0
NM,2026-09,,missing,0
NM,2026-10,,missing,0
NM,2026-11,,missing,0
NM,2026-12,,missing,0
NV,2004-07,2844.0,valid,3
NV,2004-08,3057.0,valid,1
NV,2004-09,2816.0,valid,0
NV,2004-10,3741.0,valid,0
NV,2004-11,3131.0,valid,0
NV,2004-12,3569.0,valid,1
NV,2005-01,3077.0,valid,2
NV,2005-02,3464.0,valid,0
NV,2005-03,4126.0,valid,0
NV,2005-04,3715.0,valid,0
NV,2005-05,3441.0,valid,0
NV,2005-06,4163.0,valid,1
NV,2005-07,3446.0,valid,2
NV,2005-08,3448.0,valid,3
NV,2005-09,3232.0,valid,0
NV,2005-10,3665.0,valid,0
NV,2005-11,4391.0,valid,0
NV,2005-12,3539.0,valid,1
NV,2006-01,3100.0,valid,0
NV,2006-02,3766.0,valid,0
NV,2006-03,4840.0,valid,0
NV,2006-04,3801.0,valid,0
NV,2006-05,4545.0,valid,0
NV,2006-06,3378.0,valid,3
NV,2006-07,3246.0,valid,0
NV,2006-08,4069.0,valid,2
NV,2006-09,3112.0,valid,0
NV,2006-10,3185.0,valid,0
NV,2006-11,3699.0,valid,1
NV,2006-12,3531.0,valid,0
NV,2007-01,2893.0,valid,0
NV,2007-02,3679.0,valid,0
NV,2007-03,4568.0,valid,0
NV,2007-04,3476.0,valid,0
NV,2007-05,3507.0,valid,0
NV,2007-06,3968.0,valid,0
NV,2007-07,3130.0,valid,5
NV,2007-08,3971.0,valid,0
NV,2007-09,3183.0,valid,0
NV,2007-10,3415.0,valid,0
NV,2007-11,3695.0,valid,0
NV,2007-12,3417.0,valid,0
NV,2008-01,2960.0,valid,1
NV,2008-02,4415.0,valid,0
NV,2008-03,3997.0,valid,0
NV,2008-04,3904.0,valid,0
NV,2008-05,4662.0,valid,0
NV,2008-06,3402.0,valid,0
NV,2008-07,3868.0,valid,0
NV,2008-08,3484.0,valid,0
NV,2008-09,3126.0,valid,0
NV,2008-10,3755.0,valid,0
NV,2008-11,2919.0,valid,0
NV,2008-12,3163.0,valid,0
NV,2009-01,2891.0,valid,0
NV,2009-02,3140.0,valid,0
NV,2009-03,3216.0,valid,0
NV,2009-04,3896.0,valid,0
NV,2009-05,3025.0,valid,0
NV,2009-06,2937.0,valid,0
NV,2009-07,3578.0,valid,1
NV,2009-08,2957.0,valid,0
NV,2009-09,3482.0,valid,0
NV,2009-10,2692.0,valid,0
NV,2009-11,2567.0,valid,0
NV,2009-12,2974.0,valid,0
NV,2010-01,2882.0,valid,0
NV,2010-02,3151.0,valid,0
NV,2010-03,2912.0,valid,0
NV,2010-04,3753.0,valid,0
NV,2010-05,3046.0,valid,0
NV,2010-06,2703.0,valid,0
NV,2010-07,3232.0,valid,1
NV,2010-08,2693.0,valid,0
NV,2010-09,3389.0,valid,0
NV,2010-10,2757.0,valid,0
NV,2010-11,2683.0,valid,0
NV,2010-12,2892.0,valid,0
NV,2011-01,3309.0,valid,0
NV,2011-02,3626.0,valid,0
NV,2011-03,3277.0,valid,0
NV,2011-04,4072.0,valid,0
NV,2011-05,2887.0,valid,0
NV,2011-06,3254.0,valid,0
NV,2011-07,3720.0,valid,0
NV,2011-08,2944.0,valid,0
NV,2011-09,3421.0,valid,1
NV,2011-10,2502.0,valid,1
NV,2011-11,2637.0,valid,1
NV,2011-12,3332.0,valid,0
NV,2012-01,2754.0,valid,1
NV,2012-02,3376.0,valid,0
NV,2012-03,4438.0,valid,0
NV,2012-04,3265.0,valid,0
NV,2012-05,3130.0,valid,1
NV,2012-06,3530.0,valid,0
NV,2012-07,2617.0,valid,0
NV,2012-08,3512.0,valid,0
NV,2012-09,2543.0,valid,0
NV,2012-10,2803.0,valid,0
NV,2012-11,3262.0,valid,0
NV,2012-12,3145.0,valid,0
NV,2013-01,3915.0,valid,0
NV,2013-02,3411.0,valid,0
NV,2013-03,3453.0,valid,0
NV,2013-04,3251.0,valid,0
NV,2013-05,3647.0,valid,0
NV,2013-06,3196.0,valid,0
NV,2013-07,3638.0,valid,1
NV,2013-08,3030.0,valid,0
NV,2013-09,2743.0,valid,0
NV,2013-10,3716.0,valid,0
NV,2013-11,2744.0,valid,0
NV,2013-12,2737.0,valid,0
NV,2014-01,3834.0,valid,0
NV,2014-02,3584.0,valid,0
NV,2014-03,3824.0,valid,0
NV,2014-04,3667.0,valid,0
NV,2014-05,4121.0,valid,0
NV,2014-06,3296.0,valid,0
NV,2014-07,3769.0,valid,0
NV,2014-08,3215.0,valid,0
NV,2014-09,3146.0,valid,1
NV,2014-10,3682.0,valid,0
NV,2014-11,2625.0,valid,0
NV,2014-12,2879.0,valid,0
NV,2015-01,3792.0,valid,0
NV,2015-02,3542.0,valid,0
NV,2015-03,3585.0,valid,0
NV,2015-04,4091.0,valid,0
NV,2015-05,3184.0,valid,0
NV,2015-06,3117.0,valid,0
NV,2015-07,3662.0,valid,0
NV,2015-08,2827.0,valid,0
NV,2015-09,3657.0,valid,0
NV,2015-10,3021.0,valid,0
NV,2015-11,2640.0,valid,0
NV,2015-12,2941.0,valid,0
NV,2016-01,3371.0,valid,0
NV,2016-02,3375.0,valid,0
NV,2016-03,4235.0,valid,0
NV,2016-04,3276.0,valid,0
NV,2016-05,3297.0,valid,0
NV,2016-06,3647.0,valid,0
NV,2016-07,3173.0,valid,2
NV,2016-08,3789.0,valid,0
NV,2016-09,2887.0,valid,0
NV,2016-10,2857.0,valid,2
NV,2016-11,3491.0,valid,0
NV,2016-12,2723.0,valid,0
NV,2017-01,3605.0,valid,1
NV,2017-02,3633.0,valid,1
NV,2017-03,4707.0,valid,0
NV,2017-04,3611.0,valid,0
NV,2017-05,4219.0,valid,0
NV,2017-06,3436.0,valid,0
NV,2017-07,3202.0,valid,3
NV,2017-08,4088.0,valid,0
NV,2017-09,3127.0,valid,0
NV,2017-10,3215.0,valid,0
NV,2017-11,3992.0,valid,0
NV,2017-12,2828.0,valid,0
NV,2018-01,4101.0,valid,0
NV,2018-02,3951.0,valid,0
NV,2018-03,5239.0,valid,0
NV,2018-04,3787.0,valid,0
NV,2018-05,4466.0,valid,0
NV,2018-06,3607.0,valid,1
NV,2018-07,3216.0,valid,0
NV,2018-08,4482.0,valid,0
NV,2018-09,3130.0,valid,0
NV,2018-10,3099.0,valid,0
NV,2018-11,3851.0,valid,0
NV,2018-12,2966.0,valid,0
NV,2019-01,4330.0,valid,0
NV,2019-02,4049.0,valid,0
NV,2019-03,4048.0,valid,0
NV,2019-04,3490.0,valid,0
NV,2019-05,4160.0,valid,0
NV,2019-06,3295.0,valid,0
NV,2019-07,2603.0,valid,1
NV,2019-08,3266.0,valid,2
NV,2019-09,3486.0,valid,0
NV,2019-10,3954.0,valid,0
NV,2019-11,2849.0,valid,0
NV,2019-12,2879.0,valid,0
NV,2020-01,4381.0,valid,2
NV,2020-02,3768.0,valid,0
NV,2020-03,3222.0,valid,0
NV,2020-04,3536.0,valid,0
NV,2020-05,3280.0,valid,0
NV,2020-06,4046.0,valid,1
NV,2020-07,7088.0,valid,2
NV,2020-08,5113.0,valid,2
NV,2020-09,5470.0,valid,0
NV,2020-10,4299.0,valid,0
NV,2020-11,3885.0,valid,1
NV,2020-12,3890.0,valid,0
NV,2021-01,6099.0,valid,0
NV,2021-02,5486.0,valid,0
NV,2021-03,7697.0,valid,0
NV,2021-04,6651.0,valid,0
NV,2021-05,6197.0,valid,0
NV,2021-06,6511.0,valid,1
NV,2021-07,4897.0,valid,1
NV,2021-08,4850.0,valid,0
NV,2021-09,5878.0,valid,0
NV,2021-10,4505.0,valid,0
NV,2021-11,4392.0,valid,0
NV,2021-12,4805.0,valid,0
NV,2022-01,5508.0,valid,0
NV,2022-02,5742.0,valid,0
NV,2022-03,7015.0,valid,0
NV,2022-04,5556.0,valid,0
NV,2022-05,4933.0,valid,0
NV,2022-06,5707.0,valid,0
NV,2022-07,4417.0,valid,0
NV,2022-08,5589.0,valid,1
NV,2022-09,4442.0,valid,0
NV,2022-10,4597.0,valid,0
NV,2022-11,4906.0,valid,0
NV,2022-12,3668.0,valid,0
NV,2023-01,5208.0,valid,0
NV,2023-02,5431.0,valid,0
NV,2023-03,7396.0,valid,1
NV,2023-04,5480.0,valid,0
NV,2023-05,6481.0,valid,0
NV,2023-06,5476.0,valid,0
NV,2023-07,5174.0,valid,0
NV,2023-08,6572.0,valid,0
NV,2023-09,4938.0,valid,0
NV,2023-10,4913.0,valid,0
NV,2023-11,5073.0,valid,0
NV,2023-12,3658.0,valid,0
NV,2024-01,6722.0,valid,0
NV,2024-02,5244.0,valid,0
NV,2024-03,5657.0,valid,0
NV,2024-04,5176.0,valid,0
NV,2024-05,5904.0,valid,0
NV,2024-06,4860.0,valid,2
NV,2024-07,5466.0,valid,1
NV,2024-08,4712.0,valid,1
NV,2024-09,4651.0,valid,1
NV,2024-10,5737.0,valid,0
NV,2024-11,4414.0,valid,1
NV,2024-12,4112.0,valid,0
NV,2025-01,6003.0,valid,0
NV,2025-02,5103.0,valid,0
NV,2025-03,5840.0,valid,0
NV,2025-04,6754.0,valid,0
NV,2025-05,4694.0,valid,0
NV,2025-06,5160.0,valid,2
NV,2025-07,5677.0,valid,0
NV,2025-08,4958.0,valid,1
NV,2025-09,5396.0,valid,0
NV,2025-10,5890.0,valid,0
NV,2025-11,4378.0,valid,0
NV,2025-12,4928.0,valid,0
NV,2026-01,6434.0,valid,0
NV,2026-02,5821.0,valid,0
NV,2026-03,6016.0,valid,0
NV,2026-04,7439.0,valid,0
NV,2026-05,5583.0,valid,0
NV,2026-06,5441.0,valid,0
NV,2026-07,,missing,0
NV,2026-08,,missing,0
NV,2026-09,,missing,0
NV,2026-10,,missing,0
NV,2026-11,,missing,0
NV,2026-12,,missing,0
NY,2004-07,11773.0,valid,0
NY,2004-08,11868.0,valid,1
NY,2004-09,11397.0,valid,1
NY,2004-10,14221.0,valid,0
NY,2004-11,12796.0,valid,0
NY,2004-12,13375.0,valid,0
NY,2005-01,11617.0,valid,0
NY,2005-02,15133.0,valid,0
NY,2005-03,18554.0,valid,0
NY,2005-04,14364.0,valid,1
NY,2005-05,14732.0,valid,0
NY,2005-06,16804.0,valid,0
NY,2005-07,12185.0,valid,0
NY,2005-08,12061.0,valid,1
NY,2005-09,14255.0,valid,0
NY,2005-10,14355.0,valid,0
NY,2005-11,15867.0,valid,0
NY,2005-12,12810.0,valid,0
NY,2006-01,12192.0,valid,0
NY,2006-02,16307.0,valid,0
NY,2006-03,19989.0,valid,0
NY,2006-04,15041.0,valid,0
NY,2006-05,19090.0,valid,0
NY,2006-06,13760.0,valid,1
NY,2006-07,12547.0,valid,0
NY,2006-08,16240.0,valid,0
NY,2006-09,11952.0,valid,0
NY,2006-10,12181.0,valid,2
NY,2006-11,15242.0,valid,1
NY,2006-12,13611.0,valid,0
NY,2007-01,12382.0,valid,0
NY,2007-02,15605.0,valid,1
NY,2007-03,19357.0,valid,0
NY,2007-04,15310.0,valid,1
NY,2007-05,15552.0,valid,0
NY,2007-06,18093.0,valid,1
NY,2007-07,13016.0,valid,0
NY,2007-08,16912.0,valid,1
NY,2007-09,12500.0,valid,0
NY,2007-10,13859.0,valid,0
NY,2007-11,15840.0,valid,0
NY,2007-12,13424.0,valid,0
NY,2008-01,12692.0,valid,0
NY,2008-02,18182.0,valid,0
NY,2008-03,15829.0,valid,0
NY,2008-04,15486.0,valid,0
NY,2008-05,18460.0,valid,0
NY,2008-06,13266.0,valid,0
NY,2008-07,15697.0,valid,0
NY,2008-08,13737.0,valid,0
NY,2008-09,12316.0,valid,0
NY,2008-10,15623.0,valid,0
NY,2008-11,12244.0,valid,0
NY,2008-12,12379.0,valid,2
NY,2009-01,12090.0,valid,0
NY,2009-02,13473.0,valid,0
NY,2009-03,14866.0,valid,0
NY,2009-04,17712.0,valid,0
NY,2009-05,14210.0,valid,0
NY,2009-06,13483.0,valid,0
NY,2009-07,15997.0,valid,0
NY,2009-08,12470.0,valid,1
NY,2009-09,15488.0,valid,0
NY,2009-10,12721.0,valid,0
NY,2009-11,12880.0,valid,1
NY,2009-12,13972.0,valid,0
NY,2010-01,12764.0,valid,0
NY,2010-02,14770.0,valid,0
NY,2010-03,15463.0,valid,1
NY,2010-04,19839.0,valid,0
NY,2010-05,15630.0,valid,0
NY,2010-06,14632.0,valid,0
NY,2010-07,16704.0,valid,0
NY,2010-08,13767.0,valid,0
NY,2010-09,16898.0,valid,1
NY,2010-10,13981.0,valid,0
NY,2010-11,14435.0,valid,0
NY,2010-12,15262.0,valid,1
NY,2011-01,14342.0,valid,0
NY,2011-02,16357.0,valid,0
NY,2011-03,16454.0,valid,0
NY,2011-04,20401.0,valid,1
NY,2011-05,14466.0,valid,0
NY,2011-06,15316.0,valid,0
NY,2011-07,17737.0,valid,0
NY,2011-08,14127.0,valid,2
NY,2011-09,16254.0,valid,2
NY,2011-10,13172.0,valid,0
NY,2011-11,14116.0,valid,0
NY,2011-12,16276.0,valid,0
NY,2012-01,12002.0,valid,0
NY,2012-02,15664.0,valid,0
NY,2012-03,21362.0,valid,0
NY,2012-04,16432.0,valid,0
NY,2012-05,16153.0,valid,0
NY,2012-06,17958.0,valid,0
NY,2012-07,13351.0,valid,0
NY,2012-08,17051.0,valid,0
NY,2012-09,12863.0,valid,0
NY,2012-10,13798.0,valid,2
NY,2012-11,14549.0,valid,0
NY,2012-12,15840.0,valid,0
NY,2013-01,19202.0,valid,0
NY,2013-02,15901.0,valid,1
NY,2013-03,17369.0,valid,0
NY,2013-04,16325.0,valid,0
NY,2013-05,18718.0,valid,0
NY,2013-06,15460.0,valid,1
NY,2013-07,17099.0,valid,0
NY,2013-08,14379.0,valid,0
NY,2013-09,12929.0,valid,0
NY,2013-10,18571.0,valid,0
NY,2013-11,14046.0,valid,0
NY,2013-12,13028.0,valid,0
NY,2014-01,17483.0,valid,0
NY,2014-02,15985.0,valid,0
NY,2014-03,17896.0,valid,0
NY,2014-04,16767.0,valid,0
NY,2014-05,19684.0,valid,1
NY,2014-06,15461.0,valid,0
NY,2014-07,17412.0,valid,0
NY,2014-08,14443.0,valid,0
NY,2014-09,14370.0,valid,0
NY,2014-10,17784.0,valid,0
NY,2014-11,13609.0,valid,1
NY,2014-12,14013.0,valid,0
NY,2015-01,17483.0,valid,0
NY,2015-02,16683.0,valid,0
NY,2015-03,17973.0,valid,0
NY,2015-04,20603.0,valid,0
NY,2015-05,15518.0,valid,0
NY,2015-06,16169.0,valid,0
NY,2015-07,18305.0,valid,0
NY,2015-08,14697.0,valid,0
NY,2015-09,17597.0,valid,0
NY,2015-10,15114.0,valid,0
NY,2015-11,13834.0,valid,0
NY,2015-12,14996.0,valid,0
NY,2016-01,18147.0,valid,0
NY,2016-02,16842.0,valid,0
NY,2016-03,22280.0,valid,0
NY,2016-04,17180.0,valid,0
NY,2016-05,17116.0,valid,0
NY,2016-06,17676.0,valid,0
NY,2016-07,15414.0,valid,0
NY,2016-08,18242.0,valid,0
NY,2016-09,15095.0,valid,0
NY,2016-10,13982.0,valid,0
NY,2016-11,17490.0,valid,0
NY,2016-12,12898.0,valid,0
NY,2017-01,18057.0,valid,0
NY,2017-02,17451.0,valid,0
NY,2017-03,23856.0,valid,1
NY,2017-04,17834.0,valid,0
NY,2017-05,21239.0,valid,1
NY,2017-06,17775.0,valid,0
NY,2017-07,15426.0,valid,0
NY,2017-08,20063.0,valid,0
NY,2017-09,15268.0,valid,0
NY,2017-10,15560.0,valid,0
NY,2017-11,19153.0,valid,0
NY,2017-12,13054.0,valid,0
NY,2018-01,20052.0,valid,0
NY,2018-02,19122.0,valid,0
NY,2018-03,25170.0,valid,0
NY,2018-04,18733.0,valid,0
NY,2018-05,22746.0,valid,0
NY,2018-06,18103.0,valid,0
NY,2018-07,16240.0,valid,0
NY,2018-08,20602.0,valid,1
NY,2018-09,16289.0,valid,0
NY,2018-10,16419.0,valid,0
NY,2018-11,19282.0,valid,0
NY,2018-12,14051.0,valid,0
NY,2019-01,22526.0,valid,0
NY,2019-02,19895.0,valid,0
NY,2019-03,21222.0,valid,0
NY,2019-04,19814.0,valid,0
NY,2019-05,22786.0,valid,0
NY,2019-06,18065.0,valid,0
NY,2019-07,15647.0,valid,0
NY,2019-08,20720.0,valid,0
NY,2019-09,16729.0,valid,0
NY,2019-10,20582.0,valid,1
NY,2019-11,15858.0,valid,0
NY,2019-12,14800.0,valid,0
NY,2020-01,23199.0,valid,4
NY,2020-02,20019.0,valid,0
NY,2020-03,16785.0,valid,0
NY,2020-04,15024.0,valid,0
NY,2020-05,14734.0,valid,0
NY,2020-06,18870.0,valid,0
NY,2020-07,31060.0,valid,0
NY,2020-08,25438.0,valid,1
NY,2020-09,28730.0,valid,0
NY,2020-10,21459.0,valid,0
NY,2020-11,19499.0,valid,0
NY,2020-12,18753.0,valid,0
NY,2021-01,29530.0,valid,0
NY,2021-02,25005.0,valid,0
NY,2021-03,34567.0,valid,0
NY,2021-04,28298.0,valid,0
NY,2021-05,25833.0,valid,0
NY,2021-06,27742.0,valid,0
NY,2021-07,21315.0,valid,0
NY,2021-08,22257.0,valid,2
NY,2021-09,26910.0,valid,2
NY,2021-10,22604.0,valid,0
NY,2021-11,21187.0,valid,0
NY,2021-12,24130.0,valid,0
NY,2022-01,29837.0,valid,0
NY,2022-02,25816.0,valid,0
NY,2022-03,33760.0,valid,0
NY,2022-04,23850.0,valid,0
NY,2022-05,23519.0,valid,0
NY,2022-06,26555.0,valid,0
NY,2022-07,20872.0,valid,0
NY,2022-08,26864.0,valid,0
NY,2022-09,21958.0,valid,0
NY,2022-10,21218.0,valid,0
NY,2022-11,25341.0,valid,1
NY,2022-12,17611.0,valid,2
NY,2023-01,25331.0,valid,0
NY,2023-02,25743.0,valid,0
NY,2023-03,35403.0,valid,0
NY,2023-04,24514.0,valid,0
NY,2023-05,30074.0,valid,0
NY,2023-06,24290.0,valid,0
NY,2023-07,23279.0,valid,1
NY,2023-08,29876.0,valid,0
NY,2023-09,23009.0,valid,1
NY,2023-10,23453.0,valid,0
NY,2023-11,28277.0,valid,0
NY,2023-12,19028.0,valid,0
NY,2024-01,34017.0,valid,0
NY,2024-02,24612.0,valid,0
NY,2024-03,25745.0,valid,0
NY,2024-04,23653.0,valid,0
NY,2024-05,28504.0,valid,0
NY,2024-06,22084.0,valid,0
NY,2024-07,25858.0,valid,1
NY,2024-08,21417.0,valid,4
NY,2024-09,21147.0,valid,0
NY,2024-10,25586.0,valid,0
NY,2024-11,20227.0,valid,1
NY,2024-12,19034.0,valid,0
NY,2025-01,28144.0,valid,0
NY,2025-02,23817.0,valid,0
NY,2025-03,27035.0,valid,0
NY,2025-04,30154.0,valid,0
NY,2025-05,23122.0,valid,0
NY,2025-06,23479.0,valid,0
NY,2025-07,26948.0,valid,0
NY,2025-08,22755.0,valid,0
NY,2025-09,22874.0,valid,0
NY,2025-10,26970.0,valid,0
NY,2025-11,21937.0,valid,0
NY,2025-12,23812.0,valid,0
NY,2026-01,28935.0,valid,0
NY,2026-02,26612.0,valid,0
NY,2026-03,28069.0,valid,0
NY,2026-04,33270.0,valid,0
NY,2026-05,26248.0,valid,0
NY,2026-06,25512.0,valid,0
NY,2026-07,,missing,0
NY,2026-08,,missing,0
NY,2026-09,,missing,0
NY,2026-10,,missing,0
NY,2026-11,,missing,0
NY,2026-12,,missing,0
OH,2004-07,4522.0,valid,0
OH,2004-08,4629.0,valid,1
OH,2004-09,4442.0,valid,0
OH,2004-10,5646.0,valid,0
OH,2004-11,4803.0,valid,0
OH,2004-12,5223.0,valid,2
OH,2005-01,4511.0,valid,0
OH,2005-02,5926.0,valid,0
OH,2005-03,7322.0,valid,0
OH,2005-04,5449.0,valid,0
OH,2005-05,5808.0,valid,0
OH,2005-06,6270.0,valid,0
OH,2005-07,4774.0,valid,0
OH,2005-08,4615.0,valid,1
OH,2005-09,5520.0,valid,0
OH,2005-10,5214.0,valid,0
OH,2005-11,5875.0,valid,0
OH,2005-12,4707.0,valid,0
OH,2006-01,4917.0,valid,0
OH,2006-02,6325.0,valid,0
OH,2006-03,7830.0,valid,0
OH,2006-04,5780.0,valid,0
OH,2006-05,6882.0,valid,0
OH,2006-06,4820.0,valid,1
OH,2006-07,4515.0,valid,1
OH,2006-08,5994.0,valid,0
OH,2006-09,4783.0,valid,0
OH,2006-10,4524.0,valid,0
OH,2006-11,5397.0,valid,0
OH,2006-12,4879.0,valid,0
OH,2007-01,4739.0,valid,0
OH,2007-02,5589.0,valid,0
OH,2007-03,7215.0,valid,0
OH,2007-04,5801.0,valid,0
OH,2007-05,5788.0,valid,0
OH,2007-06,6445.0,valid,0
OH,2007-07,4768.0,valid,0
OH,2007-08,6270.0,valid,1
OH,2007-09,4999.0,valid,0
OH,2007-10,5342.0,valid,0
OH,2007-11,5973.0,valid,0
OH,2007-12,4846.0,valid,0
OH,2008-01,4605.0,valid,0
OH,2008-02,7347.0,valid,0
OH,2008-03,6037.0,valid,1
OH,2008-04,6187.0,valid,0
OH,2008-05,7036.0,valid,0
OH,2008-06,4979.0,valid,0
OH,2008-07,5826.0,valid,0
OH,2008-08,5351.0,valid,0
OH,2008-09,4933.0,valid,1
OH,2008-10,6124.0,valid,0
OH,2008-11,4800.0,valid,0
OH,2008-12,5025.0,valid,0
OH,2009-01,5099.0,valid,0
OH,2009-02,5622.0,valid,0
OH,2009-03,6076.0,valid,0
OH,2009-04,7384.0,valid,0
OH,2009-05,5365.0,valid,0
OH,2009-06,4887.0,valid,0
OH,2009-07,5998.0,valid,0
OH,2009-08,4885.0,valid,0
OH,2009-09,6411.0,valid,0
OH,2009-10,5048.0,valid,0
OH,2009-11,4828.0,valid,0
OH,2009-12,5895.0,valid,0
OH,2010-01,5043.0,valid,0
OH,2010-02,5922.0,valid,0
OH,2010-03,6255.0,valid,0
OH,2010-04,7623.0,valid,0
OH,2010-05,5722.0,valid,0
OH,2010-06,5152.0,valid,0
OH,2010-07,6204.0,valid,0
OH,2010-08,4989.0,valid,0
OH,2010-09,6699.0,valid,0
OH,2010-10,5036.0,valid,0
OH,2010-11,5317.0,valid,0
OH,2010-12,5564.0,valid,0
OH,2011-01,5849.0,valid,0
OH,2011-02,6529.0,valid,0
OH,2011-03,6517.0,valid,0
OH,2011-04,7981.0,valid,1
OH,2011-05,5024.0,valid,0
OH,2011-06,5489.0,valid,0
OH,2011-07,6552.0,valid,0
OH,2011-08,5127.0,valid,0
OH,2011-09,6550.0,valid,0
OH,2011-10,4958.0,valid,0
OH,2011-11,5405.0,valid,0
OH,2011-12,6404.0,valid,0
OH,2012-01,4956.0,valid,0
OH,2012-02,6468.0,valid,0
OH,2012-03,8510.0,valid,0
OH,2012-04,6373.0,valid,0
OH,2012-05,5928.0,valid,0
OH,2012-06,6492.0,valid,2
OH,2012-07,4901.0,valid,0
OH,2012-08,6465.0,valid,0
OH,2012-09,5043.0,valid,0
OH,2012-10,5163.0,valid,1
OH,2012-11,5934.0,valid,0
OH,2012-12,5629.0,valid,0
OH,2013-01,7318.0,valid,0
OH,2013-02,6133.0,valid,0
OH,2013-03,6605.0,valid,0
OH,2013-04,6236.0,valid,0
OH,2013-05,6546.0,valid,0
OH,2013-06,5364.0,valid,0
OH,2013-07,6324.0,valid,0
OH,2013-08,5327.0,valid,0
OH,2013-09,4722.0,valid,0
OH,2013-10,6422.0,valid,0
OH,2013-11,4874.0,valid,0
OH,2013-12,4594.0,valid,0
OH,2014-01,6844.0,valid,0
OH,2014-02,6228.0,valid,0
OH,2014-03,6562.0,valid,0
OH,2014-04,6330.0,valid,0
OH,2014-05,6852.0,valid,0
OH,2014-06,5306.0,valid,0
OH,2014-07,6251.0,valid,0
OH,2014-08,5274.0,valid,0
OH,2014-09,5400.0,valid,0
OH,2014-10,6481.0,valid,0
OH,2014-11,4575.0,valid,0
OH,2014-12,4972.0,valid,0
OH,2015-01,6627.0,valid,0
OH,2015-02,6103.0,valid,0
OH,2015-03,6713.0,valid,0
OH,2015-04,7731.0,valid,0
OH,2015-05,5342.0,valid,0
OH,2015-06,5398.0,valid,0
OH,2015-07,6953.0,valid,0
OH,2015-08,5535.0,valid,0
OH,2015-09,6994.0,valid,0
OH,2015-10,5408.0,valid,0
OH,2015-11,4981.0,valid,0
OH,2015-12,5402.0,valid,0
OH,2016-01,7036.0,valid,0
OH,2016-02,6849.0,valid,0
OH,2016-03,8511.0,valid,0
OH,2016-04,6658.0,valid,0
OH,2016-05,6029.0,valid,0
OH,2016-06,6252.0,valid,0
OH,2016-07,5665.0,valid,0
OH,2016-08,6981.0,valid,0
OH,2016-09,5727.0,valid,0
OH,2016-10,5350.0,valid,0
OH,2016-11,6610.0,valid,0
OH,2016-12,4970.0,valid,0
OH,2017-01,7197.0,valid,0
OH,2017-02,7704.0,valid,0
OH,2017-03,9817.0,valid,0
OH,2017-04,7103.0,valid,0
OH,2017-05,8180.0,valid,0
OH,2017-06,6430.0,valid,0
OH,2017-07,5978.0,valid,0
OH,2017-08,8115.0,valid,0
OH,2017-09,6164.0,valid,0
OH,2017-10,6131.0,valid,0
OH,2017-11,7427.0,valid,0
OH,2017-12,5095.0,valid,0
OH,2018-01,7633.0,valid,0
OH,2018-02,8008.0,valid,1
OH,2018-03,10247.0,valid,0
OH,2018-04,7701.0,valid,0
OH,2018-05,9163.0,valid,0
OH,2018-06,7089.0,valid,0
OH,2018-07,6396.0,valid,0
OH,2018-08,8683.0,valid,0
OH,2018-09,6587.0,valid,0
OH,2018-10,6457.0,valid,0
OH,2018-11,7461.0,valid,0
OH,2018-12,5615.0,valid,0
OH,2019-01,9926.0,valid,0
OH,2019-02,8449.0,valid,1
OH,2019-03,9003.0,valid,0
OH,2019-04,8163.0,valid,0
OH,2019-05,9006.0,valid,1
OH,2019-06,7041.0,valid,0
OH,2019-07,6559.0,valid,0
OH,2019-08,9042.0,valid,0
OH,2019-09,6747.0,valid,0
OH,2019-10,8834.0,valid,0
OH,2019-11,6220.0,valid,0
OH,2019-12,6013.0,valid,0
OH,2020-01,9698.0,valid,2
OH,2020-02,9035.0,valid,0
OH,2020-03,8061.0,valid,0
OH,2020-04,9391.0,valid,0
OH,2020-05,8645.0,valid,0
OH,2020-06,9896.0,valid,0
OH,2020-07,17731.0,valid,0
OH,2020-08,13549.0,valid,0
OH,2020-09,13142.0,valid,0
OH,2020-10,9907.0,valid,0
OH,2020-11,9598.0,valid,0
OH,2020-12,8573.0,valid,0
OH,2021-01,14493.0,valid,0
OH,2021-02,13640.0,valid,0
OH,2021-03,17397.0,valid,0
OH,2021-04,15798.0,valid,0
OH,2021-05,15784.0,valid,0
OH,2021-06,14685.0,valid,0
OH,2021-07,10857.0,valid,0
OH,2021-08,10776.0,valid,0
OH,2021-09,12791.0,valid,0
OH,2021-10,9973.0,valid,0
OH,2021-11,8911.0,valid,0
OH,2021-12,10340.0,valid,0
OH,2022-01,12565.0,valid,0
OH,2022-02,12436.0,valid,0
OH,2022-03,15790.0,valid,0
OH,2022-04,13505.0,valid,0
OH,2022-05,11058.0,valid,0
OH,2022-06,11625.0,valid,0
OH,2022-07,10297.0,valid,0
OH,2022-08,12635.0,valid,0
OH,2022-09,9921.0,valid,0
OH,2022-10,10425.0,valid,0
OH,2022-11,11637.0,valid,0
OH,2022-12,8083.0,valid,0
OH,2023-01,12803.0,valid,0
OH,2023-02,13001.0,valid,0
OH,2023-03,17093.0,valid,0
OH,2023-04,12133.0,valid,0
OH,2023-05,14076.0,valid,0
OH,2023-06,11651.0,valid,0
OH,2023-07,11027.0,valid,0
OH,2023-08,14742.0,valid,0
OH,2023-09,10742.0,valid,0
OH,2023-10,10781.0,valid,0
OH,2023-11,12030.0,valid,0
OH,2023-12,8158.0,valid,0
OH,2024-01,16859.0,valid,0
OH,2024-02,12666.0,valid,0
OH,2024-03,13896.0,valid,1
OH,2024-04,13426.0,valid,0
OH,2024-05,13205.0,valid,0
OH,2024-06,10545.0,valid,0
OH,2024-07,12710.0,valid,0
OH,2024-08,10699.0,valid,0
OH,2024-09,10222.0,valid,0
OH,2024-10,12974.0,valid,0
OH,2024-11,9569.0,valid,0
OH,2024-12,8891.0,valid,0
OH,2025-01,13786.0,valid,0
OH,2025-02,12391.0,valid,0
OH,2025-03,13258.0,valid,0
OH,2025-04,17051.0,valid,0
OH,2025-05,12255.0,valid,0
OH,2025-06,12024.0,valid,0
OH,2025-07,16788.0,valid,0
OH,2025-08,11627.0,valid,0
OH,2025-09,13313.0,valid,0
OH,2025-10,18201.0,valid,0
OH,2025-11,14232.0,valid,0
OH,2025-12,13281.0,valid,0
OH,2026-01,17406.0,valid,0
OH,2026-02,14052.0,valid,0
OH,2026-03,14376.0,valid,0
OH,2026-04,17896.0,valid,0
OH,2026-05,14480.0,valid,0
OH,2026-06,15713.0,valid,0
OH,2026-07,,missing,0
OH,2026-08,,missing,0
OH,2026-09,,missing,0
OH,2026-10,,missing,0
OH,2026-11,,missing,0
OH,2026-12,,missing,0
OK,2004-07,1865.0,valid,0
OK,2004-08,1954.0,valid,0
OK,2004-09,1921.0,valid,0
OK,2004-10,2344.0,valid,0
OK,2004-11,1912.0,valid,0
OK,2004-12,2040.0,valid,0
OK,2005-01,1877.0,valid,0
OK,2005-02,2479.0,valid,0
OK,2005-03,3039.0,valid,0
OK,2005-04,2221.0,valid,0
OK,2005-05,2007.0,valid,0
OK,2005-06,2434.0,valid,0
OK,2005-07,1894.0,valid,0
OK,2005-08,2097.0,valid,1
OK,2005-09,2077.0,valid,0
OK,2005-10,2208.0,valid,0
OK,2005-11,2593.0,valid,5
OK,2005-12,1833.0,valid,3
OK,2006-01,2182.0,valid,19
OK,2006-02,2577.0,valid,0
OK,2006-03,3037.0,valid,1
OK,2006-04,2374.0,valid,3
OK,2006-05,2801.0,valid,0
OK,2006-06,2137.0,valid,0
OK,2006-07,1920.0,valid,0
OK,2006-08,2676.0,valid,0
OK,2006-09,2034.0,valid,0
OK,2006-10,1938.0,valid,0
OK,2006-11,2238.0,valid,0
OK,2006-12,1874.0,valid,1
OK,2007-01,1838.0,valid,2
OK,2007-02,2393.0,valid,0
OK,2007-03,3229.0,valid,0
OK,2007-04,2424.0,valid,0
OK,2007-05,2265.0,valid,2
OK,2007-06,2657.0,valid,1
OK,2007-07,1884.0,valid,0
OK,2007-08,2581.0,valid,1
OK,2007-09,2128.0,valid,0
OK,2007-10,2243.0,valid,0
OK,2007-11,2371.0,valid,0
OK,2007-12,1900.0,valid,2
OK,2008-01,2122.0,valid,0
OK,2008-02,3184.0,valid,1
OK,2008-03,2526.0,valid,2
OK,2008-04,2605.0,valid,1
OK,2008-05,2989.0,valid,1
OK,2008-06,2173.0,valid,2
OK,2008-07,2506.0,valid,0
OK,2008-08,2254.0,valid,0
OK,2008-09,2263.0,valid,1
OK,2008-10,2541.0,valid,0
OK,2008-11,1978.0,valid,0
OK,2008-12,2036.0,valid,0
OK,2009-01,2077.0,valid,1
OK,2009-02,2212.0,valid,1
OK,2009-03,2408.0,valid,2
OK,2009-04,2762.0,valid,6
OK,2009-05,2095.0,valid,0
OK,2009-06,2068.0,valid,0
OK,2009-07,2501.0,valid,0
OK,2009-08,2050.0,valid,0
OK,2009-09,2482.0,valid,0
OK,2009-10,1935.0,valid,0
OK,2009-11,1845.0,valid,0
OK,2009-12,2069.0,valid,1
OK,2010-01,2015.0,valid,2
OK,2010-02,2235.0,valid,0
OK,2010-03,2425.0,valid,0
OK,2010-04,2871.0,valid,0
OK,2010-05,2289.0,valid,1
OK,2010-06,2096.0,valid,1
OK,2010-07,2588.0,valid,0
OK,2010-08,2173.0,valid,0
OK,2010-09,2518.0,valid,0
OK,2010-10,2022.0,valid,0
OK,2010-11,2053.0,valid,0
OK,2010-12,2135.0,valid,0
OK,2011-01,2468.0,valid,2
OK,2011-02,2282.0,valid,0
OK,2011-03,2559.0,valid,5
OK,2011-04,2879.0,valid,6
OK,2011-05,1882.0,valid,1
OK,2011-06,2074.0,valid,1
OK,2011-07,2627.0,valid,3
OK,2011-08,2184.0,valid,11
OK,2011-09,2541.0,valid,1
OK,2011-10,1938.0,valid,0
OK,2011-11,2035.0,valid,0
OK,2011-12,2312.0,valid,0
OK,2012-01,1916.0,valid,0
OK,2012-02,2510.0,valid,0
OK,2012-03,3299.0,valid,0
OK,2012-04,2458.0,valid,1
OK,2012-05,2293.0,valid,0
OK,2012-06,2561.0,valid,0
OK,2012-07,1992.0,valid,1
OK,2012-08,2684.0,valid,7
OK,2012-09,1916.0,valid,0
OK,2012-10,2001.0,valid,0
OK,2012-11,2248.0,valid,0
OK,2012-12,2280.0,valid,0
OK,2013-01,3173.0,valid,0
OK,2013-02,2521.0,valid,1
OK,2013-03,2539.0,valid,0
OK,2013-04,2372.0,valid,0
OK,2013-05,2494.0,valid,1
OK,2013-06,2157.0,valid,0
OK,2013-07,2735.0,valid,0
OK,2013-08,2323.0,valid,0
OK,2013-09,2041.0,valid,0
OK,2013-10,2584.0,valid,0
OK,2013-11,1958.0,valid,0
OK,2013-12,1749.0,valid,1
OK,2014-01,2974.0,valid,0
OK,2014-02,2589.0,valid,0
OK,2014-03,2458.0,valid,0
OK,2014-04,2489.0,valid,0
OK,2014-05,2840.0,valid,1
OK,2014-06,2197.0,valid,0
OK,2014-07,2667.0,valid,0
OK,2014-08,2430.0,valid,0
OK,2014-09,2200.0,valid,0
OK,2014-10,2650.0,valid,0
OK,2014-11,1866.0,valid,0
OK,2014-12,2041.0,valid,0
OK,2015-01,2779.0,valid,0
OK,2015-02,2557.0,valid,0
OK,2015-03,2377.0,valid,0
OK,2015-04,3044.0,valid,0
OK,2015-05,2330.0,valid,1
OK,2015-06,2309.0,valid,0
OK,2015-07,2769.0,valid,0
OK,2015-08,2309.0,valid,0
OK,2015-09,2732.0,valid,0
OK,2015-10,2198.0,valid,0
OK,2015-11,2023.0,valid,2
OK,2015-12,2271.0,valid,1
OK,2016-01,2991.0,valid,1
OK,2016-02,2706.0,valid,1
OK,2016-03,3476.0,valid,0
OK,2016-04,2774.0,valid,1
OK,2016-05,2637.0,valid,0
OK,2016-06,2753.0,valid,1
OK,2016-07,2556.0,valid,0
OK,2016-08,3249.0,valid,0
OK,2016-09,2348.0,valid,0
OK,2016-10,2305.0,valid,0
OK,2016-11,2794.0,valid,0
OK,2016-12,2080.0,valid,0
OK,2017-01,3158.0,valid,1
OK,2017-02,3151.0,valid,2
OK,2017-03,4058.0,valid,1
OK,2017-04,2944.0,valid,1
OK,2017-05,3488.0,valid,1
OK,2017-06,2795.0,valid,0
OK,2017-07,2506.0,valid,0
OK,2017-08,3383.0,valid,0
OK,2017-09,2572.0,valid,0
OK,2017-10,2524.0,valid,0
OK,2017-11,2964.0,valid,0
OK,2017-12,2087.0,valid,0
OK,2018-01,3425.0,valid,0
OK,2018-02,3215.0,valid,0
OK,2018-03,4277.0,valid,1
OK,2018-04,3356.0,valid,3
OK,2018-05,3671.0,valid,0
OK,2018-06,2977.0,valid,0
OK,2018-07,3002.0,valid,0
OK,2018-08,4313.0,valid,0
OK,2018-09,3020.0,valid,0
OK,2018-10,2791.0,valid,0
OK,2018-11,3253.0,valid,0
OK,2018-12,2627.0,valid,0
OK,2019-01,4327.0,valid,0
OK,2019-02,3774.0,valid,0
OK,2019-03,3746.0,valid,0
OK,2019-04,3415.0,valid,1
OK,2019-05,3771.0,valid,3
OK,2019-06,3232.0,valid,0
OK,2019-07,3006.0,valid,0
OK,2019-08,4163.0,valid,0
OK,2019-09,2947.0,valid,0
OK,2019-10,3529.0,valid,0
OK,2019-11,2621.0,valid,2
OK,2019-12,2501.0,valid,0
OK,2020-01,4121.0,valid,17
OK,2020-02,3533.0,valid,0
OK,2020-03,3191.0,valid,1
OK,2020-04,3559.0,valid,0
OK,2020-05,3346.0,valid,0
OK,2020-06,3607.0,valid,0
OK,2020-07,5170.0,valid,0
OK,2020-08,4279.0,valid,0
OK,2020-09,4820.0,valid,0
OK,2020-10,3601.0,valid,1
OK,2020-11,3193.0,valid,0
OK,2020-12,3357.0,valid,0
OK,2021-01,5721.0,valid,0
OK,2021-02,4675.0,valid,2
OK,2021-03,6653.0,valid,0
OK,2021-04,5459.0,valid,0
OK,2021-05,5147.0,valid,0
OK,2021-06,5383.0,valid,0
OK,2021-07,4020.0,valid,0
OK,2021-08,4252.0,valid,0
OK,2021-09,4951.0,valid,0
OK,2021-10,3853.0,valid,0
OK,2021-11,3611.0,valid,0
OK,2021-12,4207.0,valid,1
OK,2022-01,4806.0,valid,0
OK,2022-02,4949.0,valid,0
OK,2022-03,6581.0,valid,0
OK,2022-04,4727.0,valid,0
OK,2022-05,4459.0,valid,2
OK,2022-06,5000.0,valid,0
OK,2022-07,4496.0,valid,0
OK,2022-08,5416.0,valid,0
OK,2022-09,3821.0,valid,0
OK,2022-10,3670.0,valid,0
OK,2022-11,4285.0,valid,0
OK,2022-12,3117.0,valid,1
OK,2023-01,5037.0,valid,0
OK,2023-02,4536.0,valid,0
OK,2023-03,6344.0,valid,3
OK,2023-04,4504.0,valid,1
OK,2023-05,5338.0,valid,0
OK,2023-06,4466.0,valid,1
OK,2023-07,4653.0,valid,0
OK,2023-08,5819.0,valid,0
OK,2023-09,4572.0,valid,0
OK,2023-10,4292.0,valid,0
OK,2023-11,4909.0,valid,0
OK,2023-12,3434.0,valid,0
OK,2024-01,5977.0,valid,0
OK,2024-02,4493.0,valid,1
OK,2024-03,4767.0,valid,1
OK,2024-04,4547.0,valid,2
OK,2024-05,5211.0,valid,1
OK,2024-06,4528.0,valid,0
OK,2024-07,4751.0,valid,0
OK,2024-08,4045.0,valid,0
OK,2024-09,3740.0,valid,0
OK,2024-10,4780.0,valid,2
OK,2024-11,3419.0,valid,1
OK,2024-12,3387.0,valid,0
OK,2025-01,5113.0,valid,0
OK,2025-02,4284.0,valid,0
OK,2025-03,5466.0,valid,15
OK,2025-04,5988.0,valid,0
OK,2025-05,4234.0,valid,0
OK,2025-06,4413.0,valid,0
OK,2025-07,4976.0,valid,0
OK,2025-08,4290.0,valid,0
OK,2025-09,4123.0,valid,0
OK,2025-10,5555.0,valid,0
OK,2025-11,3941.0,valid,0
OK,2025-12,4472.0,valid,1
OK,2026-01,6695.0,valid,0
OK,2026-02,10034.0,valid,5
OK,2026-03,5792.0,valid,4
OK,2026-04,6922.0,valid,0
OK,2026-05,4941.0,valid,0
OK,2026-06,4964.0,valid,0
OK,2026-07,,missing,0
OK,2026-08,,missing,0
OK,2026-09,,missing,0
OK,2026-10,,missing,0
OK,2026-11,,missing,0
OK,2026-12,,missing,0
OR,2004-07,1871.0,valid,0
OR,2004-08,1881.0,valid,2
OR,2004-09,1748.0,valid,0
OR,2004-10,2427.0,valid,0
OR,2004-11,1923.0,valid,0
OR,2004-12,2401.0,valid,0
OR,2005-01,2237.0,valid,0
OR,2005-02,2598.0,valid,0
OR,2005-03,3096.0,valid,0
OR,2005-04,2532.0,valid,0
OR,2005-05,2335.0,valid,0
OR,2005-06,2761.0,valid,0
OR,2005-07,2088.0,valid,0
OR,2005-08,2206.0,valid,2
OR,2005-09,2022.0,valid,0
OR,2005-10,2298.0,valid,0
OR,2005-11,2934.0,valid,0
OR,2005-12,2323.0,valid,1
OR,2006-01,2524.0,valid,0
OR,2006-02,2978.0,valid,0
OR,2006-03,3695.0,valid,0
OR,2006-04,2819.0,valid,0
OR,2006-05,3308.0,valid,0
OR,2006-06,2506.0,valid,0
OR,2006-07,2245.0,valid,2
OR,2006-08,3000.0,valid,0
OR,2006-09,2170.0,valid,0
OR,2006-10,2199.0,valid,0
OR,2006-11,2535.0,valid,1
OR,2006-12,2517.0,valid,1
OR,2007-01,2453.0,valid,0
OR,2007-02,3138.0,valid,0
OR,2007-03,3629.0,valid,0
OR,2007-04,2840.0,valid,0
OR,2007-05,2672.0,valid,0
OR,2007-06,3136.0,valid,0
OR,2007-07,2319.0,valid,1
OR,2007-08,2938.0,valid,0
OR,2007-09,2357.0,valid,1
OR,2007-10,2459.0,valid,0
OR,2007-11,2667.0,valid,0
OR,2007-12,2414.0,valid,1
OR,2008-01,2438.0,valid,0
OR,2008-02,3565.0,valid,0
OR,2008-03,3108.0,valid,0
OR,2008-04,2764.0,valid,0
OR,2008-05,3253.0,valid,0
OR,2008-06,2395.0,valid,0
OR,2008-07,2772.0,valid,0
OR,2008-08,2356.0,valid,0
OR,2008-09,2182.0,valid,1
OR,2008-10,2726.0,valid,0
OR,2008-11,2186.0,valid,0
OR,2008-12,2143.0,valid,1
OR,2009-01,2393.0,valid,0
OR,2009-02,2735.0,valid,0
OR,2009-03,2653.0,valid,0
OR,2009-04,3067.0,valid,0
OR,2009-05,2331.0,valid,0
OR,2009-06,2137.0,valid,0
OR,2009-07,2478.0,valid,0
OR,2009-08,1965.0,valid,1
OR,2009-09,2568.0,valid,1
OR,2009-10,2044.0,valid,0
OR,2009-11,2116.0,valid,0
OR,2009-12,2302.0,valid,0
OR,2010-01,2389.0,valid,0
OR,2010-02,2722.0,valid,0
OR,2010-03,2583.0,valid,0
OR,2010-04,2988.0,valid,0
OR,2010-05,2423.0,valid,0
OR,2010-06,2265.0,valid,0
OR,2010-07,2552.0,valid,0
OR,2010-08,2081.0,valid,0
OR,2010-09,2497.0,valid,0
OR,2010-10,2080.0,valid,0
OR,2010-11,2173.0,valid,0
OR,2010-12,2299.0,valid,0
OR,2011-01,2596.0,valid,1
OR,2011-02,2855.0,valid,0
OR,2011-03,2548.0,valid,1
OR,2011-04,3132.0,valid,0
OR,2011-05,2027.0,valid,0
OR,2011-06,2208.0,valid,0
OR,2011-07,2586.0,valid,0
OR,2011-08,2072.0,valid,0
OR,2011-09,2428.0,valid,0
OR,2011-10,2062.0,valid,0
OR,2011-11,2079.0,valid,0
OR,2011-12,2389.0,valid,0
OR,2012-01,2166.0,valid,1
OR,2012-02,2587.0,valid,0
OR,2012-03,3302.0,valid,0
OR,2012-04,2536.0,valid,0
OR,2012-05,2247.0,valid,0
OR,2012-06,2641.0,valid,0
OR,2012-07,1961.0,valid,0
OR,2012-08,2429.0,valid,0
OR,2012-09,1922.0,valid,0
OR,2012-10,1972.0,valid,0
OR,2012-11,2353.0,valid,0
OR,2012-12,2347.0,valid,0
OR,2013-01,3272.0,valid,0
OR,2013-02,2592.0,valid,0
OR,2013-03,2588.0,valid,0
OR,2013-04,2408.0,valid,0
OR,2013-05,2718.0,valid,0
OR,2013-06,2149.0,valid,0
OR,2013-07,2655.0,valid,3
OR,2013-08,2143.0,valid,1
OR,2013-09,1983.0,valid,0
OR,2013-10,2636.0,valid,0
OR,2013-11,2005.0,valid,0
OR,2013-12,2106.0,valid,0
OR,2014-01,3322.0,valid,0
OR,2014-02,2345.0,valid,1
OR,2014-03,3019.0,valid,0
OR,2014-04,2604.0,valid,0
OR,2014-05,2939.0,valid,0
OR,2014-06,2342.0,valid,1
OR,2014-07,2640.0,valid,2
OR,2014-08,2069.0,valid,1
OR,2014-09,2042.0,valid,1
OR,2014-10,2724.0,valid,0
OR,2014-11,1989.0,valid,0
OR,2014-12,2262.0,valid,0
OR,2015-01,3171.0,valid,0
OR,2015-02,2873.0,valid,0
OR,2015-03,2960.0,valid,0
OR,2015-04,3511.0,valid,0
OR,2015-05,2582.0,valid,0
OR,2015-06,2608.0,valid,0
OR,2015-07,3113.0,valid,1
OR,2015-08,2548.0,valid,4
OR,2015-09,3140.0,valid,1
OR,2015-10,2611.0,valid,0
OR,2015-11,2364.0,valid,0
OR,2015-12,2715.0,valid,1
OR,2016-01,3650.0,valid,0
OR,2016-02,3352.0,valid,0
OR,2016-03,3984.0,valid,0
OR,2016-04,2934.0,valid,0
OR,2016-05,2749.0,valid,0
OR,2016-06,3050.0,valid,1
OR,2016-07,2548.0,valid,0
OR,2016-08,3214.0,valid,1
OR,2016-09,2530.0,valid,0
OR,2016-10,2615.0,valid,0
OR,2016-11,3054.0,valid,0
OR,2016-12,2294.0,valid,1
OR,2017-01,3188.0,valid,1
OR,2017-02,3435.0,valid,0
OR,2017-03,4421.0,valid,0
OR,2017-04,3198.0,valid,0
OR,2017-05,3657.0,valid,0
OR,2017-06,3044.0,valid,0
OR,2017-07,2649.0,valid,0
OR,2017-08,3334.0,valid,3
OR,2017-09,2804.0,valid,1
OR,2017-10,2705.0,valid,0
OR,2017-11,3304.0,valid,0
OR,2017-12,2483.0,valid,0
OR,2018-01,4079.0,valid,0
OR,2018-02,3733.0,valid,0
OR,2018-03,4673.0,valid,0
OR,2018-04,3433.0,valid,0
OR,2018-05,4047.0,valid,0
OR,2018-06,3175.0,valid,1
OR,2018-07,2660.0,valid,2
OR,2018-08,3715.0,valid,2
OR,2018-09,2991.0,valid,1
OR,2018-10,2871.0,valid,0
OR,2018-11,3421.0,valid,0
OR,2018-12,2591.0,valid,0
OR,2019-01,4310.0,valid,0
OR,2019-02,3678.0,valid,1
OR,2019-03,3601.0,valid,0
OR,2019-04,3224.0,valid,1
OR,2019-05,3843.0,valid,0
OR,2019-06,2920.0,valid,0
OR,2019-07,2673.0,valid,1
OR,2019-08,3337.0,valid,0
OR,2019-09,2757.0,valid,0
OR,2019-10,3545.0,valid,0
OR,2019-11,2701.0,valid,0
OR,2019-12,2653.0,valid,0
OR,2020-01,4265.0,valid,2
OR,2020-02,3435.0,valid,1
OR,2020-03,3108.0,valid,0
OR,2020-04,3186.0,valid,0
OR,2020-05,2712.0,valid,0
OR,2020-06,3002.0,valid,0
OR,2020-07,4003.0,valid,0
OR,2020-08,3463.0,valid,2
OR,2020-09,3870.0,valid,16
OR,2020-10,3181.0,valid,0
OR,2020-11,3072.0,valid,0
OR,2020-12,3173.0,valid,0
OR,2021-01,4832.0,valid,0
OR,2021-02,4308.0,valid,1
OR,2021-03,5655.0,valid,0
OR,2021-04,4428.0,valid,0
OR,2021-05,4327.0,valid,0
OR,2021-06,4465.0,valid,1
OR,2021-07,3490.0,valid,1
OR,2021-08,3472.0,valid,1
OR,2021-09,4301.0,valid,0
OR,2021-10,3411.0,valid,0
OR,2021-11,3288.0,valid,0
OR,2021-12,3880.0,valid,0
OR,2022-01,4583.0,valid,0
OR,2022-02,4598.0,valid,0
OR,2022-03,5558.0,valid,0
OR,2022-04,4242.0,valid,0
OR,2022-05,4132.0,valid,0
OR,2022-06,4485.0,valid,0
OR,2022-07,3461.0,valid,0
OR,2022-08,4377.0,valid,1
OR,2022-09,3614.0,valid,2
OR,2022-10,3484.0,valid,0
OR,2022-11,4009.0,valid,0
OR,2022-12,2936.0,valid,0
OR,2023-01,4571.0,valid,0
OR,2023-02,4399.0,valid,0
OR,2023-03,5882.0,valid,0
OR,2023-04,4428.0,valid,0
OR,2023-05,5010.0,valid,0
OR,2023-06,4104.0,valid,1
OR,2023-07,4094.0,valid,1
OR,2023-08,5192.0,valid,1
OR,2023-09,5149.0,valid,0
OR,2023-10,4787.0,valid,0
OR,2023-11,5071.0,valid,0
OR,2023-12,3291.0,valid,0
OR,2024-01,6134.0,valid,1
OR,2024-02,4959.0,valid,0
OR,2024-03,4858.0,valid,0
OR,2024-04,4238.0,valid,0
OR,2024-05,5771.0,valid,0
OR,2024-06,3925.0,valid,1
OR,2024-07,4615.0,valid,7
OR,2024-08,4226.0,valid,3
OR,2024-09,4718.0,valid,2
OR,2024-10,4862.0,valid,0
OR,2024-11,6427.0,valid,0
OR,2024-12,5080.0,valid,0
OR,2025-01,5967.0,valid,0
OR,2025-02,4689.0,valid,0
OR,2025-03,6964.0,valid,1
OR,2025-04,8139.0,valid,0
OR,2025-05,5747.0,valid,0
OR,2025-06,4071.0,valid,3
OR,2025-07,4868.0,valid,1
OR,2025-08,4360.0,valid,1
OR,2025-09,4295.0,valid,0
OR,2025-10,4972.0,valid,0
OR,2025-11,3912.0,valid,0
OR,2025-12,4668.0,valid,1
OR,2026-01,6105.0,valid,0
OR,2026-02,5417.0,valid,0
OR,2026-03,6048.0,valid,0
OR,2026-04,7814.0,valid,0
OR,2026-05,4930.0,valid,0
OR,2026-06,5052.0,valid,0
OR,2026-07,,missing,0
OR,2026-08,,missing,0
OR,2026-09,,missing,0
OR,2026-10,,missing,0
OR,2026-11,,missing,0
OR,2026-12,,missing,0
PA,2004-07,5191.0,valid,1
PA,2004-08,5406.0,valid,0
PA,2004-09,5292.0,valid,2
PA,2004-10,6719.0,valid,0
PA,2004-11,5454.0,valid,0
PA,2004-12,5861.0,valid,0
PA,2005-01,5435.0,valid,0
PA,2005-02,6602.0,valid,0
PA,2005-03,8442.0,valid,0
PA,2005-04,6218.0,valid,1
PA,2005-05,6291.0,valid,0
PA,2005-06,6975.0,valid,0
PA,2005-07,5455.0,valid,0
PA,2005-08,5317.0,valid,1
PA,2005-09,6203.0,valid,0
PA,2005-10,6213.0,valid,0
PA,2005-11,6502.0,valid,0
PA,2005-12,5437.0,valid,0
PA,2006-01,5594.0,valid,0
PA,2006-02,7035.0,valid,0
PA,2006-03,9033.0,valid,0
PA,2006-04,6555.0,valid,0
PA,2006-05,8087.0,valid,0
PA,2006-06,5805.0,valid,1
PA,2006-07,5321.0,valid,0
PA,2006-08,6968.0,valid,0
PA,2006-09,5410.0,valid,0
PA,2006-10,5232.0,valid,0
PA,2006-11,6350.0,valid,1
PA,2006-12,5798.0,valid,0
PA,2007-01,5620.0,valid,0
PA,2007-02,6412.0,valid,0
PA,2007-03,8695.0,valid,0
PA,2007-04,6825.0,valid,0
PA,2007-05,6538.0,valid,0
PA,2007-06,7268.0,valid,0
PA,2007-07,5443.0,valid,0
PA,2007-08,6932.0,valid,0
PA,2007-09,5609.0,valid,0
PA,2007-10,5971.0,valid,0
PA,2007-11,6451.0,valid,0
PA,2007-12,5621.0,valid,0
PA,2008-01,5624.0,valid,0
PA,2008-02,8008.0,valid,0
PA,2008-03,6749.0,valid,0
PA,2008-04,6482.0,valid,0
PA,2008-05,7769.0,valid,0
PA,2008-06,5535.0,valid,0
PA,2008-07,6448.0,valid,0
PA,2008-08,5713.0,valid,0
PA,2008-09,5278.0,valid,0
PA,2008-10,6320.0,valid,0
PA,2008-11,4857.0,valid,0
PA,2008-12,5459.0,valid,0
PA,2009-01,5306.0,valid,0
PA,2009-02,5771.0,valid,0
PA,2009-03,6234.0,valid,0
PA,2009-04,7620.0,valid,0
PA,2009-05,5678.0,valid,0
PA,2009-06,5299.0,valid,0
PA,2009-07,6450.0,valid,0
PA,2009-08,5053.0,valid,0
PA,2009-09,6309.0,valid,0
PA,2009-10,5072.0,valid,0
PA,2009-11,5236.0,valid,0
PA,2009-12,5832.0,valid,0
PA,2010-01,5373.0,valid,0
PA,2010-02,5656.0,valid,1
PA,2010-03,6348.0,valid,0
PA,2010-04,7921.0,valid,0
PA,2010-05,6064.0,valid,0
PA,2010-06,5448.0,valid,0
PA,2010-07,6422.0,valid,0
PA,2010-08,5095.0,valid,0
PA,2010-09,6512.0,valid,0
PA,2010-10,5292.0,valid,0
PA,2010-11,5537.0,valid,0
PA,2010-12,5917.0,valid,0
PA,2011-01,5783.0,valid,0
PA,2011-02,6899.0,valid,0
PA,2011-03,7092.0,valid,0
PA,2011-04,8291.0,valid,1
PA,2011-05,5221.0,valid,0
PA,2011-06,5696.0,valid,0
PA,2011-07,6542.0,valid,0
PA,2011-08,5501.0,valid,2
PA,2011-09,6180.0,valid,2
PA,2011-10,5289.0,valid,0
PA,2011-11,5174.0,valid,0
PA,2011-12,6473.0,valid,0
PA,2012-01,5093.0,valid,0
PA,2012-02,6587.0,valid,0
PA,2012-03,8852.0,valid,0
PA,2012-04,6605.0,valid,0
PA,2012-05,6274.0,valid,0
PA,2012-06,6776.0,valid,0
PA,2012-07,5271.0,valid,0
PA,2012-08,6688.0,valid,0
PA,2012-09,4975.0,valid,0
PA,2012-10,5256.0,valid,2
PA,2012-11,5790.0,valid,0
PA,2012-12,6254.0,valid,0
PA,2013-01,7746.0,valid,0
PA,2013-02,6577.0,valid,0
PA,2013-03,6672.0,valid,0
PA,2013-04,6525.0,valid,0
PA,2013-05,7124.0,valid,0
PA,2013-06,5698.0,valid,1
PA,2013-07,7036.0,valid,0
PA,2013-08,5646.0,valid,0
PA,2013-09,5156.0,valid,0
PA,2013-10,6983.0,valid,0
PA,2013-11,5410.0,valid,0
PA,2013-12,5000.0,valid,0
PA,2014-01,7004.0,valid,0
PA,2014-02,6265.0,valid,1
PA,2014-03,7184.0,valid,0
PA,2014-04,6722.0,valid,0
PA,2014-05,7564.0,valid,0
PA,2014-06,6126.0,valid,0
PA,2014-07,6663.0,valid,0
PA,2014-08,5710.0,valid,0
PA,2014-09,5557.0,valid,0
PA,2014-10,7082.0,valid,0
PA,2014-11,4964.0,valid,0
PA,2014-12,5804.0,valid,0
PA,2015-01,7208.0,valid,0
PA,2015-02,6975.0,valid,0
PA,2015-03,7423.0,valid,0
PA,2015-04,8726.0,valid,0
PA,2015-05,6084.0,valid,0
PA,2015-06,6280.0,valid,0
PA,2015-07,7176.0,valid,0
PA,2015-08,5399.0,valid,0
PA,2015-09,7139.0,valid,0
PA,2015-10,6103.0,valid,0
PA,2015-11,5377.0,valid,0
PA,2015-12,6052.0,valid,0
PA,2016-01,7323.0,valid,1
PA,2016-02,6944.0,valid,0
PA,2016-03,9200.0,valid,0
PA,2016-04,6975.0,valid,0
PA,2016-05,7193.0,valid,0
PA,2016-06,7266.0,valid,0
PA,2016-07,6357.0,valid,0
PA,2016-08,7602.0,valid,0
PA,2016-09,6051.0,valid,0
PA,2016-10,5816.0,valid,1
PA,2016-11,7253.0,valid,0
PA,2016-12,5639.0,valid,0
PA,2017-01,7702.0,valid,0
PA,2017-02,8174.0,valid,0
PA,2017-03,10635.0,valid,0
PA,2017-04,7732.0,valid,0
PA,2017-05,8907.0,valid,0
PA,2017-06,7026.0,valid,0
PA,2017-07,6552.0,valid,0
PA,2017-08,8658.0,valid,0
PA,2017-09,6528.0,valid,0
PA,2017-10,6558.0,valid,0
PA,2017-11,7743.0,valid,0
PA,2017-12,5402.0,valid,0
PA,2018-01,8645.0,valid,0
PA,2018-02,8103.0,valid,0
PA,2018-03,10843.0,valid,0
PA,2018-04,8410.0,valid,0
PA,2018-05,9850.0,valid,0
PA,2018-06,7849.0,valid,0
PA,2018-07,7055.0,valid,0
PA,2018-08,9304.0,valid,1
PA,2018-09,7162.0,valid,0
PA,2018-10,6907.0,valid,0
PA,2018-11,8227.0,valid,0
PA,2018-12,6189.0,valid,0
PA,2019-01,9966.0,valid,0
PA,2019-02,8912.0,valid,0
PA,2019-03,9800.0,valid,0
PA,2019-04,8974.0,valid,0
PA,2019-05,10172.0,valid,0
PA,2019-06,8045.0,valid,0
PA,2019-07,7039.0,valid,0
PA,2019-08,9509.0,valid,0
PA,2019-09,7430.0,valid,0
PA,2019-10,9192.0,valid,0
PA,2019-11,7043.0,valid,0
PA,2019-12,6668.0,valid,0
PA,2020-01,10187.0,valid,2
PA,2020-02,8805.0,valid,0
PA,2020-03,7812.0,valid,0
PA,2020-04,7794.0,valid,0
PA,2020-05,8549.0,valid,0
PA,2020-06,9441.0,valid,0
PA,2020-07,16111.0,valid,0
PA,2020-08,12899.0,valid,0
PA,2020-09,15372.0,valid,0
PA,2020-10,11202.0,valid,0
PA,2020-11,9976.0,valid,0
PA,2020-12,9163.0,valid,0
PA,2021-01,15391.0,valid,0
PA,2021-02,13535.0,valid,0
PA,2021-03,17295.0,valid,0
PA,2021-04,14684.0,valid,0
PA,2021-05,13594.0,valid,0
PA,2021-06,15558.0,valid,0
PA,2021-07,11543.0,valid,0
PA,2021-08,12059.0,valid,1
PA,2021-09,14003.0,valid,0
PA,2021-10,10286.0,valid,0
PA,2021-11,9529.0,valid,0
PA,2021-12,11039.0,valid,0
PA,2022-01,11875.0,valid,0
PA,2022-02,11618.0,valid,0
PA,2022-03,15650.0,valid,0
PA,2022-04,12759.0,valid,0
PA,2022-05,12934.0,valid,0
PA,2022-06,13395.0,valid,0
PA,2022-07,10220.0,valid,0
PA,2022-08,12614.0,valid,0
PA,2022-09,10360.0,valid,0
PA,2022-10,9347.0,valid,0
PA,2022-11,10155.0,valid,0
PA,2022-12,7943.0,valid,0
PA,2023-01,11451.0,valid,0
PA,2023-02,12713.0,valid,0
PA,2023-03,18277.0,valid,0
PA,2023-04,13936.0,valid,0
PA,2023-05,15538.0,valid,0
PA,2023-06,11845.0,valid,0
PA,2023-07,11355.0,valid,0
PA,2023-08,14493.0,valid,0
PA,2023-09,11287.0,valid,0
PA,2023-10,10946.0,valid,0
PA,2023-11,13485.0,valid,0
PA,2023-12,9004.0,valid,0
PA,2024-01,18583.0,valid,0
PA,2024-02,12740.0,valid,0
PA,2024-03,13927.0,valid,0
PA,2024-04,11767.0,valid,0
PA,2024-05,13973.0,valid,0
PA,2024-06,10890.0,valid,0
PA,2024-07,13513.0,valid,0
PA,2024-08,10664.0,valid,1
PA,2024-09,10374.0,valid,0
PA,2024-10,12808.0,valid,0
PA,2024-11,9466.0,valid,0
PA,2024-12,8752.0,valid,0
PA,2025-01,14185.0,valid,0
PA,2025-02,11817.0,valid,0
PA,2025-03,13929.0,valid,0
PA,2025-04,15936.0,valid,0
PA,2025-05,11446.0,valid,0
PA,2025-06,12885.0,valid,0
PA,2025-07,15834.0,valid,0
PA,2025-08,12099.0,valid,0
PA,2025-09,12061.0,valid,0
PA,2025-10,15018.0,valid,0
PA,2025-11,12829.0,valid,0
PA,2025-12,13236.0,valid,0
PA,2026-01,14616.0,valid,0
PA,2026-02,13364.0,valid,0
PA,2026-03,14599.0,valid,0
PA,2026-04,18092.0,valid,0
PA,2026-05,13375.0,valid,0
PA,2026-06,12834.0,valid,0
PA,2026-07,,missing,0
PA,2026-08,,missing,0
PA,2026-09,,missing,0
PA,2026-10,,missing,0
PA,2026-11,,missing,0
PA,2026-12,,missing,0
RI,2004-07,543.0,valid,0
RI,2004-08,476.0,valid,0
RI,2004-09,457.0,valid,0
RI,2004-10,614.0,valid,0
RI,2004-11,514.0,valid,0
RI,2004-12,557.0,valid,0
RI,2005-01,519.0,valid,1
RI,2005-02,617.0,valid,0
RI,2005-03,854.0,valid,0
RI,2005-04,642.0,valid,0
RI,2005-05,614.0,valid,0
RI,2005-06,757.0,valid,0
RI,2005-07,479.0,valid,0
RI,2005-08,450.0,valid,1
RI,2005-09,577.0,valid,0
RI,2005-10,602.0,valid,0
RI,2005-11,584.0,valid,0
RI,2005-12,528.0,valid,0
RI,2006-01,548.0,valid,0
RI,2006-02,695.0,valid,0
RI,2006-03,829.0,valid,0
RI,2006-04,694.0,valid,0
RI,2006-05,798.0,valid,0
RI,2006-06,552.0,valid,0
RI,2006-07,502.0,valid,0
RI,2006-08,630.0,valid,0
RI,2006-09,467.0,valid,0
RI,2006-10,482.0,valid,0
RI,2006-11,556.0,valid,0
RI,2006-12,521.0,valid,0
RI,2007-01,562.0,valid,0
RI,2007-02,615.0,valid,0
RI,2007-03,764.0,valid,0
RI,2007-04,653.0,valid,1
RI,2007-05,648.0,valid,0
RI,2007-06,659.0,valid,0
RI,2007-07,489.0,valid,0
RI,2007-08,626.0,valid,0
RI,2007-09,532.0,valid,0
RI,2007-10,551.0,valid,0
RI,2007-11,571.0,valid,0
RI,2007-12,454.0,valid,0
RI,2008-01,509.0,valid,0
RI,2008-02,756.0,valid,0
RI,2008-03,607.0,valid,0
RI,2008-04,587.0,valid,0
RI,2008-05,678.0,valid,0
RI,2008-06,495.0,valid,0
RI,2008-07,559.0,valid,0
RI,2008-08,475.0,valid,0
RI,2008-09,469.0,valid,0
RI,2008-10,568.0,valid,0
RI,2008-11,444.0,valid,0
RI,2008-12,469.0,valid,0
RI,2009-01,484.0,valid,0
RI,2009-02,529.0,valid,0
RI,2009-03,554.0,valid,0
RI,2009-04,681.0,valid,0
RI,2009-05,501.0,valid,0
RI,2009-06,511.0,valid,0
RI,2009-07,531.0,valid,0
RI,2009-08,429.0,valid,0
RI,2009-09,550.0,valid,0
RI,2009-10,467.0,valid,0
RI,2009-11,430.0,valid,0
RI,2009-12,466.0,valid,0
RI,2010-01,511.0,valid,0
RI,2010-02,517.0,valid,0
RI,2010-03,564.0,valid,2
RI,2010-04,711.0,valid,0
RI,2010-05,546.0,valid,0
RI,2010-06,498.0,valid,0
RI,2010-07,599.0,valid,0
RI,2010-08,434.0,valid,0
RI,2010-09,588.0,valid,0
RI,2010-10,459.0,valid,0
RI,2010-11,459.0,valid,0
RI,2010-12,459.0,valid,0
RI,2011-01,497.0,valid,0
RI,2011-02,557.0,valid,0
RI,2011-03,672.0,valid,0
RI,2011-04,732.0,valid,0
RI,2011-05,509.0,valid,0
RI,2011-06,528.0,valid,0
RI,2011-07,561.0,valid,0
RI,2011-08,475.0,valid,2
RI,2011-09,457.0,valid,0
RI,2011-10,432.0,valid,0
RI,2011-11,432.0,valid,0
RI,2011-12,501.0,valid,0
RI,2012-01,470.0,valid,0
RI,2012-02,567.0,valid,0
RI,2012-03,758.0,valid,0
RI,2012-04,588.0,valid,0
RI,2012-05,505.0,valid,0
RI,2012-06,592.0,valid,0
RI,2012-07,453.0,valid,0
RI,2012-08,547.0,valid,0
RI,2012-09,454.0,valid,0
RI,2012-10,465.0,valid,2
RI,2012-11,463.0,valid,0
RI,2012-12,421.0,valid,0
RI,2013-01,714.0,valid,0
RI,2013-02,488.0,valid,1
RI,2013-03,578.0,valid,0
RI,2013-04,573.0,valid,0
RI,2013-05,563.0,valid,0
RI,2013-06,468.0,valid,0
RI,2013-07,507.0,valid,0
RI,2013-08,427.0,valid,0
RI,2013-09,448.0,valid,0
RI,2013-10,591.0,valid,0
RI,2013-11,413.0,valid,0
RI,2013-12,372.0,valid,0
RI,2014-01,682.0,valid,0
RI,2014-02,565.0,valid,0
RI,2014-03,596.0,valid,0
RI,2014-04,620.0,valid,0
RI,2014-05,693.0,valid,0
RI,2014-06,545.0,valid,0
RI,2014-07,597.0,valid,0
RI,2014-08,475.0,valid,0
RI,2014-09,476.0,valid,0
RI,2014-10,555.0,valid,0
RI,2014-11,389.0,valid,0
RI,2014-12,405.0,valid,0
RI,2015-01,653.0,valid,1
RI,2015-02,512.0,valid,0
RI,2015-03,596.0,valid,0
RI,2015-04,740.0,valid,0
RI,2015-05,542.0,valid,0
RI,2015-06,508.0,valid,0
RI,2015-07,611.0,valid,0
RI,2015-08,465.0,valid,0
RI,2015-09,629.0,valid,0
RI,2015-10,453.0,valid,0
RI,2015-11,435.0,valid,0
RI,2015-12,469.0,valid,0
RI,2016-01,640.0,valid,0
RI,2016-02,542.0,valid,0
RI,2016-03,763.0,valid,0
RI,2016-04,606.0,valid,0
RI,2016-05,571.0,valid,0
RI,2016-06,586.0,valid,0
RI,2016-07,543.0,valid,0
RI,2016-08,611.0,valid,0
RI,2016-09,499.0,valid,0
RI,2016-10,480.0,valid,0
RI,2016-11,530.0,valid,0
RI,2016-12,372.0,valid,0
RI,2017-01,624.0,valid,0
RI,2017-02,596.0,valid,0
RI,2017-03,840.0,valid,0
RI,2017-04,682.0,valid,0
RI,2017-05,831.0,valid,0
RI,2017-06,661.0,valid,0
RI,2017-07,579.0,valid,0
RI,2017-08,764.0,valid,0
RI,2017-09,566.0,valid,0
RI,2017-10,647.0,valid,0
RI,2017-11,877.0,valid,0
RI,2017-12,559.0,valid,0
RI,2018-01,815.0,valid,0
RI,2018-02,919.0,valid,0
RI,2018-03,1098.0,valid,0
RI,2018-04,874.0,valid,0
RI,2018-05,1080.0,valid,0
RI,2018-06,927.0,valid,0
RI,2018-07,833.0,valid,0
RI,2018-08,1049.0,valid,0
RI,2018-09,687.0,valid,0
RI,2018-10,508.0,valid,0
RI,2018-11,808.0,valid,0
RI,2018-12,638.0,valid,0
RI,2019-01,1126.0,valid,0
RI,2019-02,848.0,valid,0
RI,2019-03,981.0,valid,0
RI,2019-04,717.0,valid,0
RI,2019-05,748.0,valid,0
RI,2019-06,611.0,valid,0
RI,2019-07,550.0,valid,0
RI,2019-08,667.0,valid,0
RI,2019-09,543.0,valid,0
RI,2019-10,736.0,valid,0
RI,2019-11,498.0,valid,0
RI,2019-12,467.0,valid,0
RI,2020-01,896.0,valid,3
RI,2020-02,644.0,valid,0
RI,2020-03,545.0,valid,0
RI,2020-04,583.0,valid,0
RI,2020-05,562.0,valid,0
RI,2020-06,722.0,valid,0
RI,2020-07,1132.0,valid,0
RI,2020-08,880.0,valid,0
RI,2020-09,974.0,valid,0
RI,2020-10,723.0,valid,0
RI,2020-11,660.0,valid,0
RI,2020-12,669.0,valid,0
RI,2021-01,1117.0,valid,0
RI,2021-02,952.0,valid,0
RI,2021-03,1315.0,valid,0
RI,2021-04,1192.0,valid,0
RI,2021-05,934.0,valid,0
RI,2021-06,1113.0,valid,0
RI,2021-07,735.0,valid,0
RI,2021-08,759.0,valid,1
RI,2021-09,1003.0,valid,0
RI,2021-10,803.0,valid,0
RI,2021-11,733.0,valid,0
RI,2021-12,792.0,valid,0
RI,2022-01,979.0,valid,1
RI,2022-02,928.0,valid,0
RI,2022-03,1293.0,valid,0
RI,2022-04,951.0,valid,0
RI,2022-05,887.0,valid,0
RI,2022-06,1040.0,valid,0
RI,2022-07,811.0,valid,0
RI,2022-08,947.0,valid,0
RI,2022-09,822.0,valid,0
RI,2022-10,829.0,valid,0
RI,2022-11,837.0,valid,0
RI,2022-12,595.0,valid,0
RI,2023-01,1062.0,valid,0
RI,2023-02,938.0,valid,0
RI,2023-03,1385.0,valid,0
RI,2023-04,965.0,valid,1
RI,2023-05,1182.0,valid,0
RI,2023-06,956.0,valid,0
RI,2023-07,868.0,valid,0
RI,2023-08,1118.0,valid,0
RI,2023-09,808.0,valid,1
RI,2023-10,833.0,valid,0
RI,2023-11,908.0,valid,0
RI,2023-12,606.0,valid,1
RI,2024-01,1347.0,valid,1
RI,2024-02,931.0,valid,0
RI,2024-03,1134.0,valid,0
RI,2024-04,931.0,valid,0
RI,2024-05,1063.0,valid,0
RI,2024-06,886.0,valid,0
RI,2024-07,1058.0,valid,0
RI,2024-08,736.0,valid,0
RI,2024-09,787.0,valid,0
RI,2024-10,973.0,valid,0
RI,2024-11,709.0,valid,0
RI,2024-12,671.0,valid,0
RI,2025-01,1220.0,valid,0
RI,2025-02,938.0,valid,0
RI,2025-03,1071.0,valid,0
RI,2025-04,1197.0,valid,0
RI,2025-05,885.0,valid,0
RI,2025-06,895.0,valid,0
RI,2025-07,1065.0,valid,0
RI,2025-08,897.0,valid,0
RI,2025-09,888.0,valid,0
RI,2025-10,1102.0,valid,0
RI,2025-11,780.0,valid,0
RI,2025-12,862.0,valid,0
RI,2026-01,1107.0,valid,0
RI,2026-02,1022.0,valid,0
RI,2026-03,1163.0,valid,0
RI,2026-04,1416.0,valid,0
RI,2026-05,1126.0,valid,0
RI,2026-06,1065.0,valid,0
RI,2026-07,,missing,0
RI,2026-08,,missing,0
RI,2026-09,,missing,0
RI,2026-10,,missing,0
RI,2026-11,,missing,0
RI,2026-12,,missing,0
SC,2004-07,2171.0,valid,0
SC,2004-08,2259.0,valid,2
SC,2004-09,2318.0,valid,1
SC,2004-10,2732.0,valid,0
SC,2004-11,2299.0,valid,0
SC,2004-12,2397.0,valid,0
SC,2005-01,2308.0,valid,0
SC,2005-02,3031.0,valid,0
SC,2005-03,3742.0,valid,0
SC,2005-04,2681.0,valid,0
SC,2005-05,2629.0,valid,0
SC,2005-06,3109.0,valid,0
SC,2005-07,2390.0,valid,0
SC,2005-08,2343.0,valid,1
SC,2005-09,2768.0,valid,0
SC,2005-10,2773.0,valid,0
SC,2005-11,3015.0,valid,0
SC,2005-12,2383.0,valid,1
SC,2006-01,2495.0,valid,0
SC,2006-02,3236.0,valid,0
SC,2006-03,3942.0,valid,0
SC,2006-04,3020.0,valid,0
SC,2006-05,3765.0,valid,0
SC,2006-06,2701.0,valid,0
SC,2006-07,2647.0,valid,0
SC,2006-08,3519.0,valid,0
SC,2006-09,2578.0,valid,0
SC,2006-10,2400.0,valid,0
SC,2006-11,3024.0,valid,0
SC,2006-12,2678.0,valid,0
SC,2007-01,2466.0,valid,0
SC,2007-02,3232.0,valid,0
SC,2007-03,4313.0,valid,0
SC,2007-04,3099.0,valid,0
SC,2007-05,3153.0,valid,0
SC,2007-06,3431.0,valid,0
SC,2007-07,2693.0,valid,0
SC,2007-08,3477.0,valid,0
SC,2007-09,2837.0,valid,0
SC,2007-10,2927.0,valid,0
SC,2007-11,3169.0,valid,0
SC,2007-12,2688.0,valid,0
SC,2008-01,2567.0,valid,0
SC,2008-02,3936.0,valid,0
SC,2008-03,3403.0,valid,0
SC,2008-04,3181.0,valid,0
SC,2008-05,3812.0,valid,0
SC,2008-06,2698.0,valid,0
SC,2008-07,3177.0,valid,0
SC,2008-08,2857.0,valid,0
SC,2008-09,2604.0,valid,0
SC,2008-10,3037.0,valid,0
SC,2008-11,2415.0,valid,0
SC,2008-12,2596.0,valid,0
SC,2009-01,2670.0,valid,0
SC,2009-02,2839.0,valid,0
SC,2009-03,2877.0,valid,0
SC,2009-04,3394.0,valid,1
SC,2009-05,2715.0,valid,0
SC,2009-06,2417.0,valid,0
SC,2009-07,2927.0,valid,0
SC,2009-08,2510.0,valid,0
SC,2009-09,2993.0,valid,0
SC,2009-10,2327.0,valid,0
SC,2009-11,2311.0,valid,0
SC,2009-12,2480.0,valid,0
SC,2010-01,2418.0,valid,0
SC,2010-02,2837.0,valid,0
SC,2010-03,2761.0,valid,0
SC,2010-04,3455.0,valid,0
SC,2010-05,2509.0,valid,0
SC,2010-06,2392.0,valid,0
SC,2010-07,2768.0,valid,0
SC,2010-08,2340.0,valid,0
SC,2010-09,2915.0,valid,0
SC,2010-10,2434.0,valid,0
SC,2010-11,2301.0,valid,0
SC,2010-12,2454.0,valid,0
SC,2011-01,2568.0,valid,0
SC,2011-02,3174.0,valid,0
SC,2011-03,2886.0,valid,0
SC,2011-04,3358.0,valid,0
SC,2011-05,2047.0,valid,0
SC,2011-06,2513.0,valid,0
SC,2011-07,2917.0,valid,0
SC,2011-08,2385.0,valid,0
SC,2011-09,2801.0,valid,0
SC,2011-10,2104.0,valid,0
SC,2011-11,2290.0,valid,0
SC,2011-12,2595.0,valid,0
SC,2012-01,2236.0,valid,0
SC,2012-02,2919.0,valid,0
SC,2012-03,3714.0,valid,0
SC,2012-04,2730.0,valid,0
SC,2012-05,2514.0,valid,0
SC,2012-06,2987.0,valid,0
SC,2012-07,2373.0,valid,0
SC,2012-08,3018.0,valid,0
SC,2012-09,2323.0,valid,0
SC,2012-10,2349.0,valid,0
SC,2012-11,2528.0,valid,0
SC,2012-12,2406.0,valid,0
SC,2013-01,3399.0,valid,0
SC,2013-02,3054.0,valid,0
SC,2013-03,3220.0,valid,0
SC,2013-04,2733.0,valid,0
SC,2013-05,3142.0,valid,0
SC,2013-06,2455.0,valid,0
SC,2013-07,3008.0,valid,0
SC,2013-08,2385.0,valid,0
SC,2013-09,2274.0,valid,0
SC,2013-10,3106.0,valid,0
SC,2013-11,2219.0,valid,0
SC,2013-12,2123.0,valid,0
SC,2014-01,3375.0,valid,0
SC,2014-02,2814.0,valid,2
SC,2014-03,3357.0,valid,0
SC,2014-04,2885.0,valid,0
SC,2014-05,3468.0,valid,0
SC,2014-06,2862.0,valid,0
SC,2014-07,3269.0,valid,0
SC,2014-08,2649.0,valid,0
SC,2014-09,2548.0,valid,0
SC,2014-10,3065.0,valid,0
SC,2014-11,2227.0,valid,0
SC,2014-12,2421.0,valid,0
SC,2015-01,3476.0,valid,0
SC,2015-02,3311.0,valid,0
SC,2015-03,3353.0,valid,0
SC,2015-04,3924.0,valid,0
SC,2015-05,2714.0,valid,0
SC,2015-06,2814.0,valid,0
SC,2015-07,3492.0,valid,0
SC,2015-08,2886.0,valid,0
SC,2015-09,3498.0,valid,0
SC,2015-10,2612.0,valid,2
SC,2015-11,2551.0,valid,0
SC,2015-12,2814.0,valid,0
SC,2016-01,3949.0,valid,0
SC,2016-02,3665.0,valid,0
SC,2016-03,4404.0,valid,0
SC,2016-04,3508.0,valid,0
SC,2016-05,3361.0,valid,0
SC,2016-06,3387.0,valid,0
SC,2016-07,3040.0,valid,0
SC,2016-08,4128.0,valid,0
SC,2016-09,3117.0,valid,0
SC,2016-10,2614.0,valid,2
SC,2016-11,3479.0,valid,1
SC,2016-12,2671.0,valid,0
SC,2017-01,3858.0,valid,0
SC,2017-02,4247.0,valid,0
SC,2017-03,5198.0,valid,0
SC,2017-04,3607.0,valid,0
SC,2017-05,4468.0,valid,0
SC,2017-06,3492.0,valid,0
SC,2017-07,3267.0,valid,0
SC,2017-08,4217.0,valid,0
SC,2017-09,3068.0,valid,2
SC,2017-10,3398.0,valid,0
SC,2017-11,3846.0,valid,0
SC,2017-12,2672.0,valid,0
SC,2018-01,4233.0,valid,0
SC,2018-02,4410.0,valid,0
SC,2018-03,5733.0,valid,0
SC,2018-04,4139.0,valid,0
SC,2018-05,4982.0,valid,0
SC,2018-06,3921.0,valid,0
SC,2018-07,3620.0,valid,0
SC,2018-08,4769.0,valid,0
SC,2018-09,3222.0,valid,2
SC,2018-10,3424.0,valid,0
SC,2018-11,4092.0,valid,0
SC,2018-12,2746.0,valid,0
SC,2019-01,5260.0,valid,0
SC,2019-02,4837.0,valid,0
SC,2019-03,4859.0,valid,0
SC,2019-04,4228.0,valid,0
SC,2019-05,4898.0,valid,0
SC,2019-06,4007.0,valid,0
SC,2019-07,3710.0,valid,0
SC,2019-08,4856.0,valid,2
SC,2019-09,3616.0,valid,0
SC,2019-10,4605.0,valid,0
SC,2019-11,3480.0,valid,0
SC,2019-12,3143.0,valid,0
SC,2020-01,5575.0,valid,2
SC,2020-02,4755.0,valid,1
SC,2020-03,4300.0,valid,0
SC,2020-04,5077.0,valid,1
SC,2020-05,5176.0,valid,0
SC,2020-06,5992.0,valid,0
SC,2020-07,10030.0,valid,0
SC,2020-08,7529.0,valid,0
SC,2020-09,7479.0,valid,0
SC,2020-10,5593.0,valid,0
SC,2020-11,4836.0,valid,0
SC,2020-12,4708.0,valid,0
SC,2021-01,8906.0,valid,0
SC,2021-02,8053.0,valid,0
SC,2021-03,11185.0,valid,0
SC,2021-04,9682.0,valid,0
SC,2021-05,9333.0,valid,0
SC,2021-06,9447.0,valid,0
SC,2021-07,7065.0,valid,0
SC,2021-08,6634.0,valid,0
SC,2021-09,7830.0,valid,0
SC,2021-10,6092.0,valid,0
SC,2021-11,5684.0,valid,0
SC,2021-12,6458.0,valid,0
SC,2022-01,8006.0,valid,0
SC,2022-02,8409.0,valid,0
SC,2022-03,10569.0,valid,0
SC,2022-04,8670.0,valid,0
SC,2022-05,7589.0,valid,0
SC,2022-06,7924.0,valid,0
SC,2022-07,6311.0,valid,0
SC,2022-08,8296.0,valid,0
SC,2022-09,6409.0,valid,2
SC,2022-10,6367.0,valid,0
SC,2022-11,7226.0,valid,0
SC,2022-12,4998.0,valid,0
SC,2023-01,8074.0,valid,0
SC,2023-02,7865.0,valid,0
SC,2023-03,10550.0,valid,0
SC,2023-04,7341.0,valid,0
SC,2023-05,9064.0,valid,0
SC,2023-06,7130.0,valid,0
SC,2023-07,6855.0,valid,0
SC,2023-08,8908.0,valid,1
SC,2023-09,7075.0,valid,0
SC,2023-10,6796.0,valid,0
SC,2023-11,7295.0,valid,0
SC,2023-12,4861.0,valid,0
SC,2024-01,9715.0,valid,0
SC,2024-02,8417.0,valid,0
SC,2024-03,7665.0,valid,0
SC,2024-04,7203.0,valid,0
SC,2024-05,8797.0,valid,0
SC,2024-06,6591.0,valid,0
SC,2024-07,7673.0,valid,0
SC,2024-08,6377.0,valid,2
SC,2024-09,5793.0,valid,2
SC,2024-10,7235.0,valid,0
SC,2024-11,5921.0,valid,1
SC,2024-12,4977.0,valid,0
SC,2025-01,8525.0,valid,0
SC,2025-02,7564.0,valid,0
SC,2025-03,7714.0,valid,3
SC,2025-04,9533.0,valid,0
SC,2025-05,7020.0,valid,0
SC,2025-06,7129.0,valid,0
SC,2025-07,8767.0,valid,0
SC,2025-08,8172.0,valid,0
SC,2025-09,7882.0,valid,0
SC,2025-10,8611.0,valid,0
SC,2025-11,6406.0,valid,0
SC,2025-12,6781.0,valid,0
SC,2026-01,9123.0,valid,2
SC,2026-02,8334.0,valid,0
SC,2026-03,8983.0,valid,0
SC,2026-04,11013.0,valid,0
SC,2026-05,8361.0,valid,0
SC,2026-06,8182.0,valid,0
SC,2026-07,,missing,0
SC,2026-08,,missing,0
SC,2026-09,,missing,0
SC,2026-10,,missing,0
SC,2026-11,,missing,0
SC,2026-12,,missing,0
SD,2004-07,386.0,valid,0
SD,2004-08,316.0,valid,0
SD,2004-09,304.0,valid,0
SD,2004-10,429.0,valid,0
SD,2004-11,355.0,valid,0
SD,2004-12,395.0,valid,0
SD,2005-01,474.0,valid,0
SD,2005-02,520.0,valid,0
SD,2005-03,611.0,valid,0
SD,2005-04,501.0,valid,1
SD,2005-05,446.0,valid,0
SD,2005-06,553.0,valid,1
SD,2005-07,353.0,valid,2
SD,2005-08,336.0,valid,0
SD,2005-09,355.0,valid,1
SD,2005-10,467.0,valid,0
SD,2005-11,488.0,valid,1
SD,2005-12,403.0,valid,0
SD,2006-01,473.0,valid,0
SD,2006-02,551.0,valid,0
SD,2006-03,674.0,valid,0
SD,2006-04,538.0,valid,1
SD,2006-05,564.0,valid,0
SD,2006-06,430.0,valid,0
SD,2006-07,382.0,valid,1
SD,2006-08,547.0,valid,0
SD,2006-09,425.0,valid,0
SD,2006-10,423.0,valid,0
SD,2006-11,396.0,valid,0
SD,2006-12,386.0,valid,0
SD,2007-01,466.0,valid,0
SD,2007-02,511.0,valid,0
SD,2007-03,626.0,valid,0
SD,2007-04,503.0,valid,0
SD,2007-05,463.0,valid,1
SD,2007-06,508.0,valid,0
SD,2007-07,358.0,valid,2
SD,2007-08,424.0,valid,0
SD,2007-09,437.0,valid,0
SD,2007-10,408.0,valid,0
SD,2007-11,395.0,valid,0
SD,2007-12,452.0,valid,0
SD,2008-01,506.0,valid,0
SD,2008-02,683.0,valid,0
SD,2008-03,474.0,valid,0
SD,2008-04,513.0,valid,0
SD,2008-05,565.0,valid,1
SD,2008-06,440.0,valid,1
SD,2008-07,440.0,valid,0
SD,2008-08,415.0,valid,0
SD,2008-09,369.0,valid,0
SD,2008-10,462.0,valid,0
SD,2008-11,343.0,valid,1
SD,2008-12,383.0,valid,0
SD,2009-01,458.0,valid,0
SD,2009-02,518.0,valid,0
SD,2009-03,466.0,valid,1
SD,2009-04,580.0,valid,0
SD,2009-05,401.0,valid,0
SD,2009-06,415.0,valid,0
SD,2009-07,478.0,valid,0
SD,2009-08,382.0,valid,0
SD,2009-09,453.0,valid,0
SD,2009-10,379.0,valid,0
SD,2009-11,366.0,valid,0
SD,2009-12,446.0,valid,1
SD,2010-01,478.0,valid,1
SD,2010-02,452.0,valid,0
SD,2010-03,482.0,valid,1
SD,2010-04,603.0,valid,1
SD,2010-05,494.0,valid,0
SD,2010-06,421.0,valid,1
SD,2010-07,508.0,valid,1
SD,2010-08,382.0,valid,0
SD,2010-09,528.0,valid,1
SD,2010-10,333.0,valid,0
SD,2010-11,445.0,valid,0
SD,2010-12,424.0,valid,0
SD,2011-01,576.0,valid,0
SD,2011-02,617.0,valid,0
SD,2011-03,573.0,valid,1
SD,2011-04,637.0,valid,0
SD,2011-05,427.0,valid,0
SD,2011-06,441.0,valid,0
SD,2011-07,470.0,valid,0
SD,2011-08,350.0,valid,0
SD,2011-09,509.0,valid,0
SD,2011-10,402.0,valid,0
SD,2011-11,360.0,valid,0
SD,2011-12,593.0,valid,0
SD,2012-01,482.0,valid,0
SD,2012-02,533.0,valid,0
SD,2012-03,667.0,valid,0
SD,2012-04,596.0,valid,0
SD,2012-05,441.0,valid,0
SD,2012-06,506.0,valid,0
SD,2012-07,421.0,valid,1
SD,2012-08,492.0,valid,1
SD,2012-09,400.0,valid,0
SD,2012-10,400.0,valid,0
SD,2012-11,489.0,valid,0
SD,2012-12,543.0,valid,0
SD,2013-01,820.0,valid,0
SD,2013-02,570.0,valid,0
SD,2013-03,559.0,valid,0
SD,2013-04,461.0,valid,1
SD,2013-05,540.0,valid,1
SD,2013-06,465.0,valid,1
SD,2013-07,540.0,valid,0
SD,2013-08,427.0,valid,0
SD,2013-09,434.0,valid,0
SD,2013-10,526.0,valid,1
SD,2013-11,354.0,valid,0
SD,2013-12,477.0,valid,0
SD,2014-01,716.0,valid,0
SD,2014-02,602.0,valid,0
SD,2014-03,609.0,valid,0
SD,2014-04,562.0,valid,0
SD,2014-05,578.0,valid,0
SD,2014-06,488.0,valid,1
SD,2014-07,558.0,valid,0
SD,2014-08,446.0,valid,0
SD,2014-09,427.0,valid,0
SD,2014-10,536.0,valid,0
SD,2014-11,449.0,valid,0
SD,2014-12,474.0,valid,0
SD,2015-01,676.0,valid,0
SD,2015-02,557.0,valid,0
SD,2015-03,572.0,valid,0
SD,2015-04,696.0,valid,0
SD,2015-05,497.0,valid,1
SD,2015-06,526.0,valid,1
SD,2015-07,590.0,valid,0
SD,2015-08,451.0,valid,0
SD,2015-09,558.0,valid,0
SD,2015-10,458.0,valid,0
SD,2015-11,420.0,valid,0
SD,2015-12,474.0,valid,0
SD,2016-01,685.0,valid,0
SD,2016-02,551.0,valid,0
SD,2016-03,696.0,valid,0
SD,2016-04,594.0,valid,0
SD,2016-05,461.0,valid,0
SD,2016-06,535.0,valid,0
SD,2016-07,447.0,valid,0
SD,2016-08,549.0,valid,0
SD,2016-09,403.0,valid,0
SD,2016-10,383.0,valid,0
SD,2016-11,548.0,valid,0
SD,2016-12,480.0,valid,1
SD,2017-01,689.0,valid,0
SD,2017-02,713.0,valid,0
SD,2017-03,910.0,valid,0
SD,2017-04,644.0,valid,0
SD,2017-05,785.0,valid,0
SD,2017-06,607.0,valid,0
SD,2017-07,590.0,valid,0
SD,2017-08,749.0,valid,0
SD,2017-09,635.0,valid,0
SD,2017-10,619.0,valid,0
SD,2017-11,782.0,valid,0
SD,2017-12,697.0,valid,1
SD,2018-01,885.0,valid,0
SD,2018-02,868.0,valid,0
SD,2018-03,1090.0,valid,0
SD,2018-04,826.0,valid,0
SD,2018-05,972.0,valid,0
SD,2018-06,812.0,valid,0
SD,2018-07,741.0,valid,0
SD,2018-08,938.0,valid,1
SD,2018-09,599.0,valid,0
SD,2018-10,525.0,valid,0
SD,2018-11,809.0,valid,0
SD,2018-12,670.0,valid,0
SD,2019-01,975.0,valid,0
SD,2019-02,779.0,valid,0
SD,2019-03,807.0,valid,2
SD,2019-04,602.0,valid,0
SD,2019-05,748.0,valid,1
SD,2019-06,527.0,valid,1
SD,2019-07,473.0,valid,0
SD,2019-08,671.0,valid,0
SD,2019-09,535.0,valid,1
SD,2019-10,713.0,valid,0
SD,2019-11,459.0,valid,0
SD,2019-12,514.0,valid,0
SD,2020-01,854.0,valid,5
SD,2020-02,646.0,valid,0
SD,2020-03,622.0,valid,0
SD,2020-04,563.0,valid,0
SD,2020-05,471.0,valid,0
SD,2020-06,574.0,valid,0
SD,2020-07,774.0,valid,0
SD,2020-08,625.0,valid,0
SD,2020-09,780.0,valid,0
SD,2020-10,630.0,valid,0
SD,2020-11,578.0,valid,0
SD,2020-12,673.0,valid,0
SD,2021-01,1001.0,valid,0
SD,2021-02,829.0,valid,0
SD,2021-03,1146.0,valid,1
SD,2021-04,887.0,valid,0
SD,2021-05,761.0,valid,0
SD,2021-06,902.0,valid,0
SD,2021-07,749.0,valid,0
SD,2021-08,685.0,valid,0
SD,2021-09,898.0,valid,0
SD,2021-10,742.0,valid,1
SD,2021-11,721.0,valid,0
SD,2021-12,888.0,valid,0
SD,2022-01,1079.0,valid,0
SD,2022-02,959.0,valid,0
SD,2022-03,1194.0,valid,0
SD,2022-04,892.0,valid,0
SD,2022-05,809.0,valid,1
SD,2022-06,811.0,valid,1
SD,2022-07,696.0,valid,0
SD,2022-08,948.0,valid,0
SD,2022-09,813.0,valid,0
SD,2022-10,809.0,valid,0
SD,2022-11,849.0,valid,0
SD,2022-12,634.0,valid,3
SD,2023-01,973.0,valid,0
SD,2023-02,886.0,valid,0
SD,2023-03,1250.0,valid,0
SD,2023-04,940.0,valid,1
SD,2023-05,1170.0,valid,0
SD,2023-06,838.0,valid,0
SD,2023-07,824.0,valid,0
SD,2023-08,1102.0,valid,0
SD,2023-09,856.0,valid,0
SD,2023-10,818.0,valid,0
SD,2023-11,928.0,valid,0
SD,2023-12,769.0,valid,0
SD,2024-01,1252.0,valid,0
SD,2024-02,948.0,valid,0
SD,2024-03,1117.0,valid,0
SD,2024-04,928.0,valid,0
SD,2024-05,1116.0,valid,0
SD,2024-06,881.0,valid,1
SD,2024-07,1056.0,valid,1
SD,2024-08,833.0,valid,0
SD,2024-09,833.0,valid,0
SD,2024-10,998.0,valid,0
SD,2024-11,775.0,valid,0
SD,2024-12,757.0,valid,0
SD,2025-01,1148.0,valid,0
SD,2025-02,973.0,valid,0
SD,2025-03,1124.0,valid,0
SD,2025-04,1214.0,valid,0
SD,2025-05,872.0,valid,0
SD,2025-06,894.0,valid,1
SD,2025-07,1086.0,valid,0
SD,2025-08,976.0,valid,0
SD,2025-09,956.0,valid,0
SD,2025-10,1012.0,valid,0
SD,2025-11,851.0,valid,0
SD,2025-12,986.0,valid,1
SD,2026-01,1254.0,valid,0
SD,2026-02,1116.0,valid,0
SD,2026-03,1189.0,valid,1
SD,2026-04,1480.0,valid,0
SD,2026-05,1048.0,valid,0
SD,2026-06,1008.0,valid,0
SD,2026-07,,missing,0
SD,2026-08,,missing,0
SD,2026-09,,missing,0
SD,2026-10,,missing,0
SD,2026-11,,missing,0
SD,2026-12,,missing,0
TN,2004-07,2490.0,valid,0
TN,2004-08,2537.0,valid,0
TN,2004-09,2615.0,valid,1
TN,2004-10,3111.0,valid,0
TN,2004-11,2603.0,valid,0
TN,2004-12,2672.0,valid,0
TN,2005-01,2600.0,valid,0
TN,2005-02,3599.0,valid,0
TN,2005-03,4217.0,valid,0
TN,2005-04,3120.0,valid,0
TN,2005-05,2898.0,valid,0
TN,2005-06,3320.0,valid,0
TN,2005-07,2496.0,valid,0
TN,2005-08,2809.0,valid,1
TN,2005-09,2777.0,valid,0
TN,2005-10,3009.0,valid,0
TN,2005-11,3435.0,valid,0
TN,2005-12,2622.0,valid,0
TN,2006-01,2915.0,valid,0
TN,2006-02,4016.0,valid,0
TN,2006-03,4405.0,valid,0
TN,2006-04,3499.0,valid,1
TN,2006-05,4046.0,valid,0
TN,2006-06,3099.0,valid,0
TN,2006-07,2924.0,valid,0
TN,2006-08,3795.0,valid,0
TN,2006-09,2953.0,valid,0
TN,2006-10,2696.0,valid,0
TN,2006-11,3177.0,valid,0
TN,2006-12,2894.0,valid,0
TN,2007-01,2847.0,valid,0
TN,2007-02,4019.0,valid,0
TN,2007-03,4675.0,valid,0
TN,2007-04,3429.0,valid,0
TN,2007-05,3242.0,valid,0
TN,2007-06,3741.0,valid,0
TN,2007-07,2982.0,valid,0
TN,2007-08,3923.0,valid,0
TN,2007-09,3241.0,valid,0
TN,2007-10,3300.0,valid,0
TN,2007-11,3390.0,valid,0
TN,2007-12,2896.0,valid,0
TN,2008-01,2992.0,valid,0
TN,2008-02,4635.0,valid,1
TN,2008-03,3467.0,valid,0
TN,2008-04,3479.0,valid,0
TN,2008-05,3806.0,valid,0
TN,2008-06,2801.0,valid,0
TN,2008-07,3289.0,valid,0
TN,2008-08,3086.0,valid,0
TN,2008-09,2935.0,valid,0
TN,2008-10,3395.0,valid,0
TN,2008-11,2551.0,valid,0
TN,2008-12,2627.0,valid,0
TN,2009-01,3079.0,valid,1
TN,2009-02,3324.0,valid,0
TN,2009-03,3202.0,valid,0
TN,2009-04,3735.0,valid,1
TN,2009-05,2800.0,valid,0
TN,2009-06,2656.0,valid,1
TN,2009-07,3192.0,valid,1
TN,2009-08,2749.0,valid,0
TN,2009-09,3357.0,valid,0
TN,2009-10,2637.0,valid,0
TN,2009-11,2541.0,valid,0
TN,2009-12,2952.0,valid,0
TN,2010-01,2973.0,valid,0
TN,2010-02,3274.0,valid,0
TN,2010-03,3259.0,valid,0
TN,2010-04,3996.0,valid,1
TN,2010-05,2862.0,valid,0
TN,2010-06,2544.0,valid,0
TN,2010-07,3376.0,valid,0
TN,2010-08,2870.0,valid,1
TN,2010-09,3442.0,valid,0
TN,2010-10,2690.0,valid,0
TN,2010-11,2509.0,valid,0
TN,2010-12,2933.0,valid,0
TN,2011-01,3244.0,valid,0
TN,2011-02,4391.0,valid,1
TN,2011-03,5049.0,valid,0
TN,2011-04,4621.0,valid,4
TN,2011-05,2778.0,valid,0
TN,2011-06,3165.0,valid,1
TN,2011-07,3823.0,valid,0
TN,2011-08,3159.0,valid,0
TN,2011-09,3727.0,valid,0
TN,2011-10,2735.0,valid,0
TN,2011-11,2867.0,valid,0
TN,2011-12,3302.0,valid,0
TN,2012-01,2871.0,valid,0
TN,2012-02,3549.0,valid,1
TN,2012-03,4552.0,valid,0
TN,2012-04,3531.0,valid,0
TN,2012-05,3372.0,valid,0
TN,2012-06,3682.0,valid,0
TN,2012-07,2806.0,valid,0
TN,2012-08,3675.0,valid,0
TN,2012-09,2811.0,valid,0
TN,2012-10,2829.0,valid,0
TN,2012-11,3248.0,valid,0
TN,2012-12,3076.0,valid,0
TN,2013-01,4358.0,valid,0
TN,2013-02,3737.0,valid,0
TN,2013-03,3659.0,valid,0
TN,2013-04,3415.0,valid,0
TN,2013-05,3551.0,valid,0
TN,2013-06,2904.0,valid,0
TN,2013-07,3724.0,valid,0
TN,2013-08,3117.0,valid,0
TN,2013-09,2778.0,valid,0
TN,2013-10,3654.0,valid,0
TN,2013-11,2787.0,valid,0
TN,2013-12,2556.0,valid,0
TN,2014-01,4194.0,valid,0
TN,2014-02,3962.0,valid,0
TN,2014-03,3833.0,valid,1
TN,2014-04,3556.0,valid,0
TN,2014-05,3893.0,valid,0
TN,2014-06,3283.0,valid,1
TN,2014-07,3751.0,valid,0
TN,2014-08,3275.0,valid,0
TN,2014-09,3061.0,valid,0
TN,2014-10,3812.0,valid,0
TN,2014-11,2695.0,valid,0
TN,2014-12,2837.0,valid,0
TN,2015-01,4503.0,valid,0
TN,2015-02,3788.0,valid,1
TN,2015-03,3691.0,valid,0
TN,2015-04,4801.0,valid,0
TN,2015-05,3287.0,valid,0
TN,2015-06,3397.0,valid,0
TN,2015-07,4120.0,valid,0
TN,2015-08,3400.0,valid,0
TN,2015-09,3969.0,valid,0
TN,2015-10,3272.0,valid,0
TN,2015-11,2857.0,valid,0
TN,2015-12,3205.0,valid,0
TN,2016-01,4440.0,valid,0
TN,2016-02,4216.0,valid,0
TN,2016-03,4999.0,valid,0
TN,2016-04,4050.0,valid,0
TN,2016-05,3614.0,valid,0
TN,2016-06,3861.0,valid,0
TN,2016-07,3632.0,valid,0
TN,2016-08,4363.0,valid,0
TN,2016-09,3370.0,valid,0
TN,2016-10,3172.0,valid,0
TN,2016-11,3736.0,valid,5
TN,2016-12,2988.0,valid,0
TN,2017-01,4777.0,valid,0
TN,2017-02,4697.0,valid,0
TN,2017-03,5770.0,valid,0
TN,2017-04,4175.0,valid,0
TN,2017-05,4703.0,valid,1
TN,2017-06,3781.0,valid,0
TN,2017-07,3586.0,valid,0
TN,2017-08,5002.0,valid,0
TN,2017-09,3725.0,valid,0
TN,2017-10,3688.0,valid,0
TN,2017-11,4219.0,valid,0
TN,2017-12,3075.0,valid,0
TN,2018-01,5104.0,valid,0
TN,2018-02,5186.0,valid,0
TN,2018-03,6480.0,valid,0
TN,2018-04,4669.0,valid,0
TN,2018-05,5336.0,valid,0
TN,2018-06,4453.0,valid,0
TN,2018-07,4191.0,valid,0
TN,2018-08,5716.0,valid,0
TN,2018-09,4015.0,valid,0
TN,2018-10,3902.0,valid,0
TN,2018-11,4518.0,valid,0
TN,2018-12,3370.0,valid,0
TN,2019-01,6272.0,valid,0
TN,2019-02,5493.0,valid,1
TN,2019-03,5314.0,valid,0
TN,2019-04,4781.0,valid,0
TN,2019-05,5232.0,valid,0
TN,2019-06,4308.0,valid,0
TN,2019-07,3965.0,valid,0
TN,2019-08,5414.0,valid,0
TN,2019-09,4102.0,valid,0
TN,2019-10,6004.0,valid,1
TN,2019-11,4221.0,valid,0
TN,2019-12,3612.0,valid,0
TN,2020-01,6533.0,valid,2
TN,2020-02,5480.0,valid,0
TN,2020-03,4526.0,valid,1
TN,2020-04,5090.0,valid,1
TN,2020-05,4910.0,valid,1
TN,2020-06,6315.0,valid,0
TN,2020-07,11747.0,valid,0
TN,2020-08,7572.0,valid,0
TN,2020-09,7526.0,valid,0
TN,2020-10,5551.0,valid,0
TN,2020-11,4981.0,valid,0
TN,2020-12,5045.0,valid,1
TN,2021-01,9224.0,valid,0
TN,2021-02,7984.0,valid,1
TN,2021-03,10951.0,valid,1
TN,2021-04,9565.0,valid,0
TN,2021-05,8502.0,valid,0
TN,2021-06,8689.0,valid,0
TN,2021-07,6716.0,valid,0
TN,2021-08,6688.0,valid,1
TN,2021-09,7740.0,valid,0
TN,2021-10,6069.0,valid,0
TN,2021-11,5723.0,valid,0
TN,2021-12,6410.0,valid,2
TN,2022-01,7889.0,valid,0
TN,2022-02,8230.0,valid,1
TN,2022-03,10588.0,valid,0
TN,2022-04,8892.0,valid,0
TN,2022-05,7333.0,valid,0
TN,2022-06,8333.0,valid,0
TN,2022-07,6576.0,valid,0
TN,2022-08,8979.0,valid,0
TN,2022-09,6358.0,valid,0
TN,2022-10,6424.0,valid,0
TN,2022-11,6930.0,valid,0
TN,2022-12,4989.0,valid,1
TN,2023-01,8475.0,valid,0
TN,2023-02,8409.0,valid,0
TN,2023-03,10549.0,valid,2
TN,2023-04,7893.0,valid,0
TN,2023-05,9016.0,valid,0
TN,2023-06,7429.0,valid,1
TN,2023-07,7351.0,valid,1
TN,2023-08,9186.0,valid,1
TN,2023-09,7320.0,valid,0
TN,2023-10,7187.0,valid,0
TN,2023-11,7954.0,valid,0
TN,2023-12,5370.0,valid,1
TN,2024-01,9829.0,valid,0
TN,2024-02,8438.0,valid,0
TN,2024-03,8146.0,valid,0
TN,2024-04,7516.0,valid,0
TN,2024-05,9260.0,valid,1
TN,2024-06,6903.0,valid,0
TN,2024-07,7972.0,valid,0
TN,2024-08,6896.0,valid,0
TN,2024-09,6266.0,valid,2
TN,2024-10,8172.0,valid,0
TN,2024-11,5667.0,valid,0
TN,2024-12,5262.0,valid,0
TN,2025-01,9001.0,valid,0
TN,2025-02,7425.0,valid,0
TN,2025-03,8122.0,valid,0
TN,2025-04,10097.0,valid,2
TN,2025-05,7945.0,valid,0
TN,2025-06,7519.0,valid,0
TN,2025-07,9147.0,valid,0
TN,2025-08,8463.0,valid,0
TN,2025-09,9506.0,valid,0
TN,2025-10,10040.0,valid,0
TN,2025-11,8039.0,valid,0
TN,2025-12,7916.0,valid,0
TN,2026-01,10858.0,valid,2
TN,2026-02,9007.0,valid,0
TN,2026-03,9596.0,valid,0
TN,2026-04,11567.0,valid,0
TN,2026-05,8908.0,valid,0
TN,2026-06,8664.0,valid,0
TN,2026-07,,missing,0
TN,2026-08,,missing,0
TN,2026-09,,missing,0
TN,2026-10,,missing,0
TN,2026-11,,missing,0
TN,2026-12,,missing,0
TX,2004-07,11691.0,valid,0
TX,2004-08,12047.0,valid,0
TX,2004-09,12021.0,valid,0
TX,2004-10,14838.0,valid,0
TX,2004-11,12593.0,valid,0
TX,2004-12,13344.0,valid,0
TX,2005-01,12752.0,valid,0
TX,2005-02,15319.0,valid,0
TX,2005-03,19033.0,valid,0
TX,2005-04,14729.0,valid,0
TX,2005-05,13554.0,valid,0
TX,2005-06,15902.0,valid,0
TX,2005-07,12180.0,valid,0
TX,2005-08,13693.0,valid,1
TX,2005-09,13164.0,valid,2
TX,2005-10,13358.0,valid,0
TX,2005-11,17122.0,valid,1
TX,2005-12,13056.0,valid,2
TX,2006-01,13931.0,valid,12
TX,2006-02,16829.0,valid,1
TX,2006-03,20541.0,valid,0
TX,2006-04,16665.0,valid,0
TX,2006-05,18925.0,valid,1
TX,2006-06,13828.0,valid,1
TX,2006-07,12988.0,valid,1
TX,2006-08,17251.0,valid,2
TX,2006-09,13260.0,valid,1
TX,2006-10,12792.0,valid,0
TX,2006-11,14864.0,valid,1
TX,2006-12,13836.0,valid,0
TX,2007-01,12111.0,valid,0
TX,2007-02,16728.0,valid,0
TX,2007-03,20302.0,valid,0
TX,2007-04,15978.0,valid,1
TX,2007-05,15320.0,valid,0
TX,2007-06,17735.0,valid,1
TX,2007-07,13536.0,valid,0
TX,2007-08,17416.0,valid,2
TX,2007-09,15971.0,valid,0
TX,2007-10,14813.0,valid,0
TX,2007-11,16179.0,valid,0
TX,2007-12,14259.0,valid,0
TX,2008-01,13528.0,valid,0
TX,2008-02,21024.0,valid,6
TX,2008-03,16953.0,valid,10
TX,2008-04,16735.0,valid,2
TX,2008-05,19880.0,valid,1
TX,2008-06,14219.0,valid,3
TX,2008-07,16766.0,valid,1
TX,2008-08,14945.0,valid,2
TX,2008-09,13035.0,valid,2
TX,2008-10,17234.0,valid,0
TX,2008-11,13022.0,valid,0
TX,2008-12,13644.0,valid,0
TX,2009-01,14208.0,valid,0
TX,2009-02,15815.0,valid,3
TX,2009-03,15904.0,valid,3
TX,2009-04,19653.0,valid,10
TX,2009-05,14849.0,valid,0
TX,2009-06,13743.0,valid,0
TX,2009-07,16860.0,valid,0
TX,2009-08,13020.0,valid,0
TX,2009-09,17836.0,valid,0
TX,2009-10,13781.0,valid,0
TX,2009-11,13713.0,valid,0
TX,2009-12,14876.0,valid,0
TX,2010-01,14824.0,valid,0
TX,2010-02,17181.0,valid,0
TX,2010-03,16673.0,valid,0
TX,2010-04,20950.0,valid,0
TX,2010-05,16233.0,valid,0
TX,2010-06,14962.0,valid,2
TX,2010-07,17538.0,valid,0
TX,2010-08,14399.0,valid,0
TX,2010-09,18264.0,valid,0
TX,2010-10,14576.0,valid,0
TX,2010-11,14840.0,valid,0
TX,2010-12,15612.0,valid,0
TX,2011-01,17140.0,valid,0
TX,2011-02,18616.0,valid,4
TX,2011-03,17702.0,valid,2
TX,2011-04,22084.0,valid,20
TX,2011-05,14482.0,valid,6
TX,2011-06,15901.0,valid,11
TX,2011-07,18696.0,valid,1
TX,2011-08,15206.0,valid,3
TX,2011-09,18909.0,valid,10
TX,2011-10,14163.0,valid,0
TX,2011-11,14681.0,valid,0
TX,2011-12,17446.0,valid,0
TX,2012-01,14328.0,valid,0
TX,2012-02,18517.0,valid,0
TX,2012-03,23176.0,valid,0
TX,2012-04,18239.0,valid,1
TX,2012-05,16579.0,valid,0
TX,2012-06,19432.0,valid,0
TX,2012-07,14219.0,valid,0
TX,2012-08,18866.0,valid,0
TX,2012-09,14140.0,valid,0
TX,2012-10,14818.0,valid,0
TX,2012-11,17116.0,valid,0
TX,2012-12,17506.0,valid,0
TX,2013-01,22350.0,valid,0
TX,2013-02,18734.0,valid,0
TX,2013-03,18649.0,valid,0
TX,2013-04,17961.0,valid,2
TX,2013-05,19780.0,valid,0
TX,2013-06,16040.0,valid,0
TX,2013-07,19388.0,valid,0
TX,2013-08,16256.0,valid,0
TX,2013-09,15040.0,valid,0
TX,2013-10,19689.0,valid,1
TX,2013-11,14551.0,valid,0
TX,2013-12,13593.0,valid,0
TX,2014-01,21125.0,valid,0
TX,2014-02,20304.0,valid,0
TX,2014-03,19946.0,valid,0
TX,2014-04,19070.0,valid,0
TX,2014-05,21877.0,valid,1
TX,2014-06,17609.0,valid,0
TX,2014-07,19842.0,valid,0
TX,2014-08,17075.0,valid,0
TX,2014-09,16555.0,valid,0
TX,2014-10,20635.0,valid,0
TX,2014-11,14799.0,valid,0
TX,2014-12,15790.0,valid,0
TX,2015-01,21490.0,valid,0
TX,2015-02,20699.0,valid,0
TX,2015-03,20133.0,valid,0
TX,2015-04,25240.0,valid,0
TX,2015-05,17879.0,valid,1
TX,2015-06,18279.0,valid,0
TX,2015-07,21889.0,valid,0
TX,2015-08,17806.0,valid,0
TX,2015-09,22299.0,valid,0
TX,2015-10,17693.0,valid,2
TX,2015-11,16374.0,valid,0
TX,2015-12,17536.0,valid,1
TX,2016-01,23198.0,valid,0
TX,2016-02,23031.0,valid,0
TX,2016-03,27653.0,valid,1
TX,2016-04,21764.0,valid,1
TX,2016-05,20654.0,valid,1
TX,2016-06,22248.0,valid,0
TX,2016-07,19906.0,valid,0
TX,2016-08,24264.0,valid,0
TX,2016-09,18958.0,valid,0
TX,2016-10,18704.0,valid,0
TX,2016-11,21591.0,valid,0
TX,2016-12,16563.0,valid,0
TX,2017-01,23780.0,valid,0
TX,2017-02,24433.0,valid,0
TX,2017-03,30502.0,valid,0
TX,2017-04,23036.0,valid,0
TX,2017-05,26507.0,valid,0
TX,2017-06,21509.0,valid,0
TX,2017-07,19704.0,valid,0
TX,2017-08,25517.0,valid,1
TX,2017-09,19972.0,valid,0
TX,2017-10,20250.0,valid,0
TX,2017-11,23736.0,valid,0
TX,2017-12,16790.0,valid,0
TX,2018-01,25635.0,valid,0
TX,2018-02,26482.0,valid,0
TX,2018-03,33321.0,valid,0
TX,2018-04,24675.0,valid,3
TX,2018-05,29418.0,valid,1
TX,2018-06,23911.0,valid,1
TX,2018-07,21249.0,valid,2
TX,2018-08,28473.0,valid,0
TX,2018-09,22539.0,valid,1
TX,2018-10,21081.0,valid,0
TX,2018-11,23728.0,valid,0
TX,2018-12,18306.0,valid,0
TX,2019-01,30564.0,valid,0
TX,2019-02,27917.0,valid,0
TX,2019-03,27301.0,valid,0
TX,2019-04,25876.0,valid,0
TX,2019-05,29710.0,valid,0
TX,2019-06,23821.0,valid,1
TX,2019-07,21687.0,valid,0
TX,2019-08,28825.0,valid,1
TX,2019-09,22340.0,valid,1
TX,2019-10,27972.0,valid,0
TX,2019-11,19555.0,valid,0
TX,2019-12,19586.0,valid,0
TX,2020-01,32252.0,valid,3
TX,2020-02,28339.0,valid,0
TX,2020-03,24049.0,valid,0
TX,2020-04,25630.0,valid,0
TX,2020-05,25027.0,valid,0
TX,2020-06,30268.0,valid,0
TX,2020-07,54008.0,valid,1
TX,2020-08,38217.0,valid,2
TX,2020-09,42160.0,valid,0
TX,2020-10,30918.0,valid,0
TX,2020-11,27722.0,valid,0
TX,2020-12,28100.0,valid,0
TX,2021-01,45845.0,valid,0
TX,2021-02,38192.0,valid,2
TX,2021-03,54022.0,valid,0
TX,2021-04,46650.0,valid,0
TX,2021-05,43568.0,valid,0
TX,2021-06,48995.0,valid,0
TX,2021-07,35486.0,valid,0
TX,2021-08,35305.0,valid,0
TX,2021-09,45037.0,valid,0
TX,2021-10,35271.0,valid,0
TX,2021-11,31610.0,valid,0
TX,2021-12,35235.0,valid,2
TX,2022-01,41938.0,valid,0
TX,2022-02,39522.0,valid,0
TX,2022-03,49251.0,valid,3
TX,2022-04,47135.0,valid,0
TX,2022-05,38565.0,valid,1
TX,2022-06,41902.0,valid,0
TX,2022-07,34137.0,valid,2
TX,2022-08,44427.0,valid,0
TX,2022-09,33305.0,valid,0
TX,2022-10,33934.0,valid,0
TX,2022-11,34751.0,valid,0
TX,2022-12,27944.0,valid,0
TX,2023-01,41371.0,valid,1
TX,2023-02,41806.0,valid,0
TX,2023-03,57604.0,valid,0
TX,2023-04,41270.0,valid,0
TX,2023-05,46702.0,valid,0
TX,2023-06,40206.0,valid,0
TX,2023-07,35210.0,valid,0
TX,2023-08,46475.0,valid,0
TX,2023-09,38796.0,valid,0
TX,2023-10,39136.0,valid,0
TX,2023-11,43103.0,valid,0
TX,2023-12,29111.0,valid,0
TX,2024-01,53731.0,valid,0
TX,2024-02,43361.0,valid,2
TX,2024-03,43898.0,valid,0
TX,2024-04,43898.0,valid,1
TX,2024-05,46409.0,valid,0
TX,2024-06,36971.0,valid,0
TX,2024-07,42620.0,valid,1
TX,2024-08,36689.0,valid,0
TX,2024-09,35732.0,valid,0
TX,2024-10,46229.0,valid,0
TX,2024-11,31870.0,valid,0
TX,2024-12,29551.0,valid,0
TX,2025-01,45024.0,valid,0
TX,2025-02,40862.0,valid,0
TX,2025-03,46918.0,valid,7
TX,2025-04,53567.0,valid,0
TX,2025-05,40940.0,valid,0
TX,2025-06,40282.0,valid,0
TX,2025-07,48760.0,valid,1
TX,2025-08,40528.0,valid,0
TX,2025-09,45762.0,valid,0
TX,2025-10,57047.0,valid,0
TX,2025-11,42840.0,valid,0
TX,2025-12,41616.0,valid,0
TX,2026-01,54167.0,valid,0
TX,2026-02,45997.0,valid,1
TX,2026-03,49488.0,valid,1
TX,2026-04,58408.0,valid,0
TX,2026-05,45857.0,valid,2
TX,2026-06,44396.0,valid,0
TX,2026-07,,missing,0
TX,2026-08,,missing,0
TX,2026-09,,missing,0
TX,2026-10,,missing,0
TX,2026-11,,missing,0
TX,2026-12,,missing,0
UT,2004-07,1910.0,valid,0
UT,2004-08,1801.0,valid,0
UT,2004-09,1788.0,valid,0
UT,2004-10,2611.0,valid,0
UT,2004-11,2108.0,valid,0
UT,2004-12,2179.0,valid,0
UT,2005-01,2007.0,valid,1
UT,2005-02,2460.0,valid,0
UT,2005-03,3200.0,valid,0
UT,2005-04,2440.0,valid,1
UT,2005-05,2249.0,valid,0
UT,2005-06,2663.0,valid,1
UT,2005-07,2045.0,valid,0
UT,2005-08,2102.0,valid,1
UT,2005-09,2063.0,valid,0
UT,2005-10,2334.0,valid,0
UT,2005-11,2918.0,valid,0
UT,2005-12,2383.0,valid,0
UT,2006-01,2458.0,valid,0
UT,2006-02,3029.0,valid,0
UT,2006-03,3665.0,valid,0
UT,2006-04,3031.0,valid,0
UT,2006-05,3589.0,valid,0
UT,2006-06,2552.0,valid,0
UT,2006-07,2329.0,valid,0
UT,2006-08,3015.0,valid,0
UT,2006-09,2429.0,valid,0
UT,2006-10,2459.0,valid,0
UT,2006-11,2865.0,valid,0
UT,2006-12,2640.0,valid,0
UT,2007-01,2499.0,valid,0
UT,2007-02,3086.0,valid,0
UT,2007-03,4017.0,valid,0
UT,2007-04,3011.0,valid,0
UT,2007-05,3186.0,valid,0
UT,2007-06,3478.0,valid,1
UT,2007-07,2541.0,valid,2
UT,2007-08,3066.0,valid,0
UT,2007-09,2623.0,valid,0
UT,2007-10,2595.0,valid,0
UT,2007-11,3102.0,valid,0
UT,2007-12,2639.0,valid,0
UT,2008-01,2560.0,valid,0
UT,2008-02,3522.0,valid,0
UT,2008-03,3148.0,valid,0
UT,2008-04,3012.0,valid,0
UT,2008-05,3663.0,valid,0
UT,2008-06,2616.0,valid,0
UT,2008-07,2917.0,valid,0
UT,2008-08,2590.0,valid,0
UT,2008-09,2526.0,valid,0
UT,2008-10,2957.0,valid,0
UT,2008-11,2553.0,valid,0
UT,2008-12,2528.0,valid,0
UT,2009-01,2367.0,valid,0
UT,2009-02,2661.0,valid,0
UT,2009-03,2714.0,valid,0
UT,2009-04,3490.0,valid,0
UT,2009-05,2850.0,valid,0
UT,2009-06,2652.0,valid,0
UT,2009-07,3169.0,valid,1
UT,2009-08,2366.0,valid,0
UT,2009-09,3062.0,valid,0
UT,2009-10,2317.0,valid,0
UT,2009-11,2264.0,valid,0
UT,2009-12,2439.0,valid,0
UT,2010-01,2517.0,valid,0
UT,2010-02,2760.0,valid,0
UT,2010-03,2889.0,valid,0
UT,2010-04,3318.0,valid,0
UT,2010-05,2578.0,valid,0
UT,2010-06,2271.0,valid,0
UT,2010-07,2658.0,valid,0
UT,2010-08,2219.0,valid,0
UT,2010-09,2770.0,valid,1
UT,2010-10,2415.0,valid,0
UT,2010-11,2292.0,valid,0
UT,2010-12,2410.0,valid,1
UT,2011-01,2564.0,valid,0
UT,2011-02,2723.0,valid,0
UT,2011-03,2670.0,valid,0
UT,2011-04,3392.0,valid,1
UT,2011-05,2269.0,valid,0
UT,2011-06,2569.0,valid,0
UT,2011-07,2822.0,valid,0
UT,2011-08,2242.0,valid,0
UT,2011-09,2894.0,valid,0
UT,2011-10,2222.0,valid,0
UT,2011-11,2191.0,valid,1
UT,2011-12,2563.0,valid,0
UT,2012-01,2150.0,valid,0
UT,2012-02,2601.0,valid,0
UT,2012-03,3772.0,valid,0
UT,2012-04,3043.0,valid,0
UT,2012-05,2850.0,valid,0
UT,2012-06,3247.0,valid,4
UT,2012-07,2461.0,valid,1
UT,2012-08,3049.0,valid,0
UT,2012-09,2555.0,valid,1
UT,2012-10,2462.0,valid,0
UT,2012-11,3078.0,valid,0
UT,2012-12,2972.0,valid,0
UT,2013-01,3859.0,valid,0
UT,2013-02,3046.0,valid,0
UT,2013-03,3273.0,valid,0
UT,2013-04,3179.0,valid,0
UT,2013-05,3655.0,valid,0
UT,2013-06,2993.0,valid,0
UT,2013-07,3254.0,valid,0
UT,2013-08,2708.0,valid,1
UT,2013-09,2493.0,valid,0
UT,2013-10,3383.0,valid,0
UT,2013-11,2689.0,valid,0
UT,2013-12,2463.0,valid,0
UT,2014-01,3690.0,valid,0
UT,2014-02,3247.0,valid,0
UT,2014-03,3509.0,valid,0
UT,2014-04,3378.0,valid,0
UT,2014-05,3928.0,valid,0
UT,2014-06,3012.0,valid,0
UT,2014-07,3303.0,valid,1
UT,2014-08,2813.0,valid,0
UT,2014-09,2773.0,valid,0
UT,2014-10,3527.0,valid,0
UT,2014-11,2892.0,valid,0
UT,2014-12,2900.0,valid,0
UT,2015-01,3687.0,valid,0
UT,2015-02,3522.0,valid,0
UT,2015-03,3641.0,valid,0
UT,2015-04,4371.0,valid,0
UT,2015-05,3221.0,valid,0
UT,2015-06,3159.0,valid,0
UT,2015-07,3686.0,valid,0
UT,2015-08,3130.0,valid,0
UT,2015-09,3617.0,valid,0
UT,2015-10,2891.0,valid,0
UT,2015-11,2997.0,valid,0
UT,2015-12,3057.0,valid,0
UT,2016-01,3969.0,valid,0
UT,2016-02,3559.0,valid,0
UT,2016-03,4795.0,valid,0
UT,2016-04,3694.0,valid,0
UT,2016-05,3481.0,valid,0
UT,2016-06,3726.0,valid,1
UT,2016-07,3258.0,valid,0
UT,2016-08,4093.0,valid,0
UT,2016-09,3272.0,valid,0
UT,2016-10,3013.0,valid,0
UT,2016-11,3634.0,valid,0
UT,2016-12,2836.0,valid,0
UT,2017-01,3802.0,valid,0
UT,2017-02,3800.0,valid,1
UT,2017-03,5121.0,valid,0
UT,2017-04,3813.0,valid,0
UT,2017-05,4592.0,valid,0
UT,2017-06,3747.0,valid,1
UT,2017-07,3459.0,valid,0
UT,2017-08,4476.0,valid,0
UT,2017-09,3488.0,valid,1
UT,2017-10,3404.0,valid,0
UT,2017-11,4451.0,valid,0
UT,2017-12,3001.0,valid,0
UT,2018-01,4622.0,valid,0
UT,2018-02,4448.0,valid,0
UT,2018-03,5863.0,valid,0
UT,2018-04,4134.0,valid,0
UT,2018-05,4590.0,valid,0
UT,2018-06,3711.0,valid,0
UT,2018-07,3374.0,valid,1
UT,2018-08,4620.0,valid,1
UT,2018-09,3668.0,valid,1
UT,2018-10,3431.0,valid,0
UT,2018-11,4067.0,valid,0
UT,2018-12,3181.0,valid,0
UT,2019-01,4858.0,valid,0
UT,2019-02,4261.0,valid,0
UT,2019-03,4350.0,valid,0
UT,2019-04,4021.0,valid,0
UT,2019-05,4944.0,valid,0
UT,2019-06,4023.0,valid,0
UT,2019-07,3413.0,valid,0
UT,2019-08,4910.0,valid,1
UT,2019-09,3642.0,valid,0
UT,2019-10,4445.0,valid,0
UT,2019-11,3617.0,valid,0
UT,2019-12,3185.0,valid,0
UT,2020-01,4835.0,valid,2
UT,2020-02,4097.0,valid,0
UT,2020-03,3780.0,valid,1
UT,2020-04,4140.0,valid,0
UT,2020-05,3628.0,valid,0
UT,2020-06,4086.0,valid,2
UT,2020-07,4830.0,valid,1
UT,2020-08,4499.0,valid,0
UT,2020-09,5462.0,valid,2
UT,2020-10,3995.0,valid,0
UT,2020-11,4004.0,valid,0
UT,2020-12,3929.0,valid,0
UT,2021-01,5853.0,valid,0
UT,2021-02,5357.0,valid,0
UT,2021-03,7224.0,valid,0
UT,2021-04,5170.0,valid,0
UT,2021-05,4919.0,valid,0
UT,2021-06,5744.0,valid,2
UT,2021-07,4416.0,valid,0
UT,2021-08,4596.0,valid,1
UT,2021-09,5630.0,valid,0
UT,2021-10,4433.0,valid,0
UT,2021-11,4657.0,valid,0
UT,2021-12,5273.0,valid,0
UT,2022-01,5935.0,valid,0
UT,2022-02,5748.0,valid,0
UT,2022-03,7311.0,valid,0
UT,2022-04,5261.0,valid,0
UT,2022-05,5245.0,valid,0
UT,2022-06,5908.0,valid,0
UT,2022-07,4396.0,valid,0
UT,2022-08,6131.0,valid,0
UT,2022-09,4645.0,valid,0
UT,2022-10,4711.0,valid,0
UT,2022-11,5664.0,valid,0
UT,2022-12,4349.0,valid,0
UT,2023-01,5736.0,valid,0
UT,2023-02,5825.0,valid,0
UT,2023-03,7682.0,valid,0
UT,2023-04,5855.0,valid,0
UT,2023-05,6813.0,valid,1
UT,2023-06,5549.0,valid,0
UT,2023-07,5111.0,valid,0
UT,2023-08,6806.0,valid,0
UT,2023-09,5176.0,valid,0
UT,2023-10,5350.0,valid,0
UT,2023-11,6216.0,valid,0
UT,2023-12,5331.0,valid,0
UT,2024-01,7711.0,valid,0
UT,2024-02,6107.0,valid,0
UT,2024-03,6332.0,valid,0
UT,2024-04,5923.0,valid,0
UT,2024-05,7254.0,valid,0
UT,2024-06,5398.0,valid,0
UT,2024-07,6137.0,valid,1
UT,2024-08,5397.0,valid,0
UT,2024-09,4223.0,valid,0
UT,2024-10,4471.0,valid,0
UT,2024-11,3919.0,valid,0
UT,2024-12,5599.0,valid,0
UT,2025-01,6340.0,valid,0
UT,2025-02,5519.0,valid,0
UT,2025-03,5949.0,valid,0
UT,2025-04,7244.0,valid,0
UT,2025-05,5022.0,valid,0
UT,2025-06,5184.0,valid,1
UT,2025-07,6452.0,valid,2
UT,2025-08,5692.0,valid,0
UT,2025-09,5910.0,valid,0
UT,2025-10,7022.0,valid,0
UT,2025-11,6017.0,valid,0
UT,2025-12,6436.0,valid,0
UT,2026-01,7604.0,valid,0
UT,2026-02,7135.0,valid,0
UT,2026-03,7521.0,valid,0
UT,2026-04,8818.0,valid,0
UT,2026-05,6603.0,valid,0
UT,2026-06,6602.0,valid,3
UT,2026-07,,missing,0
UT,2026-08,,missing,0
UT,2026-09,,missing,0
UT,2026-10,,missing,0
UT,2026-11,,missing,0
UT,2026-12,,missing,0
VA,2004-07,4151.0,valid,0
VA,2004-08,4430.0,valid,1
VA,2004-09,4194.0,valid,1
VA,2004-10,5517.0,valid,0
VA,2004-11,4340.0,valid,0
VA,2004-12,4716.0,valid,0
VA,2005-01,4588.0,valid,0
VA,2005-02,5586.0,valid,0
VA,2005-03,7122.0,valid,0
VA,2005-04,5337.0,valid,0
VA,2005-05,5111.0,valid,0
VA,2005-06,6013.0,valid,0
VA,2005-07,4443.0,valid,0
VA,2005-08,4654.0,valid,1
VA,2005-09,5462.0,valid,0
VA,2005-10,5048.0,valid,0
VA,2005-11,5850.0,valid,0
VA,2005-12,4484.0,valid,0
VA,2006-01,4711.0,valid,0
VA,2006-02,6434.0,valid,0
VA,2006-03,7783.0,valid,0
VA,2006-04,6027.0,valid,1
VA,2006-05,6844.0,valid,0
VA,2006-06,5011.0,valid,1
VA,2006-07,4655.0,valid,0
VA,2006-08,6421.0,valid,1
VA,2006-09,4729.0,valid,0
VA,2006-10,4537.0,valid,0
VA,2006-11,5378.0,valid,0
VA,2006-12,4925.0,valid,0
VA,2007-01,4650.0,valid,0
VA,2007-02,5974.0,valid,0
VA,2007-03,7642.0,valid,0
VA,2007-04,5828.0,valid,0
VA,2007-05,5544.0,valid,0
VA,2007-06,6415.0,valid,0
VA,2007-07,4806.0,valid,0
VA,2007-08,6273.0,valid,0
VA,2007-09,4767.0,valid,0
VA,2007-10,5123.0,valid,0
VA,2007-11,5760.0,valid,0
VA,2007-12,4875.0,valid,0
VA,2008-01,4686.0,valid,0
VA,2008-02,7367.0,valid,0
VA,2008-03,6021.0,valid,0
VA,2008-04,5560.0,valid,0
VA,2008-05,6741.0,valid,0
VA,2008-06,4806.0,valid,0
VA,2008-07,5757.0,valid,0
VA,2008-08,5155.0,valid,0
VA,2008-09,4820.0,valid,0
VA,2008-10,5928.0,valid,0
VA,2008-11,4410.0,valid,0
VA,2008-12,4670.0,valid,0
VA,2009-01,4841.0,valid,0
VA,2009-02,5539.0,valid,0
VA,2009-03,5656.0,valid,0
VA,2009-04,6800.0,valid,0
VA,2009-05,5176.0,valid,0
VA,2009-06,4745.0,valid,0
VA,2009-07,5832.0,valid,0
VA,2009-08,4717.0,valid,0
VA,2009-09,5697.0,valid,0
VA,2009-10,4421.0,valid,0
VA,2009-11,4446.0,valid,1
VA,2009-12,4812.0,valid,1
VA,2010-01,4710.0,valid,0
VA,2010-02,4696.0,valid,1
VA,2010-03,5596.0,valid,0
VA,2010-04,6953.0,valid,0
VA,2010-05,5084.0,valid,0
VA,2010-06,4598.0,valid,0
VA,2010-07,5580.0,valid,0
VA,2010-08,4608.0,valid,0
VA,2010-09,5522.0,valid,0
VA,2010-10,4516.0,valid,0
VA,2010-11,4534.0,valid,0
VA,2010-12,4701.0,valid,0
VA,2011-01,4974.0,valid,0
VA,2011-02,5923.0,valid,2
VA,2011-03,5922.0,valid,0
VA,2011-04,6714.0,valid,0
VA,2011-05,4525.0,valid,0
VA,2011-06,5050.0,valid,0
VA,2011-07,5789.0,valid,0
VA,2011-08,4911.0,valid,3
VA,2011-09,5717.0,valid,1
VA,2011-10,4528.0,valid,0
VA,2011-11,4652.0,valid,0
VA,2011-12,5525.0,valid,0
VA,2012-01,4699.0,valid,0
VA,2012-02,6067.0,valid,0
VA,2012-03,7929.0,valid,0
VA,2012-04,5858.0,valid,0
VA,2012-05,5447.0,valid,0
VA,2012-06,6396.0,valid,1
VA,2012-07,4687.0,valid,0
VA,2012-08,6017.0,valid,0
VA,2012-09,4636.0,valid,0
VA,2012-10,4718.0,valid,2
VA,2012-11,5559.0,valid,0
VA,2012-12,5218.0,valid,0
VA,2013-01,7073.0,valid,0
VA,2013-02,6130.0,valid,0
VA,2013-03,6286.0,valid,0
VA,2013-04,5752.0,valid,0
VA,2013-05,6544.0,valid,0
VA,2013-06,5063.0,valid,0
VA,2013-07,6290.0,valid,0
VA,2013-08,5187.0,valid,0
VA,2013-09,4873.0,valid,0
VA,2013-10,6408.0,valid,0
VA,2013-11,4629.0,valid,0
VA,2013-12,4201.0,valid,0
VA,2014-01,6906.0,valid,0
VA,2014-02,6308.0,valid,0
VA,2014-03,6466.0,valid,0
VA,2014-04,6091.0,valid,0
VA,2014-05,6814.0,valid,0
VA,2014-06,5549.0,valid,0
VA,2014-07,6310.0,valid,0
VA,2014-08,5202.0,valid,0
VA,2014-09,5131.0,valid,0
VA,2014-10,6299.0,valid,0
VA,2014-11,4662.0,valid,0
VA,2014-12,4811.0,valid,0
VA,2015-01,6733.0,valid,0
VA,2015-02,6359.0,valid,0
VA,2015-03,6384.0,valid,0
VA,2015-04,7611.0,valid,0
VA,2015-05,5409.0,valid,0
VA,2015-06,5661.0,valid,0
VA,2015-07,6595.0,valid,0
VA,2015-08,5527.0,valid,0
VA,2015-09,6717.0,valid,0
VA,2015-10,5312.0,valid,0
VA,2015-11,4887.0,valid,0
VA,2015-12,5174.0,valid,0
VA,2016-01,6573.0,valid,1
VA,2016-02,6556.0,valid,0
VA,2016-03,8423.0,valid,0
VA,2016-04,6553.0,valid,0
VA,2016-05,6307.0,valid,0
VA,2016-06,6288.0,valid,0
VA,2016-07,5783.0,valid,0
VA,2016-08,7043.0,valid,0
VA,2016-09,5518.0,valid,0
VA,2016-10,5418.0,valid,1
VA,2016-11,6221.0,valid,0
VA,2016-12,4517.0,valid,0
VA,2017-01,6944.0,valid,0
VA,2017-02,7167.0,valid,0
VA,2017-03,9057.0,valid,0
VA,2017-04,6779.0,valid,0
VA,2017-05,7804.0,valid,0
VA,2017-06,6241.0,valid,0
VA,2017-07,5752.0,valid,0
VA,2017-08,7769.0,valid,0
VA,2017-09,5977.0,valid,0
VA,2017-10,5897.0,valid,0
VA,2017-11,6930.0,valid,0
VA,2017-12,4826.0,valid,0
VA,2018-01,7628.0,valid,0
VA,2018-02,7771.0,valid,0
VA,2018-03,10093.0,valid,0
VA,2018-04,7173.0,valid,0
VA,2018-05,8444.0,valid,0
VA,2018-06,6749.0,valid,0
VA,2018-07,6081.0,valid,0
VA,2018-08,8237.0,valid,0
VA,2018-09,6116.0,valid,2
VA,2018-10,5979.0,valid,1
VA,2018-11,7198.0,valid,0
VA,2018-12,5081.0,valid,0
VA,2019-01,9162.0,valid,0
VA,2019-02,8113.0,valid,0
VA,2019-03,8534.0,valid,0
VA,2019-04,7415.0,valid,0
VA,2019-05,8517.0,valid,0
VA,2019-06,6882.0,valid,0
VA,2019-07,6205.0,valid,0
VA,2019-08,7906.0,valid,0
VA,2019-09,6569.0,valid,0
VA,2019-10,8032.0,valid,0
VA,2019-11,5757.0,valid,0
VA,2019-12,4908.0,valid,0
VA,2020-01,9236.0,valid,2
VA,2020-02,7782.0,valid,0
VA,2020-03,7093.0,valid,0
VA,2020-04,7843.0,valid,0
VA,2020-05,7343.0,valid,0
VA,2020-06,8753.0,valid,0
VA,2020-07,13371.0,valid,0
VA,2020-08,10657.0,valid,0
VA,2020-09,11055.0,valid,0
VA,2020-10,8776.0,valid,0
VA,2020-11,7598.0,valid,0
VA,2020-12,7599.0,valid,0
VA,2021-01,13286.0,valid,0
VA,2021-02,11381.0,valid,1
VA,2021-03,15366.0,valid,0
VA,2021-04,11751.0,valid,0
VA,2021-05,11537.0,valid,0
VA,2021-06,12184.0,valid,0
VA,2021-07,9058.0,valid,0
VA,2021-08,9403.0,valid,1
VA,2021-09,11022.0,valid,0
VA,2021-10,8743.0,valid,0
VA,2021-11,8288.0,valid,0
VA,2021-12,9063.0,valid,0
VA,2022-01,11045.0,valid,1
VA,2022-02,11439.0,valid,0
VA,2022-03,14617.0,valid,0
VA,2022-04,12308.0,valid,0
VA,2022-05,9898.0,valid,0
VA,2022-06,10525.0,valid,0
VA,2022-07,8449.0,valid,1
VA,2022-08,11153.0,valid,0
VA,2022-09,8629.0,valid,0
VA,2022-10,8793.0,valid,0
VA,2022-11,9882.0,valid,0
VA,2022-12,6964.0,valid,0
VA,2023-01,11224.0,valid,0
VA,2023-02,10795.0,valid,0
VA,2023-03,14800.0,valid,0
VA,2023-04,10478.0,valid,0
VA,2023-05,13287.0,valid,0
VA,2023-06,10642.0,valid,0
VA,2023-07,9603.0,valid,0
VA,2023-08,12591.0,valid,0
VA,2023-09,10765.0,valid,0
VA,2023-10,9852.0,valid,0
VA,2023-11,10268.0,valid,0
VA,2023-12,7108.0,valid,0
VA,2024-01,14929.0,valid,0
VA,2024-02,11286.0,valid,0
VA,2024-03,11067.0,valid,0
VA,2024-04,10842.0,valid,0
VA,2024-05,12245.0,valid,0
VA,2024-06,9317.0,valid,0
VA,2024-07,11328.0,valid,0
VA,2024-08,9105.0,valid,0
VA,2024-09,8973.0,valid,2
VA,2024-10,11016.0,valid,0
VA,2024-11,8745.0,valid,0
VA,2024-12,7533.0,valid,0
VA,2025-01,12129.0,valid,0
VA,2025-02,10208.0,valid,1
VA,2025-03,11695.0,valid,0
VA,2025-04,13626.0,valid,0
VA,2025-05,10132.0,valid,0
VA,2025-06,10210.0,valid,0
VA,2025-07,14339.0,valid,0
VA,2025-08,11077.0,valid,0
VA,2025-09,10863.0,valid,0
VA,2025-10,12955.0,valid,0
VA,2025-11,10174.0,valid,0
VA,2025-12,11354.0,valid,0
VA,2026-01,13344.0,valid,1
VA,2026-02,12494.0,valid,0
VA,2026-03,13210.0,valid,0
VA,2026-04,15555.0,valid,0
VA,2026-05,12420.0,valid,0
VA,2026-06,11744.0,valid,0
VA,2026-07,,missing,0
VA,2026-08,,missing,0
VA,2026-09,,missing,0
VA,2026-10,,missing,0
VA,2026-11,,missing,0
VA,2026-12,,missing,0
VT,2004-07,350.0,valid,0
VT,2004-08,354.0,valid,1
VT,2004-09,243.0,valid,0
VT,2004-10,349.0,valid,0
VT,2004-11,311.0,valid,0
VT,2004-12,353.0,valid,0
VT,2005-01,382.0,valid,0
VT,2005-02,398.0,valid,0
VT,2005-03,473.0,valid,0
VT,2005-04,371.0,valid,0
VT,2005-05,410.0,valid,0
VT,2005-06,437.0,valid,0
VT,2005-07,288.0,valid,0
VT,2005-08,317.0,valid,0
VT,2005-09,370.0,valid,0
VT,2005-10,334.0,valid,0
VT,2005-11,396.0,valid,0
VT,2005-12,335.0,valid,0
VT,2006-01,336.0,valid,0
VT,2006-02,442.0,valid,0
VT,2006-03,512.0,valid,0
VT,2006-04,446.0,valid,0
VT,2006-05,506.0,valid,0
VT,2006-06,334.0,valid,0
VT,2006-07,303.0,valid,0
VT,2006-08,385.0,valid,0
VT,2006-09,319.0,valid,0
VT,2006-10,276.0,valid,0
VT,2006-11,349.0,valid,0
VT,2006-12,334.0,valid,0
VT,2007-01,394.0,valid,0
VT,2007-02,385.0,valid,0
VT,2007-03,488.0,valid,0
VT,2007-04,399.0,valid,1
VT,2007-05,399.0,valid,0
VT,2007-06,434.0,valid,0
VT,2007-07,371.0,valid,1
VT,2007-08,373.0,valid,0
VT,2007-09,291.0,valid,0
VT,2007-10,311.0,valid,0
VT,2007-11,355.0,valid,0
VT,2007-12,345.0,valid,0
VT,2008-01,327.0,valid,0
VT,2008-02,474.0,valid,0
VT,2008-03,411.0,valid,0
VT,2008-04,387.0,valid,0
VT,2008-05,465.0,valid,0
VT,2008-06,322.0,valid,1
VT,2008-07,379.0,valid,2
VT,2008-08,303.0,valid,0
VT,2008-09,295.0,valid,0
VT,2008-10,380.0,valid,0
VT,2008-11,269.0,valid,0
VT,2008-12,280.0,valid,1
VT,2009-01,309.0,valid,0
VT,2009-02,318.0,valid,0
VT,2009-03,315.0,valid,0
VT,2009-04,437.0,valid,0
VT,2009-05,340.0,valid,0
VT,2009-06,323.0,valid,0
VT,2009-07,344.0,valid,0
VT,2009-08,281.0,valid,0
VT,2009-09,319.0,valid,0
VT,2009-10,262.0,valid,0
VT,2009-11,267.0,valid,0
VT,2009-12,304.0,valid,0
VT,2010-01,304.0,valid,0
VT,2010-02,387.0,valid,0
VT,2010-03,343.0,valid,0
VT,2010-04,468.0,valid,0
VT,2010-05,370.0,valid,0
VT,2010-06,308.0,valid,0
VT,2010-07,380.0,valid,0
VT,2010-08,253.0,valid,0
VT,2010-09,361.0,valid,0
VT,2010-10,310.0,valid,0
VT,2010-11,288.0,valid,0
VT,2010-12,315.0,valid,1
VT,2011-01,316.0,valid,0
VT,2011-02,344.0,valid,0
VT,2011-03,319.0,valid,0
VT,2011-04,422.0,valid,1
VT,2011-05,312.0,valid,2
VT,2011-06,317.0,valid,0
VT,2011-07,352.0,valid,0
VT,2011-08,307.0,valid,2
VT,2011-09,314.0,valid,0
VT,2011-10,272.0,valid,0
VT,2011-11,278.0,valid,0
VT,2011-12,334.0,valid,0
VT,2012-01,298.0,valid,0
VT,2012-02,363.0,valid,0
VT,2012-03,426.0,valid,0
VT,2012-04,395.0,valid,0
VT,2012-05,363.0,valid,1
VT,2012-06,407.0,valid,0
VT,2012-07,277.0,valid,0
VT,2012-08,356.0,valid,0
VT,2012-09,309.0,valid,0
VT,2012-10,295.0,valid,0
VT,2012-11,308.0,valid,0
VT,2012-12,284.0,valid,0
VT,2013-01,412.0,valid,0
VT,2013-02,280.0,valid,0
VT,2013-03,380.0,valid,0
VT,2013-04,347.0,valid,0
VT,2013-05,374.0,valid,1
VT,2013-06,298.0,valid,1
VT,2013-07,367.0,valid,0
VT,2013-08,286.0,valid,0
VT,2013-09,265.0,valid,0
VT,2013-10,371.0,valid,0
VT,2013-11,237.0,valid,0
VT,2013-12,268.0,valid,1
VT,2014-01,413.0,valid,0
VT,2014-02,369.0,valid,0
VT,2014-03,378.0,valid,0
VT,2014-04,318.0,valid,1
VT,2014-05,365.0,valid,0
VT,2014-06,345.0,valid,0
VT,2014-07,373.0,valid,0
VT,2014-08,307.0,valid,0
VT,2014-09,290.0,valid,0
VT,2014-10,400.0,valid,0
VT,2014-11,305.0,valid,0
VT,2014-12,293.0,valid,1
VT,2015-01,443.0,valid,0
VT,2015-02,348.0,valid,0
VT,2015-03,419.0,valid,0
VT,2015-04,486.0,valid,0
VT,2015-05,356.0,valid,0
VT,2015-06,353.0,valid,1
VT,2015-07,409.0,valid,0
VT,2015-08,286.0,valid,0
VT,2015-09,419.0,valid,0
VT,2015-10,343.0,valid,0
VT,2015-11,312.0,valid,0
VT,2015-12,329.0,valid,0
VT,2016-01,463.0,valid,0
VT,2016-02,407.0,valid,0
VT,2016-03,539.0,valid,0
VT,2016-04,400.0,valid,0
VT,2016-05,391.0,valid,0
VT,2016-06,409.0,valid,0
VT,2016-07,321.0,valid,0
VT,2016-08,408.0,valid,0
VT,2016-09,333.0,valid,0
VT,2016-10,265.0,valid,0
VT,2016-11,365.0,valid,0
VT,2016-12,279.0,valid,0
VT,2017-01,413.0,valid,0
VT,2017-02,402.0,valid,0
VT,2017-03,503.0,valid,0
VT,2017-04,419.0,valid,0
VT,2017-05,568.0,valid,0
VT,2017-06,433.0,valid,1
VT,2017-07,382.0,valid,0
VT,2017-08,538.0,valid,0
VT,2017-09,395.0,valid,0
VT,2017-10,405.0,valid,1
VT,2017-11,449.0,valid,0
VT,2017-12,418.0,valid,0
VT,2018-01,544.0,valid,0
VT,2018-02,559.0,valid,0
VT,2018-03,792.0,valid,0
VT,2018-04,597.0,valid,0
VT,2018-05,663.0,valid,1
VT,2018-06,587.0,valid,0
VT,2018-07,514.0,valid,0
VT,2018-08,634.0,valid,0
VT,2018-09,364.0,valid,0
VT,2018-10,354.0,valid,0
VT,2018-11,571.0,valid,0
VT,2018-12,429.0,valid,0
VT,2019-01,661.0,valid,0
VT,2019-02,563.0,valid,0
VT,2019-03,634.0,valid,0
VT,2019-04,493.0,valid,1
VT,2019-05,502.0,valid,0
VT,2019-06,421.0,valid,0
VT,2019-07,380.0,valid,0
VT,2019-08,441.0,valid,0
VT,2019-09,355.0,valid,0
VT,2019-10,435.0,valid,1
VT,2019-11,343.0,valid,0
VT,2019-12,342.0,valid,0
VT,2020-01,612.0,valid,2
VT,2020-02,447.0,valid,0
VT,2020-03,386.0,valid,0
VT,2020-04,425.0,valid,0
VT,2020-05,367.0,valid,0
VT,2020-06,495.0,valid,0
VT,2020-07,612.0,valid,0
VT,2020-08,473.0,valid,0
VT,2020-09,565.0,valid,0
VT,2020-10,452.0,valid,0
VT,2020-11,388.0,valid,0
VT,2020-12,414.0,valid,0
VT,2021-01,689.0,valid,0
VT,2021-02,557.0,valid,0
VT,2021-03,814.0,valid,0
VT,2021-04,559.0,valid,0
VT,2021-05,547.0,valid,0
VT,2021-06,596.0,valid,0
VT,2021-07,682.0,valid,1
VT,2021-08,595.0,valid,1
VT,2021-09,615.0,valid,0
VT,2021-10,442.0,valid,0
VT,2021-11,458.0,valid,0
VT,2021-12,612.0,valid,0
VT,2022-01,662.0,valid,0
VT,2022-02,590.0,valid,0
VT,2022-03,875.0,valid,0
VT,2022-04,713.0,valid,0
VT,2022-05,644.0,valid,0
VT,2022-06,655.0,valid,0
VT,2022-07,517.0,valid,0
VT,2022-08,622.0,valid,0
VT,2022-09,535.0,valid,0
VT,2022-10,454.0,valid,0
VT,2022-11,608.0,valid,0
VT,2022-12,423.0,valid,1
VT,2023-01,712.0,valid,0
VT,2023-02,657.0,valid,0
VT,2023-03,861.0,valid,0
VT,2023-04,659.0,valid,0
VT,2023-05,765.0,valid,0
VT,2023-06,576.0,valid,0
VT,2023-07,542.0,valid,2
VT,2023-08,663.0,valid,1
VT,2023-09,496.0,valid,0
VT,2023-10,491.0,valid,0
VT,2023-11,639.0,valid,0
VT,2023-12,420.0,valid,1
VT,2024-01,835.0,valid,1
VT,2024-02,597.0,valid,0
VT,2024-03,674.0,valid,0
VT,2024-04,638.0,valid,0
VT,2024-05,686.0,valid,0
VT,2024-06,620.0,valid,0
VT,2024-07,658.0,valid,2
VT,2024-08,523.0,valid,2
VT,2024-09,514.0,valid,0
VT,2024-10,631.0,valid,0
VT,2024-11,462.0,valid,0
VT,2024-12,457.0,valid,0
VT,2025-01,767.0,valid,0
VT,2025-02,583.0,valid,0
VT,2025-03,706.0,valid,0
VT,2025-04,825.0,valid,0
VT,2025-05,624.0,valid,0
VT,2025-06,569.0,valid,0
VT,2025-07,660.0,valid,0
VT,2025-08,495.0,valid,0
VT,2025-09,565.0,valid,0
VT,2025-10,726.0,valid,0
VT,2025-11,487.0,valid,0
VT,2025-12,568.0,valid,0
VT,2026-01,763.0,valid,0
VT,2026-02,670.0,valid,0
VT,2026-03,790.0,valid,0
VT,2026-04,960.0,valid,0
VT,2026-05,748.0,valid,0
VT,2026-06,744.0,valid,0
VT,2026-07,,missing,0
VT,2026-08,,missing,0
VT,2026-09,,missing,0
VT,2026-10,,missing,0
VT,2026-11,,missing,0
VT,2026-12,,missing,0
WA,2004-07,3213.0,valid,3
WA,2004-08,3166.0,valid,2
WA,2004-09,2961.0,valid,0
WA,2004-10,3890.0,valid,0
WA,2004-11,3375.0,valid,0
WA,2004-12,3955.0,valid,0
WA,2005-01,3685.0,valid,0
WA,2005-02,4303.0,valid,0
WA,2005-03,5286.0,valid,0
WA,2005-04,4178.0,valid,0
WA,2005-05,3806.0,valid,0
WA,2005-06,4761.0,valid,0
WA,2005-07,3592.0,valid,1
WA,2005-08,3779.0,valid,2
WA,2005-09,3443.0,valid,0
WA,2005-10,3780.0,valid,0
WA,2005-11,4859.0,valid,0
WA,2005-12,3927.0,valid,0
WA,2006-01,3923.0,valid,1
WA,2006-02,4796.0,valid,0
WA,2006-03,5771.0,valid,0
WA,2006-04,4563.0,valid,0
WA,2006-05,5433.0,valid,0
WA,2006-06,4022.0,valid,0
WA,2006-07,3720.0,valid,0
WA,2006-08,4803.0,valid,2
WA,2006-09,3443.0,valid,1
WA,2006-10,3513.0,valid,0
WA,2006-11,4007.0,valid,1
WA,2006-12,3815.0,valid,1
WA,2007-01,3648.0,valid,0
WA,2007-02,4836.0,valid,0
WA,2007-03,5964.0,valid,0
WA,2007-04,4698.0,valid,0
WA,2007-05,4495.0,valid,0
WA,2007-06,5305.0,valid,0
WA,2007-07,3744.0,valid,2
WA,2007-08,4617.0,valid,0
WA,2007-09,3712.0,valid,1
WA,2007-10,3958.0,valid,0
WA,2007-11,4401.0,valid,0
WA,2007-12,3871.0,valid,1
WA,2008-01,3530.0,valid,0
WA,2008-02,5644.0,valid,0
WA,2008-03,4894.0,valid,0
WA,2008-04,4464.0,valid,0
WA,2008-05,5218.0,valid,0
WA,2008-06,3852.0,valid,0
WA,2008-07,4335.0,valid,2
WA,2008-08,3655.0,valid,0
WA,2008-09,3499.0,valid,0
WA,2008-10,4247.0,valid,0
WA,2008-11,3314.0,valid,0
WA,2008-12,3401.0,valid,1
WA,2009-01,3512.0,valid,1
WA,2009-02,3920.0,valid,0
WA,2009-03,3961.0,valid,0
WA,2009-04,4728.0,valid,0
WA,2009-05,3672.0,valid,0
WA,2009-06,3360.0,valid,0
WA,2009-07,4184.0,valid,1
WA,2009-08,3240.0,valid,2
WA,2009-09,4009.0,valid,0
WA,2009-10,3340.0,valid,0
WA,2009-11,3312.0,valid,0
WA,2009-12,3805.0,valid,0
WA,2010-01,3518.0,valid,0
WA,2010-02,4023.0,valid,0
WA,2010-03,4174.0,valid,0
WA,2010-04,5064.0,valid,0
WA,2010-05,3841.0,valid,0
WA,2010-06,3723.0,valid,0
WA,2010-07,4220.0,valid,1
WA,2010-08,3122.0,valid,1
WA,2010-09,4133.0,valid,0
WA,2010-10,3549.0,valid,0
WA,2010-11,3474.0,valid,0
WA,2010-12,3759.0,valid,0
WA,2011-01,4031.0,valid,1
WA,2011-02,4837.0,valid,0
WA,2011-03,4189.0,valid,0
WA,2011-04,5173.0,valid,0
WA,2011-05,3329.0,valid,0
WA,2011-06,3948.0,valid,0
WA,2011-07,4431.0,valid,0
WA,2011-08,3401.0,valid,0
WA,2011-09,4142.0,valid,1
WA,2011-10,3180.0,valid,0
WA,2011-11,3422.0,valid,0
WA,2011-12,4227.0,valid,0
WA,2012-01,3156.0,valid,1
WA,2012-02,4242.0,valid,0
WA,2012-03,5529.0,valid,0
WA,2012-04,4256.0,valid,0
WA,2012-05,3917.0,valid,0
WA,2012-06,4662.0,valid,0
WA,2012-07,3217.0,valid,1
WA,2012-08,4154.0,valid,1
WA,2012-09,3100.0,valid,7
WA,2012-10,3490.0,valid,0
WA,2012-11,3941.0,valid,0
WA,2012-12,3928.0,valid,0
WA,2013-01,4965.0,valid,0
WA,2013-02,4158.0,valid,0
WA,2013-03,4283.0,valid,0
WA,2013-04,4165.0,valid,0
WA,2013-05,4435.0,valid,0
WA,2013-06,3776.0,valid,0
WA,2013-07,4353.0,valid,1
WA,2013-08,3578.0,valid,2
WA,2013-09,3205.0,valid,0
WA,2013-10,4437.0,valid,0
WA,2013-11,3521.0,valid,0
WA,2013-12,3623.0,valid,0
WA,2014-01,5144.0,valid,0
WA,2014-02,4362.0,valid,0
WA,2014-03,4497.0,valid,2
WA,2014-04,4124.0,valid,0
WA,2014-05,4998.0,valid,0
WA,2014-06,3960.0,valid,0
WA,2014-07,4437.0,valid,8
WA,2014-08,3588.0,valid,2
WA,2014-09,3457.0,valid,0
WA,2014-10,4533.0,valid,0
WA,2014-11,3517.0,valid,0
WA,2014-12,3721.0,valid,0
WA,2015-01,4795.0,valid,0
WA,2015-02,4544.0,valid,0
WA,2015-03,4871.0,valid,0
WA,2015-04,5786.0,valid,0
WA,2015-05,4270.0,valid,0
WA,2015-06,4168.0,valid,1
WA,2015-07,4892.0,valid,1
WA,2015-08,3850.0,valid,12
WA,2015-09,4867.0,valid,1
WA,2015-10,3911.0,valid,0
WA,2015-11,3525.0,valid,1
WA,2015-12,4025.0,valid,1
WA,2016-01,4990.0,valid,0
WA,2016-02,4842.0,valid,0
WA,2016-03,6067.0,valid,0
WA,2016-04,4609.0,valid,0
WA,2016-05,4481.0,valid,0
WA,2016-06,5161.0,valid,0
WA,2016-07,4640.0,valid,1
WA,2016-08,5580.0,valid,3
WA,2016-09,4455.0,valid,0
WA,2016-10,4573.0,valid,0
WA,2016-11,4835.0,valid,0
WA,2016-12,3654.0,valid,0
WA,2017-01,4944.0,valid,1
WA,2017-02,5117.0,valid,0
WA,2017-03,6731.0,valid,0
WA,2017-04,5270.0,valid,0
WA,2017-05,6263.0,valid,1
WA,2017-06,5046.0,valid,1
WA,2017-07,4453.0,valid,0
WA,2017-08,5798.0,valid,0
WA,2017-09,4562.0,valid,1
WA,2017-10,4585.0,valid,0
WA,2017-11,5281.0,valid,0
WA,2017-12,4068.0,valid,0
WA,2018-01,6341.0,valid,0
WA,2018-02,5960.0,valid,0
WA,2018-03,7634.0,valid,0
WA,2018-04,5840.0,valid,0
WA,2018-05,6909.0,valid,1
WA,2018-06,5242.0,valid,0
WA,2018-07,4875.0,valid,4
WA,2018-08,6215.0,valid,5
WA,2018-09,4971.0,valid,0
WA,2018-10,4992.0,valid,0
WA,2018-11,5672.0,valid,0
WA,2018-12,4376.0,valid,1
WA,2019-01,6777.0,valid,0
WA,2019-02,5664.0,valid,0
WA,2019-03,6349.0,valid,0
WA,2019-04,5579.0,valid,0
WA,2019-05,6779.0,valid,0
WA,2019-06,5793.0,valid,0
WA,2019-07,5144.0,valid,0
WA,2019-08,6684.0,valid,0
WA,2019-09,5382.0,valid,0
WA,2019-10,6528.0,valid,0
WA,2019-11,4865.0,valid,0
WA,2019-12,4851.0,valid,0
WA,2020-01,7316.0,valid,4
WA,2020-02,6470.0,valid,0
WA,2020-03,5626.0,valid,0
WA,2020-04,5726.0,valid,0
WA,2020-05,5183.0,valid,0
WA,2020-06,5755.0,valid,0
WA,2020-07,8367.0,valid,2
WA,2020-08,6891.0,valid,2
WA,2020-09,7451.0,valid,7
WA,2020-10,6363.0,valid,0
WA,2020-11,5562.0,valid,0
WA,2020-12,5664.0,valid,1
WA,2021-01,8093.0,valid,0
WA,2021-02,7609.0,valid,0
WA,2021-03,10259.0,valid,0
WA,2021-04,7656.0,valid,0
WA,2021-05,7807.0,valid,0
WA,2021-06,8706.0,valid,0
WA,2021-07,6480.0,valid,5
WA,2021-08,6731.0,valid,4
WA,2021-09,8707.0,valid,0
WA,2021-10,6879.0,valid,0
WA,2021-11,6665.0,valid,1
WA,2021-12,6999.0,valid,1
WA,2022-01,8120.0,valid,0
WA,2022-02,8548.0,valid,0
WA,2022-03,9610.0,valid,0
WA,2022-04,7520.0,valid,0
WA,2022-05,7387.0,valid,0
WA,2022-06,7112.0,valid,0
WA,2022-07,6583.0,valid,0
WA,2022-08,8573.0,valid,1
WA,2022-09,6671.0,valid,1
WA,2022-10,6377.0,valid,1
WA,2022-11,7155.0,valid,1
WA,2022-12,5283.0,valid,0
WA,2023-01,6746.0,valid,0
WA,2023-02,8273.0,valid,0
WA,2023-03,10587.0,valid,0
WA,2023-04,8606.0,valid,0
WA,2023-05,10544.0,valid,0
WA,2023-06,7690.0,valid,0
WA,2023-07,7342.0,valid,5
WA,2023-08,9599.0,valid,3
WA,2023-09,7350.0,valid,0
WA,2023-10,7405.0,valid,0
WA,2023-11,7732.0,valid,0
WA,2023-12,5636.0,valid,0
WA,2024-01,11085.0,valid,1
WA,2024-02,8161.0,valid,0
WA,2024-03,8915.0,valid,0
WA,2024-04,8569.0,valid,0
WA,2024-05,9687.0,valid,0
WA,2024-06,7685.0,valid,2
WA,2024-07,9047.0,valid,4
WA,2024-08,7581.0,valid,0
WA,2024-09,7133.0,valid,0
WA,2024-10,9533.0,valid,0
WA,2024-11,13014.0,valid,0
WA,2024-12,10132.0,valid,0
WA,2025-01,17806.0,valid,0
WA,2025-02,15359.0,valid,0
WA,2025-03,18579.0,valid,0
WA,2025-04,15650.0,valid,0
WA,2025-05,10968.0,valid,0
WA,2025-06,8566.0,valid,0
WA,2025-07,11408.0,valid,1
WA,2025-08,8029.0,valid,0
WA,2025-09,8622.0,valid,1
WA,2025-10,9982.0,valid,0
WA,2025-11,8413.0,valid,0
WA,2025-12,8814.0,valid,2
WA,2026-01,9884.0,valid,0
WA,2026-02,9324.0,valid,0
WA,2026-03,11222.0,valid,0
WA,2026-04,12855.0,valid,0
WA,2026-05,9753.0,valid,0
WA,2026-06,9333.0,valid,1
WA,2026-07,,missing,0
WA,2026-08,,missing,0
WA,2026-09,,missing,0
WA,2026-10,,missing,0
WA,2026-11,,missing,0
WA,2026-12,,missing,0
WI,2004-07,2740.0,valid,0
WI,2004-08,2383.0,valid,0
WI,2004-09,2419.0,valid,0
WI,2004-10,3176.0,valid,0
WI,2004-11,2641.0,valid,0
WI,2004-12,2999.0,valid,0
WI,2005-01,2829.0,valid,0
WI,2005-02,3342.0,valid,0
WI,2005-03,4303.0,valid,0
WI,2005-04,3279.0,valid,0
WI,2005-05,3264.0,valid,0
WI,2005-06,3432.0,valid,0
WI,2005-07,2571.0,valid,0
WI,2005-08,2703.0,valid,1
WI,2005-09,2598.0,valid,0
WI,2005-10,2973.0,valid,0
WI,2005-11,3483.0,valid,0
WI,2005-12,2774.0,valid,0
WI,2006-01,2996.0,valid,0
WI,2006-02,3622.0,valid,0
WI,2006-03,4212.0,valid,0
WI,2006-04,3352.0,valid,0
WI,2006-05,4100.0,valid,0
WI,2006-06,2818.0,valid,0
WI,2006-07,2538.0,valid,0
WI,2006-08,3261.0,valid,0
WI,2006-09,2585.0,valid,0
WI,2006-10,2552.0,valid,0
WI,2006-11,2930.0,valid,0
WI,2006-12,2764.0,valid,0
WI,2007-01,2879.0,valid,0
WI,2007-02,3413.0,valid,0
WI,2007-03,4117.0,valid,0
WI,2007-04,3091.0,valid,0
WI,2007-05,3126.0,valid,0
WI,2007-06,3416.0,valid,0
WI,2007-07,2629.0,valid,0
WI,2007-08,3299.0,valid,1
WI,2007-09,2678.0,valid,0
WI,2007-10,2776.0,valid,0
WI,2007-11,3082.0,valid,0
WI,2007-12,2826.0,valid,0
WI,2008-01,2877.0,valid,0
WI,2008-02,4027.0,valid,1
WI,2008-03,3475.0,valid,0
WI,2008-04,3367.0,valid,0
WI,2008-05,3825.0,valid,0
WI,2008-06,2752.0,valid,1
WI,2008-07,3049.0,valid,0
WI,2008-08,2774.0,valid,0
WI,2008-09,2705.0,valid,0
WI,2008-10,3222.0,valid,0
WI,2008-11,2593.0,valid,0
WI,2008-12,2600.0,valid,0
WI,2009-01,2869.0,valid,0
WI,2009-02,3188.0,valid,0
WI,2009-03,3057.0,valid,0
WI,2009-04,3968.0,valid,0
WI,2009-05,2886.0,valid,0
WI,2009-06,2517.0,valid,0
WI,2009-07,3066.0,valid,0
WI,2009-08,2490.0,valid,0
WI,2009-09,3035.0,valid,0
WI,2009-10,2497.0,valid,0
WI,2009-11,2502.0,valid,0
WI,2009-12,2823.0,valid,0
WI,2010-01,2993.0,valid,0
WI,2010-02,3371.0,valid,0
WI,2010-03,3322.0,valid,0
WI,2010-04,4024.0,valid,0
WI,2010-05,3081.0,valid,0
WI,2010-06,2646.0,valid,0
WI,2010-07,3251.0,valid,1
WI,2010-08,2473.0,valid,0
WI,2010-09,3244.0,valid,1
WI,2010-10,2634.0,valid,0
WI,2010-11,2551.0,valid,0
WI,2010-12,2935.0,valid,0
WI,2011-01,3168.0,valid,1
WI,2011-02,3150.0,valid,0
WI,2011-03,3206.0,valid,0
WI,2011-04,3977.0,valid,0
WI,2011-05,2525.0,valid,0
WI,2011-06,2885.0,valid,0
WI,2011-07,3214.0,valid,0
WI,2011-08,2576.0,valid,0
WI,2011-09,2983.0,valid,0
WI,2011-10,2483.0,valid,0
WI,2011-11,2602.0,valid,0
WI,2011-12,3245.0,valid,0
WI,2012-01,2814.0,valid,0
WI,2012-02,3330.0,valid,0
WI,2012-03,4146.0,valid,0
WI,2012-04,3158.0,valid,0
WI,2012-05,3119.0,valid,0
WI,2012-06,3298.0,valid,1
WI,2012-07,2308.0,valid,0
WI,2012-08,3072.0,valid,0
WI,2012-09,2355.0,valid,0
WI,2012-10,2450.0,valid,0
WI,2012-11,2913.0,valid,0
WI,2012-12,3019.0,valid,0
WI,2013-01,3807.0,valid,0
WI,2013-02,3059.0,valid,0
WI,2013-03,3315.0,valid,0
WI,2013-04,3114.0,valid,0
WI,2013-05,3512.0,valid,0
WI,2013-06,2687.0,valid,1
WI,2013-07,3017.0,valid,0
WI,2013-08,2663.0,valid,0
WI,2013-09,2405.0,valid,0
WI,2013-10,3176.0,valid,0
WI,2013-11,2343.0,valid,0
WI,2013-12,2370.0,valid,0
WI,2014-01,3570.0,valid,0
WI,2014-02,3229.0,valid,0
WI,2014-03,3245.0,valid,0
WI,2014-04,3111.0,valid,0
WI,2014-05,3700.0,valid,0
WI,2014-06,2815.0,valid,0
WI,2014-07,3112.0,valid,0
WI,2014-08,2557.0,valid,0
WI,2014-09,2569.0,valid,0
WI,2014-10,3210.0,valid,0
WI,2014-11,2286.0,valid,0
WI,2014-12,2610.0,valid,0
WI,2015-01,3738.0,valid,0
WI,2015-02,3221.0,valid,0
WI,2015-03,3351.0,valid,0
WI,2015-04,4119.0,valid,0
WI,2015-05,2782.0,valid,0
WI,2015-06,2835.0,valid,0
WI,2015-07,3254.0,valid,0
WI,2015-08,2758.0,valid,0
WI,2015-09,3250.0,valid,0
WI,2015-10,2576.0,valid,0
WI,2015-11,2496.0,valid,0
WI,2015-12,2790.0,valid,0
WI,2016-01,3655.0,valid,0
WI,2016-02,3202.0,valid,0
WI,2016-03,4122.0,valid,0
WI,2016-04,3194.0,valid,0
WI,2016-05,3226.0,valid,0
WI,2016-06,3196.0,valid,0
WI,2016-07,2806.0,valid,1
WI,2016-08,3308.0,valid,0
WI,2016-09,2739.0,valid,1
WI,2016-10,2683.0,valid,0
WI,2016-11,3050.0,valid,0
WI,2016-12,2347.0,valid,0
WI,2017-01,3596.0,valid,0
WI,2017-02,3600.0,valid,0
WI,2017-03,4724.0,valid,0
WI,2017-04,3386.0,valid,0
WI,2017-05,4093.0,valid,0
WI,2017-06,3011.0,valid,0
WI,2017-07,2907.0,valid,1
WI,2017-08,3809.0,valid,0
WI,2017-09,2833.0,valid,0
WI,2017-10,2902.0,valid,0
WI,2017-11,3577.0,valid,0
WI,2017-12,2690.0,valid,0
WI,2018-01,4175.0,valid,0
WI,2018-02,4176.0,valid,0
WI,2018-03,5238.0,valid,0
WI,2018-04,3935.0,valid,0
WI,2018-05,4458.0,valid,0
WI,2018-06,3564.0,valid,1
WI,2018-07,3112.0,valid,0
WI,2018-08,4128.0,valid,1
WI,2018-09,3157.0,valid,0
WI,2018-10,2968.0,valid,0
WI,2018-11,3676.0,valid,0
WI,2018-12,2833.0,valid,0
WI,2019-01,4698.0,valid,0
WI,2019-02,3799.0,valid,0
WI,2019-03,4154.0,valid,0
WI,2019-04,3917.0,valid,0
WI,2019-05,4387.0,valid,0
WI,2019-06,3320.0,valid,0
WI,2019-07,2764.0,valid,1
WI,2019-08,4006.0,valid,0
WI,2019-09,3123.0,valid,0
WI,2019-10,3911.0,valid,0
WI,2019-11,2890.0,valid,0
WI,2019-12,2820.0,valid,0
WI,2020-01,4682.0,valid,3
WI,2020-02,3804.0,valid,0
WI,2020-03,3455.0,valid,0
WI,2020-04,4004.0,valid,0
WI,2020-05,3783.0,valid,0
WI,2020-06,4198.0,valid,0
WI,2020-07,7082.0,valid,0
WI,2020-08,4734.0,valid,0
WI,2020-09,5359.0,valid,0
WI,2020-10,4218.0,valid,0
WI,2020-11,3644.0,valid,0
WI,2020-12,3883.0,valid,0
WI,2021-01,6407.0,valid,0
WI,2021-02,5291.0,valid,0
WI,2021-03,7690.0,valid,0
WI,2021-04,6403.0,valid,0
WI,2021-05,5538.0,valid,0
WI,2021-06,6016.0,valid,0
WI,2021-07,4155.0,valid,0
WI,2021-08,4495.0,valid,0
WI,2021-09,5476.0,valid,0
WI,2021-10,4566.0,valid,0
WI,2021-11,4331.0,valid,0
WI,2021-12,4870.0,valid,0
WI,2022-01,5835.0,valid,0
WI,2022-02,5516.0,valid,0
WI,2022-03,7248.0,valid,0
WI,2022-04,6133.0,valid,0
WI,2022-05,5391.0,valid,0
WI,2022-06,5695.0,valid,0
WI,2022-07,4390.0,valid,0
WI,2022-08,5815.0,valid,0
WI,2022-09,4625.0,valid,0
WI,2022-10,4616.0,valid,0
WI,2022-11,5203.0,valid,0
WI,2022-12,3959.0,valid,0
WI,2023-01,5656.0,valid,0
WI,2023-02,5643.0,valid,0
WI,2023-03,7377.0,valid,0
WI,2023-04,5513.0,valid,0
WI,2023-05,6671.0,valid,0
WI,2023-06,5045.0,valid,0
WI,2023-07,4805.0,valid,0
WI,2023-08,5996.0,valid,0
WI,2023-09,4713.0,valid,0
WI,2023-10,4731.0,valid,0
WI,2023-11,5254.0,valid,0
WI,2023-12,3889.0,valid,0
WI,2024-01,7210.0,valid,0
WI,2024-02,5510.0,valid,0
WI,2024-03,6427.0,valid,0
WI,2024-04,5123.0,valid,0
WI,2024-05,6001.0,valid,0
WI,2024-06,4643.0,valid,0
WI,2024-07,5271.0,valid,0
WI,2024-08,4506.0,valid,0
WI,2024-09,4322.0,valid,0
WI,2024-10,5339.0,valid,0
WI,2024-11,4001.0,valid,0
WI,2024-12,3765.0,valid,0
WI,2025-01,5959.0,valid,0
WI,2025-02,5125.0,valid,0
WI,2025-03,5819.0,valid,0
WI,2025-04,7127.0,valid,0
WI,2025-05,5128.0,valid,0
WI,2025-06,5162.0,valid,0
WI,2025-07,5976.0,valid,0
WI,2025-08,5502.0,valid,1
WI,2025-09,6269.0,valid,0
WI,2025-10,7051.0,valid,0
WI,2025-11,6537.0,valid,0
WI,2025-12,5820.0,valid,0
WI,2026-01,7608.0,valid,0
WI,2026-02,6087.0,valid,0
WI,2026-03,6472.0,valid,0
WI,2026-04,8317.0,valid,1
WI,2026-05,5969.0,valid,0
WI,2026-06,5555.0,valid,0
WI,2026-07,,missing,0
WI,2026-08,,missing,0
WI,2026-09,,missing,0
WI,2026-10,,missing,0
WI,2026-11,,missing,0
WI,2026-12,,missing,0
WV,2004-07,677.0,valid,1
WV,2004-08,654.0,valid,0
WV,2004-09,593.0,valid,1
WV,2004-10,771.0,valid,0
WV,2004-11,586.0,valid,0
WV,2004-12,593.0,valid,0
WV,2005-01,652.0,valid,1
WV,2005-02,763.0,valid,0
WV,2005-03,1037.0,valid,0
WV,2005-04,756.0,valid,0
WV,2005-05,774.0,valid,0
WV,2005-06,935.0,valid,0
WV,2005-07,670.0,valid,0
WV,2005-08,631.0,valid,1
WV,2005-09,710.0,valid,0
WV,2005-10,743.0,valid,0
WV,2005-11,816.0,valid,0
WV,2005-12,596.0,valid,0
WV,2006-01,679.0,valid,0
WV,2006-02,865.0,valid,0
WV,2006-03,1086.0,valid,0
WV,2006-04,804.0,valid,0
WV,2006-05,991.0,valid,0
WV,2006-06,712.0,valid,0
WV,2006-07,720.0,valid,0
WV,2006-08,853.0,valid,0
WV,2006-09,674.0,valid,0
WV,2006-10,659.0,valid,0
WV,2006-11,704.0,valid,0
WV,2006-12,636.0,valid,0
WV,2007-01,623.0,valid,0
WV,2007-02,774.0,valid,0
WV,2007-03,988.0,valid,0
WV,2007-04,766.0,valid,1
WV,2007-05,741.0,valid,0
WV,2007-06,849.0,valid,0
WV,2007-07,751.0,valid,0
WV,2007-08,890.0,valid,0
WV,2007-09,675.0,valid,0
WV,2007-10,730.0,valid,0
WV,2007-11,847.0,valid,0
WV,2007-12,674.0,valid,0
WV,2008-01,685.0,valid,0
WV,2008-02,1018.0,valid,0
WV,2008-03,909.0,valid,0
WV,2008-04,751.0,valid,0
WV,2008-05,954.0,valid,0
WV,2008-06,597.0,valid,1
WV,2008-07,843.0,valid,0
WV,2008-08,720.0,valid,0
WV,2008-09,681.0,valid,0
WV,2008-10,775.0,valid,0
WV,2008-11,574.0,valid,0
WV,2008-12,574.0,valid,0
WV,2009-01,609.0,valid,0
WV,2009-02,661.0,valid,0
WV,2009-03,736.0,valid,0
WV,2009-04,871.0,valid,0
WV,2009-05,630.0,valid,1
WV,2009-06,685.0,valid,0
WV,2009-07,746.0,valid,0
WV,2009-08,640.0,valid,0
WV,2009-09,726.0,valid,0
WV,2009-10,566.0,valid,0
WV,2009-11,540.0,valid,0
WV,2009-12,571.0,valid,1
WV,2010-01,587.0,valid,0
WV,2010-02,649.0,valid,1
WV,2010-03,714.0,valid,1
WV,2010-04,917.0,valid,0
WV,2010-05,693.0,valid,0
WV,2010-06,652.0,valid,1
WV,2010-07,800.0,valid,0
WV,2010-08,600.0,valid,0
WV,2010-09,769.0,valid,0
WV,2010-10,627.0,valid,0
WV,2010-11,639.0,valid,0
WV,2010-12,582.0,valid,0
WV,2011-01,627.0,valid,0
WV,2011-02,737.0,valid,0
WV,2011-03,763.0,valid,0
WV,2011-04,807.0,valid,0
WV,2011-05,572.0,valid,0
WV,2011-06,629.0,valid,0
WV,2011-07,807.0,valid,0
WV,2011-08,608.0,valid,0
WV,2011-09,705.0,valid,0
WV,2011-10,569.0,valid,0
WV,2011-11,651.0,valid,0
WV,2011-12,667.0,valid,0
WV,2012-01,580.0,valid,0
WV,2012-02,867.0,valid,1
WV,2012-03,946.0,valid,1
WV,2012-04,760.0,valid,0
WV,2012-05,733.0,valid,0
WV,2012-06,836.0,valid,2
WV,2012-07,582.0,valid,0
WV,2012-08,752.0,valid,0
WV,2012-09,619.0,valid,0
WV,2012-10,600.0,valid,2
WV,2012-11,635.0,valid,0
WV,2012-12,605.0,valid,0
WV,2013-01,844.0,valid,0
WV,2013-02,707.0,valid,0
WV,2013-03,734.0,valid,0
WV,2013-04,738.0,valid,0
WV,2013-05,792.0,valid,0
WV,2013-06,604.0,valid,1
WV,2013-07,758.0,valid,0
WV,2013-08,637.0,valid,0
WV,2013-09,590.0,valid,0
WV,2013-10,780.0,valid,0
WV,2013-11,554.0,valid,0
WV,2013-12,484.0,valid,0
WV,2014-01,826.0,valid,1
WV,2014-02,739.0,valid,0
WV,2014-03,756.0,valid,0
WV,2014-04,722.0,valid,0
WV,2014-05,846.0,valid,0
WV,2014-06,742.0,valid,0
WV,2014-07,795.0,valid,0
WV,2014-08,683.0,valid,0
WV,2014-09,622.0,valid,0
WV,2014-10,761.0,valid,0
WV,2014-11,540.0,valid,0
WV,2014-12,546.0,valid,0
WV,2015-01,820.0,valid,0
WV,2015-02,736.0,valid,0
WV,2015-03,716.0,valid,1
WV,2015-04,923.0,valid,3
WV,2015-05,635.0,valid,0
WV,2015-06,661.0,valid,0
WV,2015-07,796.0,valid,1
WV,2015-08,659.0,valid,0
WV,2015-09,812.0,valid,0
WV,2015-10,641.0,valid,0
WV,2015-11,532.0,valid,0
WV,2015-12,645.0,valid,0
WV,2016-01,846.0,valid,0
WV,2016-02,891.0,valid,0
WV,2016-03,1085.0,valid,0
WV,2016-04,791.0,valid,0
WV,2016-05,823.0,valid,0
WV,2016-06,836.0,valid,1
WV,2016-07,695.0,valid,0
WV,2016-08,858.0,valid,0
WV,2016-09,632.0,valid,0
WV,2016-10,620.0,valid,0
WV,2016-11,745.0,valid,0
WV,2016-12,465.0,valid,0
WV,2017-01,844.0,valid,0
WV,2017-02,908.0,valid,0
WV,2017-03,1130.0,valid,0
WV,2017-04,795.0,valid,0
WV,2017-05,1053.0,valid,0
WV,2017-06,874.0,valid,0
WV,2017-07,779.0,valid,1
WV,2017-08,925.0,valid,0
WV,2017-09,730.0,valid,0
WV,2017-10,717.0,valid,0
WV,2017-11,818.0,valid,0
WV,2017-12,637.0,valid,0
WV,2018-01,986.0,valid,0
WV,2018-02,1021.0,valid,1
WV,2018-03,1346.0,valid,0
WV,2018-04,980.0,valid,0
WV,2018-05,1200.0,valid,1
WV,2018-06,852.0,valid,0
WV,2018-07,868.0,valid,0
WV,2018-08,1105.0,valid,0
WV,2018-09,678.0,valid,0
WV,2018-10,659.0,valid,0
WV,2018-11,903.0,valid,0
WV,2018-12,622.0,valid,0
WV,2019-01,1111.0,valid,0
WV,2019-02,976.0,valid,0
WV,2019-03,1018.0,valid,0
WV,2019-04,761.0,valid,0
WV,2019-05,949.0,valid,0
WV,2019-06,743.0,valid,1
WV,2019-07,684.0,valid,0
WV,2019-08,955.0,valid,0
WV,2019-09,729.0,valid,0
WV,2019-10,848.0,valid,0
WV,2019-11,601.0,valid,0
WV,2019-12,580.0,valid,0
WV,2020-01,1135.0,valid,2
WV,2020-02,975.0,valid,0
WV,2020-03,756.0,valid,0
WV,2020-04,798.0,valid,0
WV,2020-05,750.0,valid,0
WV,2020-06,904.0,valid,0
WV,2020-07,1108.0,valid,0
WV,2020-08,1040.0,valid,0
WV,2020-09,1143.0,valid,0
WV,2020-10,861.0,valid,0
WV,2020-11,796.0,valid,0
WV,2020-12,648.0,valid,0
WV,2021-01,1162.0,valid,0
WV,2021-02,1085.0,valid,2
WV,2021-03,1499.0,valid,0
WV,2021-04,1272.0,valid,0
WV,2021-05,1142.0,valid,0
WV,2021-06,1308.0,valid,0
WV,2021-07,962.0,valid,0
WV,2021-08,989.0,valid,0
WV,2021-09,1167.0,valid,0
WV,2021-10,880.0,valid,0
WV,2021-11,859.0,valid,0
WV,2021-12,955.0,valid,0
WV,2022-01,1197.0,valid,0
WV,2022-02,1348.0,valid,0
WV,2022-03,1671.0,valid,0
WV,2022-04,1148.0,valid,0
WV,2022-05,1105.0,valid,0
WV,2022-06,1306.0,valid,0
WV,2022-07,1021.0,valid,1
WV,2022-08,1212.0,valid,1
WV,2022-09,1017.0,valid,0
WV,2022-10,921.0,valid,0
WV,2022-11,1128.0,valid,0
WV,2022-12,734.0,valid,0
WV,2023-01,1337.0,valid,0
WV,2023-02,1291.0,valid,0
WV,2023-03,1801.0,valid,0
WV,2023-04,1203.0,valid,0
WV,2023-05,1523.0,valid,0
WV,2023-06,1193.0,valid,0
WV,2023-07,1236.0,valid,0
WV,2023-08,1528.0,valid,1
WV,2023-09,1148.0,valid,0
WV,2023-10,1039.0,valid,0
WV,2023-11,1185.0,valid,0
WV,2023-12,771.0,valid,0
WV,2024-01,1630.0,valid,0
WV,2024-02,1582.0,valid,0
WV,2024-03,1584.0,valid,0
WV,2024-04,1185.0,valid,2
WV,2024-05,1481.0,valid,0
WV,2024-06,1084.0,valid,0
WV,2024-07,1322.0,valid,0
WV,2024-08,1120.0,valid,0
WV,2024-09,1077.0,valid,1
WV,2024-10,1322.0,valid,0
WV,2024-11,966.0,valid,0
WV,2024-12,814.0,valid,0
WV,2025-01,1321.0,valid,0
WV,2025-02,1305.0,valid,1
WV,2025-03,1461.0,valid,0
WV,2025-04,1818.0,valid,0
WV,2025-05,1294.0,valid,0
WV,2025-06,1260.0,valid,1
WV,2025-07,1731.0,valid,0
WV,2025-08,1189.0,valid,0
WV,2025-09,1158.0,valid,0
WV,2025-10,1377.0,valid,0
WV,2025-11,1125.0,valid,0
WV,2025-12,1348.0,valid,0
WV,2026-01,1576.0,valid,1
WV,2026-02,1638.0,valid,0
WV,2026-03,1759.0,valid,0
WV,2026-04,2097.0,valid,0
WV,2026-05,1647.0,valid,0
WV,2026-06,1560.0,valid,0
WV,2026-07,,missing,0
WV,2026-08,,missing,0
WV,2026-09,,missing,0
WV,2026-10,,missing,0
WV,2026-11,,missing,0
WV,2026-12,,missing,0
WY,2004-07,364.0,valid,0
WY,2004-08,366.0,valid,0
WY,2004-09,336.0,valid,0
WY,2004-10,455.0,valid,0
WY,2004-11,404.0,valid,0
WY,2004-12,428.0,valid,0
WY,2005-01,388.0,valid,0
WY,2005-02,454.0,valid,0
WY,2005-03,567.0,valid,0
WY,2005-04,457.0,valid,0
WY,2005-05,431.0,valid,0
WY,2005-06,571.0,valid,0
WY,2005-07,341.0,valid,0
WY,2005-08,393.0,valid,1
WY,2005-09,357.0,valid,0
WY,2005-10,489.0,valid,0
WY,2005-11,586.0,valid,0
WY,2005-12,397.0,valid,0
WY,2006-01,439.0,valid,0
WY,2006-02,497.0,valid,0
WY,2006-03,720.0,valid,0
WY,2006-04,581.0,valid,0
WY,2006-05,636.0,valid,0
WY,2006-06,472.0,valid,0
WY,2006-07,415.0,valid,1
WY,2006-08,530.0,valid,1
WY,2006-09,462.0,valid,0
WY,2006-10,400.0,valid,0
WY,2006-11,510.0,valid,0
WY,2006-12,422.0,valid,0
WY,2007-01,457.0,valid,0
WY,2007-02,561.0,valid,0
WY,2007-03,738.0,valid,0
WY,2007-04,518.0,valid,0
WY,2007-05,583.0,valid,0
WY,2007-06,649.0,valid,0
WY,2007-07,416.0,valid,0
WY,2007-08,522.0,valid,1
WY,2007-09,450.0,valid,0
WY,2007-10,486.0,valid,0
WY,2007-11,568.0,valid,0
WY,2007-12,501.0,valid,0
WY,2008-01,614.0,valid,0
WY,2008-02,803.0,valid,0
WY,2008-03,698.0,valid,0
WY,2008-04,762.0,valid,0
WY,2008-05,937.0,valid,0
WY,2008-06,649.0,valid,0
WY,2008-07,730.0,valid,0
WY,2008-08,539.0,valid,0
WY,2008-09,478.0,valid,0
WY,2008-10,655.0,valid,0
WY,2008-11,525.0,valid,0
WY,2008-12,542.0,valid,0
WY,2009-01,548.0,valid,0
WY,2009-02,592.0,valid,0
WY,2009-03,642.0,valid,0
WY,2009-04,779.0,valid,0
WY,2009-05,636.0,valid,0
WY,2009-06,532.0,valid,0
WY,2009-07,651.0,valid,0
WY,2009-08,489.0,valid,0
WY,2009-09,596.0,valid,0
WY,2009-10,484.0,valid,0
WY,2009-11,458.0,valid,0
WY,2009-12,525.0,valid,0
WY,2010-01,556.0,valid,0
WY,2010-02,661.0,valid,0
WY,2010-03,665.0,valid,0
WY,2010-04,815.0,valid,0
WY,2010-05,677.0,valid,0
WY,2010-06,539.0,valid,1
WY,2010-07,629.0,valid,0
WY,2010-08,565.0,valid,0
WY,2010-09,705.0,valid,0
WY,2010-10,590.0,valid,0
WY,2010-11,574.0,valid,0
WY,2010-12,569.0,valid,0
WY,2011-01,633.0,valid,0
WY,2011-02,699.0,valid,0
WY,2011-03,685.0,valid,0
WY,2011-04,801.0,valid,0
WY,2011-05,564.0,valid,1
WY,2011-06,621.0,valid,0
WY,2011-07,728.0,valid,0
WY,2011-08,544.0,valid,0
WY,2011-09,882.0,valid,0
WY,2011-10,487.0,valid,0
WY,2011-11,543.0,valid,0
WY,2011-12,652.0,valid,0
WY,2012-01,527.0,valid,0
WY,2012-02,668.0,valid,0
WY,2012-03,940.0,valid,0
WY,2012-04,700.0,valid,0
WY,2012-05,639.0,valid,0
WY,2012-06,776.0,valid,1
WY,2012-07,524.0,valid,2
WY,2012-08,678.0,valid,0
WY,2012-09,552.0,valid,1
WY,2012-10,508.0,valid,0
WY,2012-11,675.0,valid,0
WY,2012-12,727.0,valid,0
WY,2013-01,824.0,valid,0
WY,2013-02,723.0,valid,0
WY,2013-03,684.0,valid,0
WY,2013-04,685.0,valid,0
WY,2013-05,800.0,valid,0
WY,2013-06,671.0,valid,0
WY,2013-07,701.0,valid,0
WY,2013-08,731.0,valid,0
WY,2013-09,661.0,valid,0
WY,2013-10,740.0,valid,0
WY,2013-11,594.0,valid,0
WY,2013-12,588.0,valid,0
WY,2014-01,847.0,valid,0
WY,2014-02,705.0,valid,0
WY,2014-03,772.0,valid,0
WY,2014-04,731.0,valid,0
WY,2014-05,874.0,valid,0
WY,2014-06,712.0,valid,0
WY,2014-07,842.0,valid,0
WY,2014-08,660.0,valid,0
WY,2014-09,632.0,valid,0
WY,2014-10,784.0,valid,0
WY,2014-11,607.0,valid,0
WY,2014-12,709.0,valid,0
WY,2015-01,816.0,valid,0
WY,2015-02,767.0,valid,0
WY,2015-03,880.0,valid,0
WY,2015-04,953.0,valid,0
WY,2015-05,677.0,valid,1
WY,2015-06,714.0,valid,0
WY,2015-07,889.0,valid,0
WY,2015-08,727.0,valid,0
WY,2015-09,919.0,valid,0
WY,2015-10,813.0,valid,1
WY,2015-11,728.0,valid,0
WY,2015-12,849.0,valid,0
WY,2016-01,949.0,valid,0
WY,2016-02,972.0,valid,0
WY,2016-03,1361.0,valid,0
WY,2016-04,1082.0,valid,0
WY,2016-05,1151.0,valid,0
WY,2016-06,1174.0,valid,0
WY,2016-07,1082.0,valid,2
WY,2016-08,1414.0,valid,0
WY,2016-09,1084.0,valid,0
WY,2016-10,1102.0,valid,0
WY,2016-11,1405.0,valid,0
WY,2016-12,1073.0,valid,0
WY,2017-01,1471.0,valid,0
WY,2017-02,1334.0,valid,1
WY,2017-03,1872.0,valid,0
WY,2017-04,1381.0,valid,0
WY,2017-05,1591.0,valid,0
WY,2017-06,1346.0,valid,1
WY,2017-07,1206.0,valid,0
WY,2017-08,1611.0,valid,0
WY,2017-09,1466.0,valid,0
WY,2017-10,1251.0,valid,0
WY,2017-11,1861.0,valid,0
WY,2017-12,1280.0,valid,0
WY,2018-01,1704.0,valid,0
WY,2018-02,1599.0,valid,0
WY,2018-03,2234.0,valid,0
WY,2018-04,1753.0,valid,0
WY,2018-05,2001.0,valid,0
WY,2018-06,1798.0,valid,1
WY,2018-07,1457.0,valid,0
WY,2018-08,1813.0,valid,0
WY,2018-09,1322.0,valid,1
WY,2018-10,1286.0,valid,0
WY,2018-11,1761.0,valid,0
WY,2018-12,1293.0,valid,0
WY,2019-01,1848.0,valid,0
WY,2019-02,1764.0,valid,0
WY,2019-03,1666.0,valid,0
WY,2019-04,1499.0,valid,0
WY,2019-05,1909.0,valid,0
WY,2019-06,1481.0,valid,0
WY,2019-07,1448.0,valid,0
WY,2019-08,1776.0,valid,0
WY,2019-09,1506.0,valid,0
WY,2019-10,1835.0,valid,0
WY,2019-11,1441.0,valid,0
WY,2019-12,1490.0,valid,0
WY,2020-01,2186.0,valid,2
WY,2020-02,1924.0,valid,0
WY,2020-03,1751.0,valid,0
WY,2020-04,2059.0,valid,0
WY,2020-05,1714.0,valid,0
WY,2020-06,2056.0,valid,0
WY,2020-07,2957.0,valid,0
WY,2020-08,2328.0,valid,0
WY,2020-09,2743.0,valid,2
WY,2020-10,2135.0,valid,0
WY,2020-11,1970.0,valid,0
WY,2020-12,2060.0,valid,0
WY,2021-01,2706.0,valid,0
WY,2021-02,2760.0,valid,0
WY,2021-03,3657.0,valid,0
WY,2021-04,3098.0,valid,0
WY,2021-05,2981.0,valid,0
WY,2021-06,3571.0,valid,0
WY,2021-07,2501.0,valid,0
WY,2021-08,2679.0,valid,0
WY,2021-09,3461.0,valid,0
WY,2021-10,2753.0,valid,0
WY,2021-11,2936.0,valid,0
WY,2021-12,3088.0,valid,0
WY,2022-01,3416.0,valid,0
WY,2022-02,3391.0,valid,0
WY,2022-03,4600.0,valid,0
WY,2022-04,3406.0,valid,0
WY,2022-05,3285.0,valid,0
WY,2022-06,4082.0,valid,0
WY,2022-07,3322.0,valid,0
WY,2022-08,4440.0,valid,0
WY,2022-09,3749.0,valid,0
WY,2022-10,3755.0,valid,0
WY,2022-11,4471.0,valid,0
WY,2022-12,3438.0,valid,0
WY,2023-01,4110.0,valid,0
WY,2023-02,4716.0,valid,0
WY,2023-03,6225.0,valid,0
WY,2023-04,5021.0,valid,0
WY,2023-05,5896.0,valid,0
WY,2023-06,4780.0,valid,1
WY,2023-07,4845.0,valid,0
WY,2023-08,6362.0,valid,0
WY,2023-09,4819.0,valid,0
WY,2023-10,5052.0,valid,0
WY,2023-11,6202.0,valid,0
WY,2023-12,4394.0,valid,0
WY,2024-01,7375.0,valid,0
WY,2024-02,5321.0,valid,0
WY,2024-03,5625.0,valid,1
WY,2024-04,5221.0,valid,0
WY,2024-05,5905.0,valid,0
WY,2024-06,4948.0,valid,0
WY,2024-07,5824.0,valid,1
WY,2024-08,5018.0,valid,2
WY,2024-09,4724.0,valid,1
WY,2024-10,5777.0,valid,0
WY,2024-11,4182.0,valid,0
WY,2024-12,4524.0,valid,0
WY,2025-01,6188.0,valid,0
WY,2025-02,6180.0,valid,0
WY,2025-03,6813.0,valid,0
WY,2025-04,8306.0,valid,0
WY,2025-05,5953.0,valid,0
WY,2025-06,6067.0,valid,0
WY,2025-07,7151.0,valid,0
WY,2025-08,6280.0,valid,1
WY,2025-09,5911.0,valid,0
WY,2025-10,7264.0,valid,0
WY,2025-11,6140.0,valid,0
WY,2025-12,6770.0,valid,0
WY,2026-01,7295.0,valid,0
WY,2026-02,7291.0,valid,0
WY,2026-03,7247.0,valid,0
WY,2026-04,9036.0,valid,0
WY,2026-05,6797.0,valid,0
WY,2026-06,6986.0,valid,0
WY,2026-07,,missing,0
WY,2026-08,,missing,0
WY,2026-09,,missing,0
WY,2026-10,,missing,0
WY,2026-11,,missing,0
WY,2026-12,,missing,0
